datetime,city,state,country,shape,duration (seconds),duration (hours/min),comments,date posted,latitude,longitude,archive_id
05/01/2026 07:50,HAMILTON TOWNSHIP,NJ,USA,Egg,,,"Silver egg/circle UFO floated for minutes, then shot upward and seemed to camouflage into the sky.",05/01/2026,40.2113211,-74.6858335,
05/01/2026 22:05,CUGNAUX,Occitanie,France,Unknown,,,A diffused light followed by a line of little bright dots flew slowly above our heads.,05/01/2026,43.5365192,1.3454426,
05/01/2026 22:18,CASA GRANDE,AZ,USA,Unknown,,,"Flashing red and green lights in sky, object not moving. Suddenly zipped off to the left at a high speed.",05/01/2026,32.8772834,-111.7536818,
05/01/2026 22:50,PINSON,TN,USA,Orb,,,"Bright green orb fell straight to ground from clouds at a constant, fast speed (lasted for 1-3 seconds)",05/02/2026,35.4900756,-88.7206103,
05/02/2026 05:00,HENRICO,VA,USA,Formation,,,Strange location and appearance of a large square or rectangular shaped light.,05/02/2026,37.5131191,-77.3465081,
05/01/2026 22:01,FRANKFURT AM MAIN,Hessen,Germany,Unknown,,,A blurred orb in front of a line of light,05/02/2026,50.1106444,8.6820917,
05/02/2026 03:26,PHILADELPHIA,PA,USA,Triangle,,,It made zero noise.  I saw the tip come over the house followed by two more lights.,05/02/2026,39.9527237,-75.1635262,
05/01/2026 19:40,PORTSMOUTH,VA,USA,Cigar,,,Metal cylinder shaped object that kept moving west and east with a white vapor tail,05/02/2026,36.8320081,-76.297699,
05/02/2026 18:10,DALLAS,TX,USA,Triangle,,,I believe I saw a triangle leave the atmosphere,05/02/2026,32.7762719,-96.7968559,
05/02/2026 20:12,FAIRBURY,IL,USA,Changing,,,Looking mostly west from residence,05/02/2026,40.7472566,-88.5147789,
05/02/2026 19:30,PROVO,UT,USA,Oval,,,Me and my friend Henri where about 20 feet away from eachother and all of the sudden a violent gust of wind flys above us Henri saw it.,05/02/2026,40.2337289,-111.6587085,
05/02/2026 19:01,BLACKSBURG,VA,USA,Orb,,,"A big black orb floating in the sky. Windy day, but object would appear to hover then continue movement in alternating directions",05/02/2026,37.2296566,-80.4136767,
05/03/2026 23:30,REED CITY,MI,USA,Light,,,A light moving at changing speeds not in a linear direction as a satellite,05/02/2026,43.875017,-85.51005,
05/02/2026 22:01,MENIFEE,CA,USA,Fireball,,,Thought it was a shooting star but never changed color and changed direction with a clear fire trail behind it.,05/02/2026,33.6863987,-117.1778599,
05/03/2026 04:00,GRAND FORKS,ND,USA,Unknown,,,White light crossing night sky followed by smaller white light,05/03/2026,47.9252104,-97.0306325,
05/02/2026 02:30,BRANDENBURG,KY,USA,Cigar,,,I was heading back to work from the 5star down the road and spotted it pulsing watched it until it was directly overtop of me,05/03/2026,37.9989592,-86.1694143,
05/03/2026 09:40,PIONEERTOWN,CA,USA,Sphere,,,Large transparent reflective sphere moving slowly. Witnessed for 3 seconds then it disappeared.,05/03/2026,34.188048,-116.5018348,
05/01/2026 15:30,HUDSON FALLS,NY,USA,Cube,,,Big black object came out of the clouds and stayed stationary,05/03/2026,43.300697,-73.586082,
05/03/2026 12:47,ST. PETERS,MO,USA,Other,,,Cylindrical rotating slowly. No wings. Extremely shiny metal that brightly reflected sun. Reflection appears like a light.,05/03/2026,38.791612,-90.5958468,
05/03/2026 16:15,GREYBULL,WY,USA,Orb,,,Path was north to south. I thought it was changing direction. Went behind a branch and then lost it,05/03/2026,44.488924,-108.0554209,
05/03/2026 22:16,MYRTLE BEACH,SC,USA,Light,,,Dual-Light (Non-Strobing) Single Airborne Object/Craft,05/03/2026,33.6956461,-78.8900409,
05/03/2026 20:15,OPELOUSAS,LA,USA,Cube,,,Unidentified object returns nightly at sunset and stays between 400 and 600 feet and drifts around the property before leaving.,05/03/2026,30.5335302,-92.081509,
05/03/2026 21:40,KIEL,WI,USA,Orb,,,Green orbs darting around in the sky too fast for any aircraft following in trail,05/03/2026,43.912493,-88.0356515,
05/03/2026 22:01,DANVILLE,VA,USA,Orb,,,"It was stationary until I looked at it, then quickly moved across the big dipper - diagonal line up to the right, shrank and was gone",05/03/2026,36.5879877,-79.3916713,
05/03/2026 09:00,LOUISVILLE,KY,USA,Cube,,,"Appeared as 3 glowing cube-shaped sections side-by-side with no gaps, forming one long rectangle.",05/03/2026,38.2542376,-85.759407,
05/03/2026 23:00,WEST TAMARACK,MI,USA,Orb,,,"Visible in sky the night prior. Was in same spot this evening. Began to move, then vanish.",05/03/2026,47.2574252,-88.4759507,
05/03/2026 17:59,GRESHAM,OR,USA,Orb,,,Coming from the north to the S/SE. I was thinking of whatever was up there when it appeared having seen it before.,05/03/2026,45.4978623,-122.4329883,
05/02/2026 00:00,OAK PARK,MI,USA,Sphere,,,"The craft has defined sides and edges in the first image, then a longer tube shape",05/03/2026,42.4595317,-83.1821445,
05/01/2026 00:30,MARTINSVILLE,VA,USA,Disk,,,Me and my cousin were coming down starling Ave and all of a sudden Roger said what's that ?! There in the sky was a round metallic disc,05/04/2026,36.6915262,-79.8725386,
05/03/2026 09:53,BRISTOL,TN,USA,Light,,,A long string of white lights moving kinda slow across the sky,05/04/2026,36.5945034,-82.1885212,
05/02/2026 12:20,CRAWFORD,CO,USA,Triangle,,,The triangle came overhead slowly with light on each tip the sped away.,05/04/2026,38.7039227,-107.6094669,
05/03/2026 22:15,PORT ANGELES,WA,USA,CIrcle,,,"Clear sky, light moved fast, larger than a satellite, lower altitude, moved erratically, seemed to be jumping from place to place.",05/04/2026,48.118146,-123.430741,
05/04/2026 14:00,SARATOGA SPRINGS,UT,USA,Formation,,,3 giant white ping pong balls orbiting each other in a perfect equilateral triangle. Crossed the entire valley in seconds - no trails,05/04/2026,40.3862792,-111.9130188,
05/05/2026 19:00,KECAMATAN LUBUK SIKAPING,Sumatera Barat,Indonesia,Light,,,"Single white light hovering near mountain, blinking completely off and erratically, moving horizontally, then vanished.",05/05/2026,,,
05/03/2026 12:36,AUBURN,WA,USA,Cigar,,,"Cylinder object, super weird movement going 2x the speed of a airplane, it was spinning and such, froze, turned dark and shot up",05/05/2026,47.3075369,-122.2301808,
05/02/2026 18:39,CARSON CITY,NV,USA,Sphere,,,For dark hexagon shaped objects flying over my yard south from Reno over Carson and then made a sharp left as if heading towards Dayton,05/05/2026,39.1663259,-119.7670374,
05/06/2026 23:59,MEDFORD,MA,USA,Flash,,,"Single white pinpoint flash, instantaneous, no repeat, no navigation lights, stationary origin point",05/05/2026,42.4184296,-71.1061639,
05/05/2026 21:00,OCEANSIDE,CA,USA,Light,,,Bright flashing red light flying back and forth (north and south) above the ocean. Then it flew north out of view.,05/05/2026,33.1958696,-117.379483,
05/05/2026 22:27,PRINCE GEORGE,BC,Canada,Triangle,,,A bright yellow light. Was moving very slow and looked like it was hidden behind cloud.,05/05/2026,53.9128645,-122.7453699,
05/06/2026 02:00,SOCORRO,NM,USA,Light,,,Sometimes 3 at a time fading and reappearing at different spots 20 to 30° above north horizon,05/06/2026,34.0572858,-106.8930799,
05/01/2026 22:01,TURENNE,Nouvelle-Aquitaine,France,Cigar,,,The security camera took a short video of 2 objects following each other,05/06/2026,45.053482,1.5814221,
05/06/2026 04:32,PHOENIX,AZ,USA,Light,,,It seemed to be rotating clockwise with no alert pulse like a plane just light,05/06/2026,33.4484367,-112.074141,
05/06/2026 22:30,SWANSEA,MA,USA,Light,,,It was brighter then the sun in my front yard,05/06/2026,41.7481575,-71.1897684,
05/01/2026 20:06,CHECACUPE,Cusco,Peru,Light,,,"Constant sighting in a rural area of ​​Cusco, Peru",05/06/2026,-13.9793182,-70.9289154,
05/05/2026 22:14,SAN BERNARDINO,CA,USA,Orb,,,Witness and video recorded a orb flying low and being trailed/escorted by a single blackhawk military helicopter.,05/06/2026,34.8253019,-116.0833144,
05/07/2026 12:31,BELLBROOK,New South Wales,Australia,Triangle,,,"Very high altitude, below upper thin white cloud layer, perfect equilateral triangle, no reflection, mat black",05/06/2026,-30.8183573,152.5092147,
05/06/2026 19:36,SPIRIT LAKE,ID,USA,Other,,,"Pewter colored craft with window panels and projectiles sticking out in several directions, looked like a bagel with a doughnut on top",05/07/2026,47.9662924,-116.868531,
05/06/2026 23:20,SEDONA,AZ,USA,Orb,,,"Saw several 1-ft lights 5–6 ft off ground near Sedona/Cottonwood; one shot ~100 ft upward instantly, nearly causing a crash.",05/07/2026,34.8688613,-111.7614394,
05/07/2026 04:58,EDMOND,OK,USA,Other,,,I thought it was a large bird like owl at first. Then I noticed it was higher in the sky . No noise and just floated,05/07/2026,35.6571367,-97.4649038,
05/07/2026 19:50,WOODENBONG,New South Wales,Australia,Light,,,Numerous lights were observed to be emerging from the region immediately around and within Orions Belt in the western sky until it set.,05/07/2026,-28.3913455,152.6120214,
05/07/2026 23:00,ISMAILLI,,Azerbaijan,Fireball,,,I saw something strange in the night sky..,05/07/2026,40.788056,48.1485653,
05/07/2026 19:25,STANFORD,KY,USA,Unknown,,,Unknown shape it was to shiny and reflective to see the exact shape it was there and then vanished quickly,05/07/2026,37.5311646,-84.6618876,
05/04/2026 22:30,STANFORD,MD,USA,Oval,,,"At dusk, an oval object with two star-like lights moved west to east, then vanished where aircraft details should’ve been visible.",05/07/2026,38.6398745,-76.9150809,
05/07/2026 20:45,BRONXVILLE,NY,USA,Flash,,,Flashing white lights in a rotating manner right above the trees,05/07/2026,40.9381544,-73.8320784,
05/07/2026 21:35,ARNOLD,MO,USA,Star,,,Saw what I thought was a star but it started moving towards a stationary star. once it was close they both left together,05/07/2026,38.4226711,-90.3758287,
05/04/2026 20:30,ÁLVAREZ,Santa Fe,Argentina,Other,,,"Invisible, transparent, without visible structure, in the shape of two pyramids joined at their bases, flat tips. Movement outside of p",05/08/2026,-33.1305513,-60.8021185,
05/07/2026 20:38,VAIL,AZ,USA,Light,,,"2 lights in close proximity, moving very fast with no sound",05/08/2026,32.0100705,-110.6975281,
05/07/2026 17:35,TROY,NY,USA,Triangle,,,2 triangle shaped craft hover then shoot away,05/08/2026,42.7284117,-73.6917878,
05/06/2026 01:35,MONTEREY,CA,USA,Orb,,,"Bright orbs appearing & disappearing. Moving slowly, not in a line, appeared & disappeared in multiple locations",05/08/2026,36.2231079,-121.387742,
05/03/2026 21:48,TABOR CITY,NC,USA,Rectangle,,,Immediately after starlink train passed I saw a square shaped light moving erratically,05/08/2026,34.1487804,-78.8766916,
05/08/2026 21:15,BERLIN,NH,USA,Fireball,,,"From my front yard, observed a bright light cranking across the sky heading north toward Canada",05/08/2026,44.4696602,-71.1810703,
05/08/2026 20:52,WALLINGFORD,VT,USA,CIrcle,,,"Saw a craft that resembles what would be the same shape as Saturn, seemed like a goldfish, yellow glowing light was circling around it",05/08/2026,43.4717502,-72.9771002,
05/08/2026 23:00,PORT HURON,MI,USA,Light,,,One larger circle light or object plus three smaller ones that flew in a triangle,05/08/2026,42.9760854,-82.4333742,
05/08/2026 20:45,MARTINSBURG,WV,USA,CIrcle,,,"Group of 4-5 heading from East to West, somewhat clustered, followed by 2 more individual orange balls spaced about 1 min apart.",05/09/2026,39.4562528,-77.9639604,
05/09/2026 02:39,COEUR D'ALENE,ID,USA,Oval,,,"Started as a star before showing full form, did a lazy C curve before flashing back cross the sky and disappearing suddenly",05/09/2026,47.6742994,-116.7811531,
05/09/2026 21:44,MINTURNO,Lazio,Italy,Sphere,,,"Looking northwest, the sphere was going south, and changed direction to southeast.",05/09/2026,41.2629744,13.7465219,
05/05/2026 22:27,QUALICUM BEACH,BC,Canada,Triangle,,,Large white glowing triangle shape floating low in the sky,05/09/2026,49.3479861,-124.4439409,
05/10/2026 01:12,GIETHOORN,Overijssel,Netherlands,Star,,,It was a nice night tour when all off a sudden a big bang was heard and a tiny gray star looking thing came blasting low over the water,05/09/2026,52.741105,6.077431,
05/07/2026 12:51,FENCE LAKE,NM,USA,Orb,,,Objects appeared in 2 separate photographs of a total of 7 shot,05/09/2026,34.6533761,-108.6778522,
05/10/2026 00:39,LONDON,England,United Kingdom,Chevron,,,The shape looked similar to a normal car shape that we would think of. Main body was black and was lighting bright with yellow glare.,05/09/2026,51.5074456,-0.1277653,
05/09/2026 21:33,LEXINGTON,KY,USA,CIrcle,,,About 10 to 15 moving in formation stopping and going back. No airplane that I know does that.,05/09/2026,38.0464066,-84.4970393,
05/09/2026 20:00,LAWRENCEBURG,TN,USA,Cigar,,,Craft or drone was cigar shaped very hard to see color of it. There were white lights on each end of it. It was traveling very fast.,05/09/2026,35.2423023,-87.3347389,
05/09/2026 20:30,BATESVILLE,MS,USA,Unknown,,,Long fast arc then disappeared,05/09/2026,34.316488,-89.9527108,
05/10/2026 00:12,WHITEHALL,OH,USA,Cigar,,,"2 silver tubes with green blue light coming from end, flew 60 feet off ground,traveled over Defense Logistics Agency then over Whitehal",05/09/2026,39.9667308,-82.8854559,
05/09/2026 21:32,MCLEAN,SK,Canada,Light,,,Not normal movement of any planes or helicopters. Craft seemed to stop and continue and move side to side suddenly,05/09/2026,50.5168271,-104.0686492,
05/09/2026 21:25,SHELBYVILLE,KY,USA,CIrcle,,,Large circular craft(s) estimated 750 ft off ground,05/09/2026,38.2110702,-85.217294,
05/09/2026 00:20,SAN MARCOS,TX,USA,Orb,,,It was seen moving fast through the sky and would disappear fast and then come back and also was splitting and changing colors,05/09/2026,29.8826436,-97.9405828,
05/10/2026 02:30,WILLISTON,ND,USA,Light,,,I went to take out the family dog. I had looked up and seen what at first seemed like two stars. Then they started moving.,05/10/2026,48.1465457,-103.621814,
05/10/2026 10:30,PONTEFRACT,England,United Kingdom,Other,,,Went to my window to look outside beacuse it's nice and there was this silver craft shot off into the blue sky,05/10/2026,53.6917422,-1.3105722,
05/09/2026 22:32,DESTIN,FL,USA,Orb,,,3-4 red orbs in triangular formation in sky,05/10/2026,30.3935337,-86.4957834,
05/03/2026 12:30,FEDERAL WAY,WA,USA,Oval,,,"Cylinder object, super weird movement going 2x that of a plane, it was spinning and wobbling, froze turned dark and shot up",05/10/2026,47.313494,-122.33931,
05/09/2026 13:44,GRIDLEY,CA,USA,CIrcle,,,Was ordering lunch at the iceberg in Gridley california. Looked over in the sky towards Casa Lupe saw metallic disc in the air moving,05/10/2026,39.3637773,-121.693583,
05/10/2026 21:37,,SC,USA,Unknown,,,It was a small but mostly wide and large if seen from closer it was a non terrestrial object pointing its light at me and then left,05/10/2026,33.6874388,-80.4363743,
05/09/2026 23:00,ZANESVILLE,OH,USA,Disk,,,"Silent house-sized bell disc, flat bottom, domed top, square cap, single top light, 8 rotating lights in triangle flash pattern, ~1mph,",05/10/2026,39.9401426,-82.005019,
05/11/2026 02:04,SURREY,BC,Canada,Triangle,,,Large black triangle UAP flying low over city. No sound and no lights.,05/11/2026,49.1913033,-122.849143,
05/11/2026 09:15,DEARBORN,MI,USA,Other,,,Weird shaped object darting across the sky in daylight.,05/11/2026,42.3222599,-83.1763145,
05/11/2026 19:28,KOLKATA,West Bengal,India,Cone,,,I was staring at the sky and I could see a lot of stars. A few seconds later 3 of the stars moved at an incredible speed,05/11/2026,22.5726459,88.3638953,
05/10/2026 22:15,SELIGMAN,AZ,USA,Orb,,,The UAF was moving from the south to the north. It would move in a straight line then disappear then reappear exactly where I first saw,05/11/2026,35.3268815,-112.876307,
05/09/2026 22:00,LANGLEY TOWNSHIP,BC,Canada,Orb,,,"I was looking up at the night sky, and I red and green orb flew past super quickly over someone's house.",05/11/2026,49.1202942,-122.659331,
05/11/2026 06:34,PHILADELPHIA,PA,USA,Diamond,,,I saw a diamond shaped craft in the sky.,05/11/2026,39.9527237,-75.1635262,
05/08/2026 03:00,PREES,England,United Kingdom,Light,,,Strange lights after seen craft,05/11/2026,52.8970321,-2.6660017,
05/10/2026 16:30,SCHENECTADY,NY,USA,Orb,,,Round bright white orb traveled straight through blue sky.,05/11/2026,42.8142432,-73.9395687,
05/11/2026 21:05,BEAVER FALLS,PA,USA,Light,,,Was coming from my apartment to parking lot when I saw this green light that would flash then a few times it would turn red,05/11/2026,40.7520097,-80.3192295,
05/10/2026 09:44,LOS ANGELES,CA,USA,Orb,,,"Top were 2 big bright shiny orbs with a forming V shape connection, UAP was vertical, the 2 lines that formed the v were a bit silver",05/11/2026,34.0536909,-118.242766,
05/12/2026 00:35,POINT PLEASANT,WV,USA,CIrcle,,,"White circles coming out of one spot in the sky, lighting up bright then moving fast before disappearing. Constantly doing it",05/11/2026,38.8445251,-82.1370889,
05/11/2026 01:45,WASILLA,AK,USA,Changing,,,"Disc-shaped and triangular UFOs observed hovering and maneuvering over Wasilla, AK from approximately 1:40–3:15 AM.",05/11/2026,61.5824216,-149.442563,
05/11/2026 23:30,BELLINGHAM,WA,USA,Unknown,,,"If what I saw was satellites, I have never seen so many in such a small time frame.",05/12/2026,48.7544012,-122.478836,
05/12/2026 00:00,ROSAMOND,CA,USA,Light,,,"1 or more lights will appear, then immediately travel east & disappear in 5 seconds.",05/12/2026,34.8714715,-118.215842,
05/12/2026 19:05,PALM BEACH,Queensland,Australia,Orb,,,I was walking outside watching the stars and i see about 4-5 white lights going in a circle like formation then zoomed off,05/12/2026,-28.1155325,153.4583936,
05/06/2026 23:50,HOLLISTER,CA,USA,Light,,,"Multiple amber lights traveling South at 11,000'-15,000' feet above the hills between Los Banos HWY 152 Pacheco Pass and Hollister Ca.",05/12/2026,36.8524545,-121.4016021,
04/01/2026 02:36,NORTH BRANFORD,CT,USA,Formation,,,One orb and one formation,03/31/2026,41.3275971,-72.7673198,
04/01/2026 06:11,CIRCLEVILLE,OH,USA,Cigar,,,"As we were taking the dogs out we saw what we initially thought was some low flying aircraft, except it was moving way too fast",04/01/2026,39.600618,-82.9460133,
04/01/2026 01:50,ELDERSBURG,MD,USA,Oval,,,"A reflective vertical oval shape shifting horizontal, purple, red, green lights.",04/01/2026,39.4137459,-76.9474188,
04/01/2026 21:19,,PA,USA,Other,,,Taking pictures of moon,04/01/2026,40.9699889,-77.7278831,
04/02/2026 01:25,MAIN BEACH,Queensland,Australia,Orb,,,One large orange star orb in the sky for extended period (30mins-1hr) that slowly moved eventually speeding up breaking into multiple,04/02/2026,-27.9787768,153.4271228,
04/02/2026 22:57,KALAMAZOO,MI,USA,Light,,,6 lights v formation smoothly gliding,04/02/2026,42.291707,-85.5872286,
04/03/2026 00:00,GRAND ISLAND,NY,USA,Triangle,,,"It was in the sky it was triangle shape and not high in the sky but not too low, it was hovering and a beam came out of it",04/02/2026,43.0183219,-78.9636394,
04/02/2026 00:02,RAJKOT,Gujarat,India,Light,,,I was went out to drink water and suddenly i saw that something is hovering in sky so i observe first and then i called my wife to see.,04/02/2026,22.3053263,70.8028377,
04/02/2026 22:00,BOGNOR REGIS,England,United Kingdom,Orb,,,Glowing orb seen in sky. Completely static. Dissappeared than briefly reappeared,04/03/2026,50.7834973,-0.6730718,
04/03/2026 14:15,NORTH PLATTE,NE,USA,Other,,,"ENE of my location about 1 mile away, small black object I watched as it flew in a straight line toward a small cloud.",04/03/2026,41.1368333,-100.7612819,
04/06/2026 03:55,PORT MACQUARIE,New South Wales,Australia,Circle,,,10 minute sighting bright light moving erratically at high speed,04/05/2026,-31.4299499,152.9103525,
04/05/2026 19:20,BRISTOL,England,United Kingdom,Orb,,,Looked up at the sky and saw a bright white orb which steadily moved to the right and then disappeared into clear sky.,04/05/2026,51.4538022,-2.5972985,
04/04/2026 20:32,GILBERT,AZ,USA,Fireball,,,"A fiery, orange object slowly moved across the road, from N to SW.",04/05/2026,33.3527632,-111.789037,
04/04/2026 01:50,ST. AUGUSTINE,FL,USA,Unknown,,,We walked outside to see this object come thru upper atmosphere and skip back into spce,04/03/2026,29.8946952,-81.3145395,
04/03/2026 22:00,WINTERHAVEN,CA,USA,Formation,,,"4 large floating orbs with lights around each orb, and they slowly separated and then came back together in formation. Then disappeared",04/03/2026,32.7368991,-114.639542,
04/03/2026 21:00,DUNHAM-ON-THE-HILL,England,United Kingdom,Circle,,,Bright white light over Stanlow oil refinery,04/04/2026,53.2489717,-2.7922552,
04/03/2026 10:00,ST. LOUIS,MO,USA,Star,,,"Bright white silent point of light, cloud level, straight-line trajectory",04/04/2026,38.6254063,-90.190009,
04/05/2026 20:42,ELYRIA,OH,USA,Orb,,,White orb in the sky not moving and then shoot straight up through the clouds.,04/05/2026,41.3673191,-82.1073583,
04/06/2026 00:03,DELTONA,FL,USA,Disk,,,It was a black flying saucer with dim humming lights and not to high from the ground,04/05/2026,28.904843,-81.2273119,
04/05/2026 21:35,RANCHO CUCAMONGA,CA,USA,Unknown,,,The speed at which the object was traveling was like something I’ve never seen before,04/05/2026,34.1033192,-117.575173,
04/05/2026 22:45,RANCHO PALOS VERDES,CA,USA,Orb,,,I saw two hovering orange orbs off my back yard over the ocean.,04/05/2026,33.7483311,-118.3707683,
04/05/2026 21:40,,England,United Kingdom,Triangle,,,A large dark grey triangle with a dull light on each corner. Rotating clockwise. Went across the sky in about 8 seconds south to north,04/06/2026,52.5310214,-1.2649062,
04/05/2026 17:20,CLINTON,OK,USA,Sphere,,,Bright object in the sky,04/06/2026,35.5156056,-98.9673069,
04/05/2026 20:15,PORTLAND,OR,USA,Orb,,,"Green light dots was doing circles , hovering and flashing a green light into the land field",04/06/2026,45.5202471,-122.674194,
04/05/2026 19:01,LUCERNE VALLEY,CA,USA,Changing,,,The object was darting all over in one area of the sky,04/06/2026,34.451271,-116.8889331,
04/04/2026 20:00,OREM,UT,USA,Fireball,,,"Five low looking meteors in a curved formation, it seemed to have split.",04/06/2026,40.2981599,-111.6944313,
04/06/2026 21:00,EDMONDS,WA,USA,Oval,,,Similar to the Hudson Valley sightings,04/06/2026,47.8105738,-122.3774952,
04/06/2026 10:06,OJO DE AGUA,State of Mexico,Mexico,Changing,,,"I was working by the window, I saw that shape changing and moving like a worm.",04/07/2026,19.6744692,-99.0080905,
04/07/2026 14:32,CHESTER,PA,USA,Fireball,,,I was sitting in traffic heading east bound on the bridge. When I noticed a 2 extremely bright green / chrome looking fireballs,04/07/2026,39.9829308,-75.7652424,
04/07/2026 21:13,BRIDLINGTON,England,United Kingdom,Cylinder,,,"UAP silent, no tail, no flights recorded at time",04/07/2026,54.082242,-0.1908647,
04/07/2026 17:37,,MI,USA,Changing,,,It was an oval-ish glowing light. It looked like someone stuck a mirror in the sky. It disappeared in the blink of an eye.,04/07/2026,43.6211955,-84.6824346,
04/07/2026 15:15,ELSMERE,DE,USA,Other,,,Shiny cylinder that suddenly had the smaller objects around it and then the formation c,04/07/2026,39.7380793,-75.5959197,
04/07/2026 20:30,SEQUIM,WA,USA,Oval,,,Slow moving thin oval loop,04/07/2026,48.0849312,-123.1096706,
04/06/2026 19:55,SANTA CLARITA,CA,USA,Circle,,,"I saw a bright white beam span acrossed the sky, leaving a white vapor trail.",04/08/2026,34.4127963,-118.5538088,
04/08/2026 02:00,CALGARY,AB,Canada,Star,,,"I was stargazing, it looked like a bright normal size star then when it chased me, it was huge",04/08/2026,51.0456064,-114.057541,
04/07/2026 21:28,BASILDON,England,United Kingdom,Unknown,,,UAP appears from nowhere then travels slowly through sky / space heading from Essex over London / Kent direction,04/08/2026,51.5702375,0.4583573,
04/06/2026 20:50,MANNFORD,OK,USA,Orb,,,Helicopter or small plane following red orb,04/08/2026,36.1324167,-96.3287136,
04/03/2026 21:20,SPOKANE VALLEY,WA,USA,Light,,,Looked up and saw what appeared to be a satellite traveling south to north,04/07/2026,47.6571104,-117.2613936,
04/07/2026 05:43,NINOLE,HI,USA,Other,,,"No sound, very high up, bean shaped.",04/07/2026,19.937851,-155.168152,
04/07/2026 20:30,VEĽKÉ RIPŇANY,Nitra Region,Slovakia,Oval,,,"Oval UFO with orange lights partially hidden in ""clouds"" - it was not a cloudy night but the UFO had some kind of a fog around it",04/07/2026,48.4999626,17.9836368,
04/07/2026 20:31,MILAN,WI,USA,Orb,,,Orangish red orb that flared then reappeared as 2 orbs the. 5 orbs in a row,04/08/2026,44.9798494,-90.1801511,
04/08/2026 22:30,NORWALK,CT,USA,Orb,,,Strange orb flying over my house,04/08/2026,41.1175966,-73.4078968,
04/07/2026 16:53,CHEROKEE,KS,USA,Orb,,,Out walking. Saw three orbs one large blue one two smaller ones red and the other green. All following or playing with each other.,04/08/2026,37.1718068,-94.8482069,
04/05/2026 20:39,XIAMEN,Fujian,China,Cube,,,The Cube one had white lights at the corners and at the center a yellow and red light next to each other turning on when one went off,04/09/2026,24.5438732,118.0768065,
04/09/2026 07:00,ANGONO,Rizal,Philippines,Orb,,,I was in a car when the whitish yellow dot flew fast but almost parallel to the car.,04/09/2026,14.5258481,121.1529683,
04/07/2026 21:14,ILKESTON,England,United Kingdom,Cigar,,,It was a long black object with lights along the side of it I watched it with my wife for about 5 minutes,04/09/2026,52.970845,-1.3091628,
04/08/2026 22:18,MARKET DRAYTON,England,United Kingdom,Formation,,,3 ‘stars’ in a triangle flying fast with 1 star either side of the base of the triangle,04/09/2026,52.9045385,-2.491841,
04/08/2026 19:44,FLAGSTAFF,AZ,USA,Cylinder,,,Chrome metallic pinwheel with spokes inside and traveling faster than we were at 70 mph. Lights on it at random came on,04/09/2026,35.1987522,-111.651822,
04/09/2026 07:40,RHINELANDER,WI,USA,Cigar,,,Cigar Shaped Object hovering 300 yards from Highway just over the tree tops.,04/09/2026,45.636623,-89.412075,
04/09/2026 20:50,WILLIAMSBURG,VA,USA,Cigar,,,It was shaped like a cigar with many lights filling it inside.,04/09/2026,37.2712497,-76.700035,
04/09/2026 20:55,READING,PA,USA,Unknown,,,Huge craft low altitude then the bottom ejected a white ball or orb,04/09/2026,40.335345,-75.9279495,
04/04/2026 15:50,MENIFEE,CA,USA,Rectangle,,,"Mirror like object was rectangular/square-shaped, at least 150 feet wide - massive — easily the size of a large aircraft or bigger",04/09/2026,33.6863987,-117.1778599,
04/08/2026 01:30,DEVILS LAKE,ND,USA,Chevron,,,Quick sighting of chevron moving east to west,04/09/2026,48.112779,-98.86512,
04/10/2026 05:10,LYNCHBURG,VA,USA,Orb,,,Saw orange light through the trees. Started going up fast then started moving fast towards me. Then starts flashing fast clear red.,04/10/2026,37.4137536,-79.1422464,
04/09/2026 17:52,DALTON,OH,USA,Sphere,,,Large metallic sphere moving across the sky,04/10/2026,40.7991618,-81.6953867,
04/09/2026 17:30,ADAMS,MA,USA,Orb,,,"Orb flying estimated at 2,000 miles per hour",04/10/2026,42.6209431,-73.1204129,
04/06/2026 22:00,WILTON,CA,USA,Changing,,,"Saw a light moving up , down and sideways. After reviewing my video it shows a craft of some sort",04/10/2026,38.420314,-121.2063226,
04/07/2026 22:37,BELLINGHAM,WA,USA,Other,,,Aircraft following treeline of n lake samish,04/11/2026,48.7544012,-122.478836,
04/04/2026 17:35,SPOKANE,WA,USA,Light,,,Distant light became aware of being filmed and went from houses away to my own backyard,04/11/2026,47.6571934,-117.42351,
04/10/2026 18:01,ALBUQUERQUE,NM,USA,Fireball,,,"I incorrectly thought, at the time, that I could see Artemis II descending from my location. I looked west and saw a comet-like object.",04/11/2026,35.0841034,-106.650985,
04/11/2026 21:23,WUPPERTAL,North Rhine-Westphalia,Germany,Rectangle,,,"Sitting in field with tree line, hovered then moved behind tree",04/11/2026,51.264018,7.1780374,
04/11/2026 22:20,CLARENCE-ROCKLAND,ON,Canada,Circle,,,"Home stargazing, saw a faint dull red light speed WNW overhead for 4–5 seconds, then fade; no FlightRadar match.",04/11/2026,45.5247978,-75.2607533,
04/11/2026 21:50,WEST WINDSOR,VT,USA,Changing,,,"First 8 was lights moving in opposite directions. Second, 4 lights in total. One got bigger and brighter then went to original dimmer.",04/11/2026,43.4679681,-72.4712705,
04/11/2026 20:49,NEW YORK,NY,USA,Circle,,,Bright light turned from small to large orb,04/11/2026,40.7127281,-74.0060152,
04/09/2026 04:45,VANCOUVER,WA,USA,Changing,,,"Multi-color changing object observed vibrating and moving rapidly over Vancouver, WA; captured on video at 25x zoom.",04/12/2026,45.6306954,-122.6744557,
04/11/2026 22:35,LAPLACE,LA,USA,Triangle,,,3 independent lights rotating in a triangular formation,04/12/2026,30.0771675,-90.485784,
04/11/2026 16:00,BARNESVILLE,PA,USA,Orb,,,"White orb dropped out of clouds, performs a wiggle and then ascends back into the clouds in the same path it fell.",04/12/2026,40.8147866,-76.0312371,
04/05/2026 21:41,REDMOND,OR,USA,Orb,,,3 lights rising in a straight formation and dissipating one after another,04/13/2026,44.2726203,-121.173921,
04/12/2026 17:32,LLANGOED,Wales,United Kingdom,Disk,,,Silver UFO with 2 Orbs following,04/13/2026,53.2985052,-4.0787174,
04/12/2026 08:30,PENSACOLA,FL,USA,Cylinder,,,"First, it was a glowing orb. It went into the cloud and you could see it was a cylindrical Craft.",04/13/2026,30.421309,-87.2169149,
04/13/2026 09:05,CAPE FEAR,NC,USA,Orb,,,It was a blackish orange and it was an orb almost like an egg shape,04/13/2026,33.8461325,-77.963424,
04/12/2026 14:50,EGLIN AIR FORCE BASE,FL,USA,Oval,,,Two Oval or Orb craft tailing each other at enormous speed.,04/13/2026,30.5776961,-86.5139603,
04/05/2026 15:55,WASHINGTON,UT,USA,Disk,,,I saw what appeared to be a unidentified craft in broad daylight hovering slowly then it teleports 100-200 yards away,04/13/2026,37.2393471,-113.525776,
04/13/2026 20:55,CARTHAGE,TX,USA,Teardrop,,,Cloaked aircraft - shape was visible as the stars seemed to warp around it,04/13/2026,32.1570412,-94.338114,
04/13/2026 21:58,JOPLIN,MO,USA,Changing,,,1st noticed while Rangeline & going home. Then watch on deck of home. I took pic and video w my phone.,04/13/2026,37.0841838,-94.5133385,
04/14/2026 05:40,AYDEN,NC,USA,Circle,,,Weird circle ball appearing to be on fire going through atmosphere.,04/14/2026,35.4711635,-77.4175729,
04/14/2026 04:47,SOLOMONS,MD,USA,Unknown,,,I saw what looks like a spotlight in the sky moving toward the left,04/14/2026,38.3350368,-76.4625722,
04/14/2026 05:40,NORRISTOWN,PA,USA,Formation,,,It looked like a cone shape flowing out from a single point traveling relatively slow (like most airplanes at higher heights).,04/14/2026,40.1146022,-75.3446458,
04/14/2026 20:49,CRANBOURNE WEST,Victoria,Australia,Circle,,,Moving slowly across sky the lights were in 2 or 3 layers on top each other it was rotating,04/14/2026,-38.102241,145.2517182,
04/13/2026 20:30,ST. PETERSBURG,FL,USA,Unknown,,,Almost a X pattern with almost a changing shape,04/14/2026,27.7712264,-82.6340259,
04/13/2026 22:15,CORPUS CHRISTI,TX,USA,Circle,,,"Zoom in very quickly, circle around made sudden stops, then made tight circle banks left in great speed",04/14/2026,27.7635302,-97.4033191,
04/14/2026 16:12,CAPE CANAVERAL,FL,USA,Disk,,,Took some pi tures of an object off my third floor balcony.,04/14/2026,28.4513556,-80.5283059,
04/13/2026 21:06,REDBOURN,England,United Kingdom,Changing,,,White light pulsing then changing shape and color,04/14/2026,51.7985104,-0.3951486,
04/14/2026 21:30,CLEVELAND,OH,USA,Light,,,"Bright green silent object over downtown Cleveland moved unnaturally, vanished/reappeared, and was unlike any helicopter or drone.",04/14/2026,41.4996574,-81.6936772,
04/12/2026 02:00,PORT ANGELES,WA,USA,Chevron,,,Large Bright Disappearing V-Shaped Lights,04/14/2026,48.118146,-123.430741,
04/14/2026 22:48,LEXINGTON,SC,USA,Orb,,,Three bright orb-like lights in the western sky separated and reconverged repeatedly,04/14/2026,33.8986841,-81.275054,
04/14/2026 22:10,GILBERT,AZ,USA,Triangle,,,"My husband was driving and started to see a big triangle in the sky, stopped in the same place, then moving.",04/14/2026,33.3527632,-111.789037,
04/15/2026 18:40,THEODORE,Australian Capital Territory,Australia,Circle,,,"Looked like moving stars but changed trajectory and speeds multiple seen, some changed trajectory to fly next to each other",04/15/2026,-35.4496107,149.1197437,
04/15/2026 12:32,HARRISVILLE,UT,USA,Diamond,,,4 people saw it and all were confused and couldn't fully make it out before it left. It might have been diamond shape,04/15/2026,41.2811997,-111.985184,
04/15/2026 21:29,TONOPAH,AZ,USA,Orb,,,I saw 3 Orange orbs to begin with and they multiplied and decreased in number multiple times and the highest amount of craft seen was 8,04/15/2026,33.5146918,-112.9073644,
04/15/2026 21:54,COQUITLAM,BC,Canada,Cigar,,,It was a cylindrical object,04/15/2026,49.2842958,-122.793281,
04/15/2026 22:00,FRESSINGFIELD,England,United Kingdom,Orb,,,Orb UFO,04/16/2026,52.3468235,1.3177377,
04/16/2026 07:58,ALFRETON,England,United Kingdom,Cylinder,,,Cartwheeling across sky,04/16/2026,53.0972537,-1.3900241,
04/11/2026 21:29,LAS VEGAS,NV,USA,Formation,,,"10 glowing red lights, silently moving in formation due northeast until disappearing into clouds",04/16/2026,36.1674263,-115.1484131,
04/16/2026 23:25,ZANESVILLE,OH,USA,Light,,,A light moving in all 4 directions that hovered and then disappeared after shining excessively bright,04/16/2026,39.9401426,-82.005019,
04/17/2026 07:05,WILLOUGHBY HILLS,OH,USA,Unknown,,,Five very bright white lights closely seperated seen thru a hazy morning sky.,04/17/2026,41.598382,-81.418447,
04/17/2026 19:15,JHUSI,Uttar Pradesh,India,Triangle,,,A bright yellow colored object flying at really high speed in night sky,04/17/2026,25.4281109,81.9137525,
04/17/2026 22:00,MORGANTOWN,PA,USA,Unknown,,,"Sparkly ufo that stayed in same spot for a long time- then moved slowly back and forth, and then slowly away from us. Bright lights.",04/17/2026,40.1552486,-75.8898999,
04/17/2026 22:14,SPRING VALLEY,CA,USA,Light,,,Saw 3 objects in a diamond formation moving VERY fast from S to N.,04/17/2026,39.0762525,-122.5949373,
04/16/2026 23:05,NEW HARMONY,IN,USA,Light,,,"3 moving light orbs in the sky, moving slowly but erratically",04/18/2026,38.129656,-87.9354109,
03/01/2026 03:28,OLD BRIDGE,NJ,USA,Disk,,,Driving saw an object in the sky zoom within 50 ft in front of my car. It looked to be mechanical and traveling at high speed,03/01/2026,40.399178,-74.3409036,
03/01/2026 19:20,FAYETTEVILLE,GA,USA,Chevron,,,"Boomerang shaped, bigger than any plane in the sky and completely silent. Appeared to by gliding.",03/01/2026,33.4487257,-84.4549262,
03/02/2026 07:30,DELRAY BEACH,FL,USA,Circle,,,Extremely fast moving object,03/02/2026,26.4614625,-80.0728201,
03/02/2026 19:36,COLLINGWOOD,ON,Canada,Orb,,,Parade of Wobbly Orbs,03/02/2026,44.5027226,-80.2172379,
03/02/2026 14:25,SOLANA BEACH,CA,USA,Other,,,Appeared like a black flattened panel of a box (maybe 8-10 ft long from being 3-400 ft in the sky- silent- absolutely motionless,03/02/2026,32.9919141,-117.2678124,
03/01/2026 01:35,FOWLER,MI,USA,Circle,,,Large round glowing object that looked like small little objects flying out of it,03/03/2026,43.0017113,-84.7398622,
03/02/2026 18:15,FOLSOM,CA,USA,Cigar,,,I saw a grey pillar in the sky,03/03/2026,38.6779591,-121.176058,
03/02/2026 22:45,MARANA,AZ,USA,Changing,,,I felt a sudden sleepiness when I stepped out side I sat down for 15 minutes,03/03/2026,32.4483736,-111.211475,
03/03/2026 21:15,WHEAT RIDGE,CO,USA,Triangle,,,A triangle the size of a pyramid heading towards the mountains,03/03/2026,39.766098,-105.0772063,
03/03/2026 21:40,EASTOVER,SC,USA,Triangle,,,Large craft hovering above trees beside the road,03/03/2026,33.8771147,-80.6922594,
03/04/2026 03:10,LAS VEGAS,NV,USA,Orb,,,"Seen solid Green or like object , no tail or flickering shoot across sky in 1 second. Like a blink and it was gone",03/04/2026,36.1674263,-115.1484131,
03/02/2026 23:57,ANNA,TX,USA,Diamond,,,I saw lights in the sky and a white silver diamond hovering then moving straight up at high speeds,03/04/2026,33.3496662,-96.5547038,
03/03/2026 22:03,OAKVILLE,ON,Canada,Oval,,,"Observed a bright yellow, non-flashing light in the night sky around 10:00 PM in Oakville, Ontario.",03/04/2026,43.447436,-79.666672,
03/04/2026 17:40,FOSTER,RI,USA,Orb,,,Stationary then vanishing orb,03/04/2026,41.8537811,-71.7583761,
03/05/2026 00:30,PRAYAGRAJ,Uttar Pradesh,India,Unknown,,,"The object was blurry, silent, and moved at extreme high speed near jupiter.It appeared and disappeared within eye of blink",03/05/2026,25.4381302,81.8338005,
03/04/2026 10:58,PORTER,ME,USA,Orb,,,Slow moving orb that was red orange,03/05/2026,43.8091895,-70.8888962,
03/05/2026 20:20,SINT JACOBIPAROCHIE,Friesland,Netherlands,Orb,,,"A dot in the night sky, reddish color, fast, unnatural but very precise movement",03/05/2026,53.2728453,5.6078097,
03/04/2026 19:20,RINGWOOD,England,United Kingdom,Other,,,3 to 4 solid white lights,03/05/2026,50.8292623,-1.7711281,
03/01/2026 02:07,COSTA DEL ESTE,Buenos Aires Province,Argentina,Orb,,,Orb sighting which appeared and disappeared in different distances over the course of an hour.,03/05/2026,-36.6114765,-56.6881545,
03/05/2026 20:50,GUELPH,ON,Canada,Triangle,,,"Triangle formation lights,  it seemed like a massive craft",03/05/2026,43.5460516,-80.2493276,
03/05/2026 21:21,MIRABEL,QC,Canada,Rectangle,,,"Huge vessels as big as a house, I am driving at 70 kmh and I see this object that stays in place for 1-2 minutes to my left, high",03/05/2026,45.6323151,-73.9838454,
03/05/2026 20:20,CARSON CITY,NV,USA,Circle,,,"Was outside admiring stars, when the disk rose from the north and flew south.",03/05/2026,39.1663259,-119.7670374,
03/06/2026 18:50,CARTERVILLE,IL,USA,Light,,,Pulsating green light about 20 degrees above southern horizon.,03/06/2026,37.7619372,-89.0772709,
03/06/2026 22:46,MARYSVILLE,OH,USA,Cigar,,,Solid black line stretched from 12 o clock directly to 10:30 o clock (without crossing the middle) as if the moon were a clock.,03/06/2026,40.2364486,-83.3671432,
03/05/2026 20:00,BANDON,OR,USA,Light,,,Atleast 15-20 white lights,03/06/2026,43.1195634,-124.4094086,
03/05/2026 21:30,SPOKANE,WA,USA,Unknown,,,Outside for a fresh air break and immediately there is a UAP in my line of sight…,03/06/2026,47.6571934,-117.42351,
03/07/2026 23:20,MORGANTON,NC,USA,Orb,,,"Orange orb slightly moving, staying in same area. very bright sometimes",03/07/2026,35.7454291,-81.6870837,
03/07/2026 18:50,HUNTINGTON BEACH,CA,USA,Triangle,,,"Large triangle (1 or 3 craft) traveling inhumanly fast at 40,000 ft with no evidence of propulsion",03/07/2026,33.6783336,-118.000016,
03/07/2026 20:15,MENDOCINO,CA,USA,Light,,,"Pulsating red, green, orange, pink lights in the air that hovered for 4 hours and then just took off in a second.",03/08/2026,39.3176491,-123.4126399,
03/05/2026 16:38,BOLDO,AL,USA,Other,,,Objects disappear behind Jupiter,03/08/2026,33.853995,-87.1827818,
03/04/2026 19:45,ASHTON-IN-MAKERFIELD,England,United Kingdom,Orb,,,Glowing orb that bounced up and down constantly,03/08/2026,53.4852134,-2.6417771,
03/06/2026 21:30,ADAIR,OK,USA,Oval,,,Unexplained craft in a storm cloud that had circulation,03/08/2026,35.8783136,-94.6567402,
03/08/2026 20:20,COLUMBIA,MO,USA,Unknown,,,"Looking at the Orion's Belt, when we noticed a very faint object moving from S to N then going back N to S. No navigation lights.",03/08/2026,38.951883,-92.3337366,
03/08/2026 21:40,PITTSBURGH,PA,USA,Fireball,,,Green fireball being chased by helicopters,03/08/2026,40.4406968,-80.0025666,
03/08/2026 21:42,GLEN BURNIE,MD,USA,Other,,,Glowing likely human figure,03/08/2026,39.1595439,-76.6151514,
03/08/2026 05:00,SATELLITE BEACH,FL,USA,Other,,,"I saw what looked straight out of a sci-fi movie, a big aircraft moving very fast, it appeared for one second then disappeared the next",03/08/2026,28.1760051,-80.5904623,
03/06/2026 20:43,HILLIARD,OH,USA,Orb,,,Half circle formation of lights shooting across the sky and disappearing,03/08/2026,40.033814,-83.1596108,
03/08/2026 19:54,OWENSBORO,KY,USA,Disk,,,"Translucent round, disk, object.",03/09/2026,37.7742152,-87.1133304,
03/08/2026 18:30,WOODLAWN,TN,USA,Light,,,I spotted a bright white light in the sky at dusk with no other visible stars or planets visible at that time,03/09/2026,36.5441708,-87.5107638,
03/09/2026 02:32,ROSEMEAD,CA,USA,Changing,,,"Camera captured a bright flash; reflection on car hood shows a slowly rotating, unknown object or shape.",03/09/2026,34.0808629,-118.073219,
03/07/2026 02:13,MIAMI,FL,USA,Triangle,,,Three motherships moving toward the ocean slowly,03/09/2026,25.7741566,-80.1935973,
03/08/2026 20:25,PALM DESERT,CA,USA,Triangle,,,Black triangle with four white pale backlit lights. There was an extra light between two of the corner lights,03/09/2026,33.7288179,-116.382571,
03/09/2026 05:30,SUMNER,WA,USA,Orb,,,"Very large firey orange orb was moving right above trees, close to the gravel yard property, seem to be searching for something.",03/09/2026,47.2061882,-122.2312383,
03/09/2026 14:32,CATSKILL,NY,USA,Circle,,,I saw a small circular orb in the sky accelerating faster than a plane and then seemed to disappear.,03/09/2026,42.2173102,-73.8645734,
03/09/2026 20:17,DINGMANS FERRY,PA,USA,Unknown,,,"The crafts would go in a straight line or in a zig zag. Some are amber, but some blend in with the stars.",03/09/2026,41.2200946,-74.8712799,
03/09/2026 20:16,HAMBURG,NY,USA,Triangle,,,3 bright lights in triangle formation,03/09/2026,42.716293,-78.828717,
03/09/2026 21:47,SMITHFIELD,RI,USA,Triangle,,,Looking at western sky a giant dark object with 2 brighter white points on each end lit up the shadow of the craft/object,03/09/2026,41.9220433,-71.549507,
03/09/2026 20:47,PUKATAWAGAN,MB,Canada,Disk,,,Just happened to look outside and wonder if its worth investigating what we seen in our sky here,03/09/2026,55.747985,-101.311798,
03/09/2026 22:45,BURTONSVILLE,MD,USA,Orb,,,Solid white lights,03/09/2026,39.1096795,-76.9304928,
03/10/2026 00:30,CANANDAIGUA,NY,USA,Triangle,,,3 red lights in triangle formation went north over Canandaigua NY.,03/09/2026,42.850682,-77.3191454,
03/09/2026 21:55,TOUWS RIVER,Western Cape,South Africa,Light,,,Reappearing strange lights in sky at the same time every night for the last week.,03/10/2026,-33.337778,20.033611,
03/09/2026 19:30,BRANDON,VT,USA,Star,,,Three lights in triangular shape that would move slowly up sky for about 20 minutes and then zoom north,03/10/2026,43.7982806,-73.087913,
03/09/2026 20:30,MORENO VALLEY,CA,USA,Circle,,,Observing the sky and saw four bright objects in the sky. They all went into the same direction before fizzing out,03/10/2026,33.9375177,-117.2305791,
03/10/2026 20:12,WRENTHAM,MA,USA,Orb,,,"Two high speed orbs at great distance, one higher than other. Parallel flight. Abrupt turn out of atmosphere.",03/10/2026,42.0667652,-71.3281114,
03/10/2026 20:00,EL CUCO,San Miguel Department,El Salvador,Circle,,,We have been staying here for the past 2 months. We see at least one or 2 of these objects almost every night w/ flashing lights.,03/10/2026,,,
03/10/2026 22:20,BUCKEYE,AZ,USA,Other,,,Phoenix Lights Shaped Craft,03/10/2026,33.3703197,-112.583776,
03/04/2026 21:00,APACHE JUNCTION,AZ,USA,Light,,,"Large light, moving extremely fast, changed direction abnormally, absolutely no sound, and just disappeared",03/11/2026,33.4150485,-111.549577,
03/11/2026 02:49,,,Unspecified,Orb,,,Driving on i70 heading north blue light/orb flying down from sky. Second sighting green craft 200 yards away flew to my left i70,03/11/2026,27.1556836,65.6101216,
03/11/2026 18:20,,Chong Qing Shi,China,Cylinder,,,"It was discovered that there were glowing moving objects, like tic-tac.",03/11/2026,25.0887154,102.9699323,
03/09/2026 11:41,VERO BEACH,FL,USA,Sphere,,,A sphere passed over my head with no propellers or signs of propulsion.,03/11/2026,27.6387163,-80.3975399,
03/10/2026 22:30,LOS ANGELES,CA,USA,Other,,,Multiple linear objects in formation. Silent.,03/11/2026,34.0536909,-118.242766,
03/11/2026 20:29,WARRINGTON,England,United Kingdom,Unknown,,,"Two white lights, kept equal distance between each other and moved together in perfect synchronisation. No other visible lights.",03/11/2026,53.4015716,-2.5681941,
03/11/2026 20:00,GARFIELD,NJ,USA,Unknown,,,Blue and yellow Lights in sky in perfect formation,03/11/2026,40.8814882,-74.113198,
03/11/2026 20:24,WILMINGTON,NC,USA,Changing,,,I was out to check the mail and the dog started flipping out. I looked up and saw the object changing shape.,03/11/2026,34.2352853,-77.9487284,
03/11/2026 22:31,OWASSO,OK,USA,Star,,,4 lights in a diamond formation flashed brightly then split up.,03/11/2026,36.2659698,-95.8548557,
03/03/2026 22:25,DONALD,Victoria,Australia,Triangle,,,Two black Doritos shape low flying anti gravity silent flying in perfect formation side by side wing to wing with no lights,03/11/2026,-36.3701184,142.9830851,
03/12/2026 07:35,DALLAS,TX,USA,Orb,,,Pulsing orb in the eastern sky with the sun behind it,03/12/2026,32.7762719,-96.7968559,
03/12/2026 02:10,MOUNT LAUREL TOWNSHIP,NJ,USA,Circle,,,Round circular bright with small white lights flashing one at a time in a counterclockwise rotation,03/12/2026,39.934002,-74.8909988,
03/07/2026 17:33,LOS ANGELES,CA,USA,Fireball,,,Facing roughly west toward Santa Monica / Pacific Ocean. The object appeared near the direction of the setting sun.,03/12/2026,34.0536909,-118.242766,
03/12/2026 23:12,PHOENIX,AZ,USA,Cigar,,,Silver short cigar shaped flying at incredibly high speed,03/12/2026,33.4484367,-112.074141,
03/12/2026 20:13,LUCKNOW,ON,Canada,Circle,,,Two objects moving NE silently and unblinking in sky,03/13/2026,43.961848,-81.5172512,
03/13/2026 10:58,HIGH SPRINGS,FL,USA,Cigar,,,Taking a walk around the neighborhood and saw craft heading to North,03/13/2026,29.8268319,-82.5968583,
03/12/2026 20:12,GRAND VALLEY,ON,Canada,Orb,,,Saw large orb following smaller orb. Captured two minutes of footage. Couldn't see anything on flight radar or starlink,03/13/2026,43.8991217,-80.3152465,
03/13/2026 20:15,GAMBRILLS,MD,USA,Circle,,,"A spinning light in the sky, in one place for a time, before completely disappearing",03/13/2026,39.0963486,-76.6549097,
03/14/2026 01:15,NEW YORK,NY,USA,Cross,,,"Silent illuminated craft seen disappearing behind building at low altitude, not seen re-emerging.",03/13/2026,40.7127281,-74.0060152,
03/14/2026 00:21,MONTE OLIVO,Michoacán,Mexico,Triangle,,,Triangular object in which the lights were blue and red but it moved at a strange speed and in turns out of the ordinary,03/13/2026,19.9833961,-102.2485457,
03/09/2026 20:30,TEMPE,AZ,USA,Changing,,,Hovering shapeshifting object with a strange light aura around it. This time it had a large orange orb with it.,03/14/2026,33.4255117,-111.940016,
03/10/2026 02:10,MAKKAH,Makkah Province,Saudi Arabia,Cigar,,,"The object could not be identified and does not match conventional aircraft, drones, satellites, or natural phenomena.",03/14/2026,21.420847,39.826869,
03/14/2026 15:00,CORYDON,IN,USA,Sphere,,,Saw sphere move across the sky at approximately 1000 ft alt. Traveling west.,03/14/2026,38.2129325,-86.125386,
03/15/2026 19:00,UPPER BASILDON,England,United Kingdom,Triangle,,,"Black triangle. Darker than the night sky. 1 red light on a corner, a white light on each of the other 2 corners.",03/15/2026,51.4820813,-1.1384087,
03/16/2026 02:28,MURRUMBEENA,Victoria,Australia,Triangle,,,A triangle shaped UFO was doing circles in the sky,03/15/2026,-37.890315,145.0675972,
03/16/2026 04:20,NEWTOWNABBEY,Northern Ireland,United Kingdom,Chevron,,,"7-8 objects quickly flew into view, 2-3 flew off SW direction and the rest flew S-SE direction.",03/16/2026,54.6778816,-5.9249199,
03/15/2026 22:30,LAKE CHARLES,LA,USA,Orb,,,Intense Light and Pulsing Noise,03/16/2026,30.2305095,-93.2169807,
03/06/2026 22:30,LINDEN,Western Australia,Australia,Orb,,,"Orbs in the sky disappearing and reappearing, change of speed, direction and brightness",03/16/2026,-29.304722,122.429444,
03/15/2026 23:00,TACOMA,WA,USA,Unknown,,,I woke up in a lab testing room surrounded by humanoid figures doing experiments on other people in the room.  Passed out shortly after,03/16/2026,47.2455013,-122.438329,
03/15/2026 00:27,SITKA,AK,USA,Light,,,Red-flashing on/off 1/2 second every 1 second. Vertical ascending and descending. Erratic flight then straight line towards me.,03/16/2026,57.4086082,-135.4596206,
03/16/2026 18:30,,England,United Kingdom,Circle,,,The orange bright light kept appearing and disappearing for 3 minutes.,03/16/2026,52.5310214,-1.2649062,
03/16/2026 10:41,VILNIUS,Vilniaus apskritis,Lithuania,Disk,,,"Vilnius 22:40. 3 silent discs, pea-size. Speed >12k km/h. Last one made smooth arc turn South. Obscured stars. No sound. No trails.UAP",03/16/2026,54.6870458,25.2829111,
03/17/2026 04:48,NORWICH,NY,USA,Orb,,,"I saw three different things, would not call them craft",03/17/2026,42.5311809,-75.5235149,
03/16/2026 22:15,MONTEREY,CA,USA,Light,,,Erratic lights over Monterey Bay,03/17/2026,36.2231079,-121.387742,
03/17/2026 19:45,ALTON,England,United Kingdom,Orb,,,Small object travelling slowly across the sky but multiple objects seen.,03/17/2026,51.1489036,-0.9757677,
03/17/2026 14:03,COTTONWOOD,AZ,USA,Unknown,,,"Stood out on my deck and saw this object hovering above my town. Sparkling and hard to track, but obviously not a commercial aircraft",03/17/2026,34.7475612,-112.0272397,
03/16/2026 01:00,COLUMBUS,OH,USA,Triangle,,,It was dark. Triangles made up of lights. There were two. Couldn't tell if they were attached or just side by side,03/17/2026,39.9622601,-83.0007065,
03/03/2026 22:00,PAINTSVILLE,KY,USA,Flash,,,Me and my 4 other friends saw lasers/beams in the sky,03/18/2026,37.8145384,-82.8071054,
03/17/2026 23:55,BONAIRE,GA,USA,Formation,,,3 to 4 red lights in a line mostly perpendicular to the ground with the bottom light leading slightly & the top light trailing slightly,03/18/2026,32.5438429,-83.5960264,
03/15/2026 17:07,LINCOLN CITY,OR,USA,Orb,,,"UFO/UAP over Lincoln City, Oregon",03/18/2026,44.9617922,-124.0159522,
03/15/2026 06:25,JACKSONVILLE,FL,USA,Cube,,,"Huge black square hovering over highway, almost invisible",03/18/2026,30.3262247,-81.6579179,
03/18/2026 20:15,TAUNTON,MA,USA,Orb,,,What first appears to be satelites turned out to be a massive fleet of satelite looking objects changing directions,03/18/2026,41.9019257,-71.0931485,
03/19/2026 01:38,EXMOUTH,England,United Kingdom,Triangle,,,"Blue/red lights, black triangle no sound darts with a light trail behind, moves up, down, horizontal etc",03/18/2026,50.6190962,-3.4146801,
03/17/2026 21:33,OAK RUN,CA,USA,Circle,,,I was star gazing over Mt. Shasta. I noticed two lights flying in unison across the sky. I began recording.,03/18/2026,40.690408,-122.0287006,
02/01/2026 14:00,,,Poland,Disk,,,Large black disk moving at speed through clouds,02/01/2026,52.215933,19.134422,
02/01/2026 16:10,SALTASH,England,United Kingdom,Orb,,,A bright light orb appeared in the sky for four seconds then just disappeared and the sky was empty,02/01/2026,50.4086702,-4.2112226,
02/01/2026 14:54,CAMPO GRANDE,Mato Grosso do Sul,Brazil,Triangle,,,"Triangle with bright lights in the sky, it looked like it was far but it was visible.",02/01/2026,-20.4640173,-54.6162947,
02/01/2026 15:37,BEDFORD,IA,USA,Unknown,,,Took picture then phone went dead.  It looks like a house in the sky.,02/01/2026,40.6680798,-94.719957,
02/01/2026 21:28,BULLS GAP,TN,USA,Cube,,,Craft zipping back and forth from north east to south west,02/01/2026,36.2535742,-83.086061,
02/01/2026 22:30,KISSIMMEE,FL,USA,Light,,,Sighting from Airplane,02/01/2026,28.2918995,-81.4075838,
02/02/2026 02:30,BOISE,ID,USA,Circle,,,Very fast bright amber light moving north. Faded out a pulsed back many times before disappearing after holding a steady brightness.,02/02/2026,43.6166163,-116.200886,
02/01/2026 06:30,WEST PENSACOLA,FL,USA,Triangle,,,Object came down super bright lights no forward or backwards just down. Hovered for a few seconds and was gone.,02/02/2026,30.4247297,-87.266196,
02/02/2026 15:45,SEYMOUR,CT,USA,Orb,,,Saw one fast moving orb. Thought was satellite but then 2nd one quickly approached it. Matched speed and would cross over each other.,02/02/2026,41.3943578,-73.0741697,
02/02/2026 15:00,SEATTLE,WA,USA,Teardrop,,,Two black horseshoe crab shaped objects heading the reverse direction of the Seatac arrivals flight path.,02/02/2026,47.6038321,-122.330062,
02/02/2026 20:59,LAGUNA,NM,USA,Light,,,Lights would appear above the horizon and then disappear over and over.,02/02/2026,35.040423,-107.4266284,
02/02/2026 20:10,TENNANT,CA,USA,Light,,,Dancing in the sky,02/02/2026,41.583431,-121.9107181,
02/02/2026 21:00,NEWFIELD,NY,USA,Changing,,,"First looked like circular object with red and green luminosity then seemed to change to horizontal object ( not a plane , stationary)",02/03/2026,42.357703,-76.5912377,
02/03/2026 19:24,RICHMOND,England,United Kingdom,Diamond,,,Circled around then flashed before dissapearing,02/03/2026,51.4405529,-0.3076394,
02/01/2026 17:15,WISHRAM,WA,USA,Triangle,,,Floating triangular craft with white lights hovered over Wishram Heights turned toward us then vanished,02/03/2026,45.6597641,-120.9713648,
02/03/2026 17:45,BRENTWOOD,NH,USA,Triangle,,,"Triangular shaped, with cut corners. Saw while driving down highway. Low altitude",02/03/2026,42.9786981,-71.0728369,
02/03/2026 19:18,MAUMELLE,AR,USA,Triangle,,,3 Lights moving in sync in triangle form,02/03/2026,34.856613,-92.4056858,
02/04/2026 22:21,ADDIS ABABA,Addis Ababa,Ethiopia,Triangle,,,I was outside when I saw three ufos in a triangular formation moving and then I yelled to my brother to come out then he came and saw,02/04/2026,9.0358287,38.7524127,
02/04/2026 06:45,OTTAWA,ON,Canada,Changing,,,We say something that was not an aircraft,02/04/2026,45.4208777,-75.6901106,
02/04/2026 17:15,LINN CREEK,MO,USA,Circle,,,"Driving along we saw it, as we went behind trees it ascended rapidly. Watched it move unnaturally",02/04/2026,38.0376252,-92.7118951,
02/05/2026 17:41,POUGHKEEPSIE,NY,USA,Triangle,,,Saw three bright lights from a distance forming a V shape. As we approached it looked like a hovering V shaped craft. Silent then moved,02/04/2026,41.7065539,-73.9283672,
02/05/2026 00:27,PORTLAND,OR,USA,Light,,,"A short, inconsistent velocity along a single trajectory",02/05/2026,45.5202471,-122.674194,
02/05/2026 14:50,RICHFIELD,NE,USA,Sphere,,,Sighting of sphere hovering in sky then slowly moving then zipped away,02/05/2026,41.1083321,-96.0752931,
02/04/2026 19:00,,Saint George,Grenada,Orb,,,"Multiple crafts flying up and down, disappearing for a few hours each night",02/05/2026,12.0535331,-61.751805,
02/05/2026 17:48,BLACK FOREST,CO,USA,Triangle,,,Three green dots were noticed above Black Forest Colorado disappearing in two seconds leaving a trail dissipating in the same time.,02/05/2026,39.0350242,-104.6737086,
02/05/2026 19:37,BALLINTOBER,Roscommon,Ireland,Light,,,Several bright light (like very bright stars) moving around in variable directions,02/05/2026,53.7178827,-8.4093972,
02/04/2026 18:46,SAN TAN VALLEY,AZ,USA,Fireball,,,My kids were at their moms and called me saying that something was in the sky and so attached are the videos,02/05/2026,33.179814,-111.5849298,
02/05/2026 21:40,SALEM,UT,USA,Orb,,,Giant blue orb that shot down like a meteor towards the mountain,02/05/2026,40.0529062,-111.673659,
02/05/2026 17:34,OCEAN SHORES,WA,USA,Orb,,,I was playing on the beach at sunset and noticed a stationary light that remained past sunset.,02/06/2026,46.973703,-124.156277,
02/06/2026 17:28,ZRENJANIN,Vojvodina,Serbia,Unknown,,,"Strange sound from the sky in Serbia ca. 17:28 PM, heartbeat",02/06/2026,45.3802683,20.3907614,
02/06/2026 06:05,ROBIE CREEK,ID,USA,Orb,,,"They caught my eye as they looked like stars moving, most went for west to east, but also saw some north to south.",02/06/2026,43.6330712,-115.9950925,
02/06/2026 17:49,MCALESTER,OK,USA,Unknown,,,Saw it cross paths with a jet.. then it flew over us silently with no jetstream?,02/06/2026,34.9334981,-95.7697934,
02/06/2026 18:15,EDINA,MN,USA,Cross,,,An X shaped craft with a red light or antigravity generator in the middle,02/06/2026,44.8897027,-93.3501222,
02/07/2026 05:30,LANDER,WY,USA,Triangle,,,Saw a triangle formation.,02/07/2026,42.8330755,-108.730702,
02/07/2026 15:45,PHOENIX,AZ,USA,Oval,,,"Me and my Wknow 100% for sure that these weren't any kind of weather balloons , Orbs , Star link , rockets , comets or asteroid!!!!!!!!",02/07/2026,33.4484367,-112.074141,
02/07/2026 21:21,CHARLOTTE,NC,USA,Circle,,,"3 white round objects,close proximity to each other, one was moving in circular motion, slow not steady, intermittent, maybe 2 to 3 min",02/07/2026,35.2272086,-80.8430827,
02/06/2026 23:16,MOUNTAIN RANCH,CA,USA,Light,,,I was at my house letting my dogs out and then i saw it right by the mountains next to my house,02/07/2026,38.2117755,-120.5339992,
02/08/2026 12:15,PORT CHARLOTTE,FL,USA,Changing,,,"Cluster of UFOs, DANGEROUSLY close to each other, straightening into a line, then breaking back into a tight cluster, fading in/out.",02/08/2026,26.98242,-82.1068873,
02/08/2026 14:48,SMITHS STATION,AL,USA,Triangle,,,High speed object resembling boomerang headed east from my location,02/08/2026,32.5401394,-85.0985474,
02/08/2026 19:05,AULT,CO,USA,Sphere,,,"3 bright lights, curved in a line. Hovering for over 20 minutes in the same spot. They would switch spots and hover. Bright to dim",02/08/2026,40.5824804,-104.731911,
02/08/2026 22:00,HAMZALI,,Azerbaijan,Triangle,,,A large triangle moving from north to south.,02/09/2026,39.3142445,46.7070842,
02/09/2026 10:30,ESCONDIDO,CA,USA,Oval,,,My husband and I saw two shiny metallic objects shining in the distant sky.,02/09/2026,33.1216751,-117.0814849,
02/07/2026 13:00,YUMA,AZ,USA,Light,,,We saw an aircraft moving from north to south and there were two red dots flying at the same speed ahead of the aircraft.,02/09/2026,32.7254216,-114.6198088,
02/09/2026 20:17,ESCONDIDO,CA,USA,Orb,,,Noticed really bright white light in the sky,02/10/2026,33.1216751,-117.0814849,
02/06/2026 04:47,TIGARD,OR,USA,Light,,,"Shooting star followed by 4 craft traveling on either side, different trajectories.",02/10/2026,45.4307473,-122.771933,
02/09/2026 20:55,JACKSONVILLE,FL,USA,Light,,,AP - Bright White Light Moving Southeast - Dissapear then Reappears.,02/10/2026,30.3262247,-81.6579179,
02/10/2026 11:30,,Põlva,Estonia,Light,,,"My friends and I saw some lights in the sky, then they moved up into the sky and after a while, they disappeared.",02/10/2026,58.0536163,27.0582568,
02/09/2026 17:22,DUNDEE,OR,USA,Unknown,,,Noticed strange object that didn’t look like a drone or balloon,02/10/2026,45.2781659,-123.010922,
02/10/2026 19:15,NORTH VANCOUVER,BC,Canada,Circle,,,Just going to work and looked up,02/10/2026,49.3206294,-123.0737925,
02/10/2026 20:30,CAVE JUNCTION,OR,USA,Orb,,,I thought it was a shooting star it was going the same rate as a speed as a shooting star but then it went in a zigzag pattern,02/10/2026,42.1633443,-123.6479309,
02/07/2026 18:15,BYHALIA,MS,USA,Triangle,,,Triangle craft hovering low over road,02/11/2026,34.8723179,-89.6906396,
02/06/2026 23:05,LAKE VIEW,IA,USA,Unknown,,,Three independently moving lights form triangle and vanish,02/11/2026,42.3069227,-95.0510911,
02/11/2026 18:30,WISCONSIN RAPIDS,WI,USA,Orb,,,Multiple lights in the sky in line and also in different locations in the sky,02/11/2026,44.3917589,-89.8228767,
02/11/2026 23:30,BLACK DIAMOND,WA,USA,Rectangle,,,Looking up at the stars I saw 4 perfect rectangles across the night sky. They did not/do not move.,02/12/2026,47.3083078,-122.0037583,
02/11/2026 19:40,BARNHART,MO,USA,Light,,,Bright light traveling much faster than airplane or helicopter or drone. It also wasn't a satellite or shooting star.,02/12/2026,38.3397205,-90.4067425,
02/05/2026 21:15,MAXWELL,NE,USA,Light,,,"Observed up to 5 lights turning on and off in west sky, moving in side to side pattern, for 21 miles while on I-80",02/12/2026,41.0773572,-100.5257558,
02/06/2026 14:02,SACRAMENTO,CA,USA,Unknown,,,Doing work at Ragalia Crest apartments and trout I saw a metal balloon in the sky. Turned out to be something unidentifiable!,02/12/2026,38.5810606,-121.493895,
02/12/2026 19:00,RALEIGH,NC,USA,Other,,,Perfectly vertical amber sliver hanging in the sky,02/12/2026,35.7803977,-78.6390989,
02/12/2026 16:30,TEXANNA,OK,USA,Unknown,,,"It had a very small jet engine, it was a very distinct sound but cloaked to look like birds flying.",02/13/2026,35.3597798,-95.4789411,
02/13/2026 04:30,MIDDLEBURG,FL,USA,Changing,,,The light changes to two and acts erratically,02/13/2026,30.0688512,-81.8603778,
02/13/2026 19:00,,England,United Kingdom,Cone,,,Strange hovering lights with a dome on top,02/13/2026,52.5310214,-1.2649062,
02/13/2026 21:13,LADSON,SC,USA,Changing,,,"At first we thought it was a drone but it's not, it moves too fast and changes directions too quickly",02/13/2026,32.9857275,-80.1098123,
02/13/2026 05:40,COLORADO SPRINGS,CO,USA,Light,,,A dim fast object that smoothly curved east to south without slowing—too fast for normal flight.,02/13/2026,38.8339578,-104.825348,
02/13/2026 16:15,VANTAGE,WA,USA,Circle,,,Singular circular object with a lighted ring towards the middle and other lights around the rings.  Hovering very low in low clouds,02/13/2026,46.943742,-119.9895042,
02/14/2026 05:07,ELYRIA,OH,USA,Circle,,,3 lights in a triangular configuration with one lone light off to the side. The lone light wavered a little bit. Heading NE,02/14/2026,41.3673191,-82.1073583,
02/14/2026 19:20,BOGOTÁ,Bogotá,Colombia,Unknown,,,"3 objects moving irregularly in the area of the inverted L constellation, were not at the height of airplanes.",02/14/2026,4.6533817,-74.0836331,
02/14/2026 19:05,DES MOINES,IA,USA,Light,,,Object Moving from west to east directly overhead,02/14/2026,41.5868654,-93.6249494,
02/14/2026 21:40,CINNAMINSON,NJ,USA,Triangle,,,5 orange oblong orbs in a triangle formation,02/14/2026,40.0166151,-74.9999754,
02/13/2026 05:50,FRESNO,CA,USA,Orb,,,I saw a whitish light that was unblinking and made no sounds flying over the Zoo I work at. The same light I reported seeing 1/28/26.,02/14/2026,36.7394421,-119.78483,
02/14/2026 01:40,MANSFIELD,MA,USA,Fireball,,,Could have been a meteor?,02/14/2026,42.0334326,-71.2189405,
02/14/2026 18:30,GREENDALE,IN,USA,Orb,,,Multiple slow flying orbs,02/14/2026,39.1125572,-84.8641178,
02/11/2026 13:00,VERDIGRIS,OK,USA,Disk,,,Seen flying dish slow moving above Claremore than dissappeared after 1 min,02/15/2026,36.2348197,-95.6910927,
02/15/2026 02:33,PHILADELPHIA,PA,USA,Light,,,My 2 security cameras filmed my yard lighting up,02/15/2026,39.9527237,-75.1635262,
02/14/2026 19:00,ELMHURST,IL,USA,Circle,,,I was driving and just looked up and saw a huge hat shaped UFO we do not have technology like this.,02/15/2026,41.8994745,-87.9403418,
02/13/2026 21:37,VICTOR,CO,USA,Oval,,,Slowly moving large object of orange red and yellow light with brighter white light dots around it moving from south to North,02/15/2026,38.7099896,-105.13998,
02/15/2026 21:30,OKLAHOMA CITY,OK,USA,Chevron,,,I saw 2 chevron craft move from Orion towards Pliedes and then turn north.,02/15/2026,35.4729886,-97.5170536,
02/13/2026 21:32,ROSCOMMON,MI,USA,Cross,,,I have seen same craft different days. My husband and me as witnesses. I guess the locals are used to it and have seen them forever.,02/15/2026,44.3326932,-84.6165164,
02/16/2026 08:46,ODESSA,TX,USA,Triangle,,,UFO in local neighborhood,02/16/2026,31.8457149,-102.367687,
02/13/2026 16:00,SAN ANSELMO,CA,USA,Unknown,,,"High alt. heading SW slowly, bright white light glowing then dimming to nothing, repeating.",02/16/2026,37.9744323,-122.561503,
02/15/2026 12:54,TACOMA,WA,USA,Sphere,,,"We were seeing small biplanes, then all of a sudden in the sky view we saw a sphere object flying through straight no sound no wings",02/16/2026,47.2455013,-122.438329,
02/16/2026 20:42,MARECHAL DEODORO,Alagoas,Brazil,Egg,,,I was sitting eating barbecue when I spotted a round shiny thing appear in the sky for 2 seconds and then disappear into thin air.,02/16/2026,-9.709715,-35.896731,
02/14/2026 00:42,RIO VERDE,AZ,USA,Circle,,,2 bright erratic balls flashing on/off joining 5 colored balls lining up and moving as one,02/16/2026,33.7249997,-111.6688292,
02/16/2026 20:25,,Mato Grosso do Sul,Brazil,Orb,,,"White lights in the sky, with quick movements. It's the second time I've seen... I hope not to see again.",02/16/2026,-19.5852564,-54.4794731,
02/15/2026 18:10,PEORIA,IL,USA,Light,,,"A large solid white light roughly 1/3 - 1/2 the size of the moon(as seen from Earth) moving quickly, before vanishing from sight",02/16/2026,40.6938609,-89.5891008,
02/16/2026 01:55,PRESCOTT,AZ,USA,Light,,,"Approx 1.55am on Feb 16, a row of 3 lights blinking horizontally, flashing white and blue, while moving laterally.",02/16/2026,34.539984,-112.468812,
02/17/2026 21:33,,MS,USA,Unknown,,,"Approximately three lights were moving, for about 20 minutes about 25000 ft in the air in approximately the Eureka, SD area.",02/16/2026,32.9715285,-89.7348497,
02/16/2026 03:20,SASKATOON,SK,Canada,Triangle,,,Hovering craft with blinking white lights in the sky,02/16/2026,52.131802,-106.660767,
02/17/2026 07:17,HOLLAND,MI,USA,Circle,,,Just was there for a a couple seconds and just flew off under the clouds for 10 seconds,02/17/2026,42.7876022,-86.1090828,
02/14/2026 02:00,PINEY GREEN,NC,USA,Rectangle,,,Size of a semi truck but rectangle shape,02/17/2026,34.7515717,-77.3193772,
02/05/2026 14:00,HAWTHORNE,CA,USA,Cigar,,,Spinning Cigar UAP accompanied by Orbs,02/17/2026,33.9128272,-118.3426122,
02/16/2026 19:00,POMPANO BEACH,FL,USA,Cigar,,,A long string of lights at medium speed at approximately 500 feet altitude crossed above me,02/17/2026,26.2378597,-80.1247667,
02/18/2026 03:30,SACRAMENTO,CA,USA,Light,,,Moving lights in the sky east of the airport,02/18/2026,38.5810606,-121.493895,
02/18/2026 11:00,,Puerto Rico,Puerto Rico,Cylinder,,,Please read the below report,02/18/2026,-26.8167893,-55.0266912,
02/05/2026 19:37,JOHANNESBURG,Gauteng,South Africa,Orb,,,"Weird sighting, unexplainable with our tech, not a satellite or aircraft that is made from plasma",02/18/2026,-26.205,28.049722,
02/16/2026 17:11,PROVIDENCE,RI,USA,Orb,,,After a mass shooting event I witnessed a UFO stalk a news helicopter,02/18/2026,41.8239891,-71.4128343,
02/18/2026 20:38,OWASSO,OK,USA,Circle,,,Hypersonic missile like flight,02/18/2026,36.2659698,-95.8548557,
02/18/2026 03:49,MISSOURI CITY,MO,USA,Light,,,Slow flickering lights that moved location spontaneously also would grow in intensity (brightness level) no reds no greens no structure,02/18/2026,39.2408369,-94.2880031,
02/18/2026 23:32,CINCINNATI,OH,USA,Orb,,,"Two dull orbs traveling northwest, at the same speed but they were moving erratically around one another, like playing with each other",02/18/2026,39.1012809,-84.5127405,
02/05/2026 19:30,AMERICAN FALLS,ID,USA,Light,,,My wife and I just went outside and saw 7 UFO coming from the west then 2 turned and in an instant stopped and went east.,02/19/2026,42.7860227,-112.854437,
02/19/2026 20:45,WEST PALM BEACH,FL,USA,Other,,,We saw a slow moving bright orange light moving slower than an airplane but with a semicircular wave spreading out from its nose.,02/19/2026,26.715364,-80.0532942,
01/02/2026 18:05,FOLSOM,CA,USA,Unknown,,,"Obs for 30 min, video 28 min; wht/org lighting; magnification = multiple shapes spinning opposite; altitude changes; almost full moon",01/03/2026,38.6779591,-121.176058,
01/04/2026 00:10,,Farwaniya,Kuwait,Light,,,Hypersonic blinking green light,01/03/2026,29.2293393,47.9205333,
01/02/2026 21:05,AIKEN,SC,USA,Orb,,,Lights would collide and multiply,01/03/2026,33.5723191,-81.6182086,
01/03/2026 00:30,HASTINGS,England,United Kingdom,Light,,,4 Bright lights moving actoss the sky slowly,01/03/2026,50.8550976,0.5821779,
01/02/2026 19:16,TUCSON,AZ,USA,Circle,,,A bluish large circular UFO and a smaller red circular UFO tracking it from below.,01/02/2026,32.2228765,-110.974847,
01/02/2026 18:27,GEORGETOWN,TX,USA,Triangle,,,Heavy sound flying object on slow pace,01/02/2026,30.6370152,-97.6775634,
01/02/2026 19:16,SCOTTSDALE,AZ,USA,Circle,,,"Looking west, the light was a bright white circle, with what looked like a spotlight with three long beams moving slowly",01/02/2026,33.4942189,-111.926018,
01/02/2026 19:14,WAGON WHEEL,NM,USA,Light,,,White light/rays sat still in sky and then slowly arked and descended downwards.,01/02/2026,35.0065946,-105.822641,
01/02/2026 18:14,BOULDER CITY,NV,USA,Light,,,Large light in sky emitting a bright light directly down towards the ground,01/02/2026,35.9787649,-114.8337574,
01/02/2026 19:23,ALEXANDRIA,VA,USA,Cigar,,,Long cigar shape with six lights moving very fast.,01/02/2026,38.8051095,-77.0470229,
01/02/2026 20:45,FORTSON,GA,USA,Orb,,,1 red orb size: approximately 10 to 18 feet. Duration: approximately 5 minutes,01/02/2026,33.3778914,-84.2888119,
01/02/2026 13:43,ANTIOCH,IL,USA,Cylinder,,,"Didn’t fly like known aircraft, would’ve been very large for a drone",01/02/2026,42.4767131,-88.0950691,
01/02/2026 06:53,WINTER GARDEN,FL,USA,Circle,,,"Flash of light, black circle in center of light, then darted off and upwards",01/02/2026,28.5656649,-81.5856742,
01/02/2026 06:37,GEORGETOWN,TX,USA,Light,,,Bright light moving across sky,01/02/2026,30.6370152,-97.6775634,
01/01/2026 23:37,NAIROBI,Nairobi County,Kenya,Cube,,,"It was just there, almost completely still, with sharp lights coming from it.
It was there — almost not visible — and I am not crazy",01/02/2026,-1.302398,36.8288509,
01/01/2026 01:00,VERMILION,AB,Canada,Oval,,,"Stationary oval UFO with racetrack midsection and three dark dots hovered ~300 ft, glowing fluorescent green, then blinked out.",01/01/2026,53.3527093,-110.8542072,
01/01/2026 00:06,ROCKLEDGE,FL,USA,Orb,,,Orbs moved silently from NW to SE at medium speed in train formation over a period of ten minutes.,12/31/2025,28.330831,-80.7349162,
01/01/2026 00:44,ZADAR,Zadarska županija,Croatia,Diamond,,,"It was moving from south to northwest, with the naked eye it was a diamond shape and looked like it was on fire,in the end go in space",12/31/2025,44.1168594,15.2353257,
01/03/2026 06:44,DICKINSON,TX,USA,Orb,,,Bright white bowl of light shot straight down and disappeared.,01/04/2026,29.4607876,-95.0513173,
01/04/2026 19:27,QUINCY,WA,USA,Orb,,,"Bright blue-white orb zipped low and silent NW–SE, far faster than jets or aircraft; not a meteor or reflection.",01/04/2026,47.2343673,-119.8535054,
01/04/2026 20:12,PETROLINA,Pernambuco,Brazil,Diamond,,,I was sitting looking at the sky watching two lights thinking they were planets.,01/04/2026,-9.3817334,-40.4968875,
01/03/2026 03:00,WHITTIER,CA,USA,Orb,,,I watched it for amount an hour.,01/04/2026,33.9749136,-118.0338664,
01/04/2026 20:33,BELLE,MO,USA,Light,,,"Four different colored lights, appearing and disappearing in a small area of sky. Sometimes showing up large/ bright before vanishing",01/05/2026,38.2856893,-91.7225073,
01/02/2026 19:07,MANSFIELD,England,United Kingdom,Cigar,,,"Silent low golden globe like a neon snowflake, followed by a long narrow shape with golden lights; no aircraft sounds.",01/05/2026,53.1443785,-1.1964165,
01/04/2026 10:30,PALM BAY,FL,USA,Light,,,"Got phone footage, on Facebook and Instagram",01/05/2026,27.9946969,-80.6366144,
01/01/2026 21:54,CAMPO LARGO,Paraná,Brazil,Cone,,,I was sitting on the porch when I saw 2 shining discs pass through the sky.,01/05/2026,-25.4597726,-49.5270851,
01/05/2026 09:30,JOSTEDAL,Vestland,Norway,Circle,,,Ball of light moving straight up before stopping and fading away,01/05/2026,61.5876126,7.2819091,
01/05/2026 18:19,LUFKIN,TX,USA,Formation,,,I was outside at about 6pm at night and me and my father saw a strand of white lines.,01/05/2026,31.3386242,-94.7288558,
01/05/2026 18:15,DENVER,CO,USA,Light,,,Was in my porch looked up and seen 7 orb type craft high up in the atmosphere clear night moving from west to east then one turned,01/05/2026,39.7392364,-104.984862,
01/06/2026 14:21,FORT MYERS,FL,USA,Circle,,,"A sphere slowly descended and landed at an angle, resting motionless with strange shapes visible, though observed from a distance.",01/06/2026,26.640628,-81.8723084,
01/06/2026 13:50,SHICKSHINNY,PA,USA,Egg,,,"Heard the loud sound of helicopters, grabbed my phone to take pics, saw the egg first then the 4 blackhawks",01/06/2026,41.1531388,-76.1502078,
01/06/2026 17:00,MIDWEST CITY,OK,USA,Other,,,"I watched a large craft shift from plane-like to glowing orb, then vanish",01/06/2026,35.4495097,-97.3967025,
01/06/2026 12:41,LAKELAND,FL,USA,Sphere,,,3 spheres were directly above us.,01/06/2026,28.0394654,-81.9498042,
01/06/2026 19:58,GEARY,OK,USA,Orb,,,"I was walking through my property, and I looked up and saw this glowing orb in the sky not very high. It was made of lightning.",01/06/2026,35.6302132,-98.3184548,
01/07/2026 01:08,ODESSA,TX,USA,Light,,,UAP Drone goes dark,01/06/2026,31.8457149,-102.367687,
01/04/2026 17:33,EASTLEIGH,England,United Kingdom,Triangle,,,Whilst traveling along the m27 towards eastleigh airport direction I saw a yellow to orange flash,01/07/2026,50.9691736,-1.3517331,
01/06/2026 20:30,OTTUMWA,IA,USA,Orb,,,Multiple lights fading in and out flying in various directions in the same part of the sky,01/07/2026,41.0195659,-92.4116886,
01/07/2026 02:50,ODESSA,TX,USA,Other,,,Bowler Hat Shaped UAP,01/07/2026,31.8457149,-102.367687,
01/07/2026 17:36,MILWAUKIE,OR,USA,Changing,,,"“Eye in the Sky” spotted in Portland, OR",01/07/2026,45.4440051,-122.6412523,
01/07/2026 18:23,HEISKELL,TN,USA,Circle,,,I saw a Black almost Stove Pipe like object maybe 1/2 mile away to the South of me,01/07/2026,36.081816,-84.0539821,
01/03/2026 19:07,PERU,IN,USA,Circle,,,"White light above the clouds performing abrupt turns, exceleration, and full stops, at one point accelerating with a wave type pattern",01/08/2026,40.7537253,-86.0690325,
01/08/2026 18:22,KNOXVILLE,TN,USA,Triangle,,,Craft following American Eagle flight RPA4712,01/08/2026,35.9603948,-83.9210261,
01/07/2026 19:35,,MA,USA,Circle,,,Circular UFO with orange color and Lights seen high in the sky,01/08/2026,42.3788774,-72.032366,
01/08/2026 21:23,SAYRE,OK,USA,Light,,,Lights in the sky originating from 1 to 3 and pulses of light.,01/08/2026,35.2979543,-99.6399648,
01/08/2026 17:30,TOPSHAM,England,United Kingdom,Formation,,,"6 lights in a line, not breaking formation, seen for 1 1/2 hours from North Berwick to Topsham, always through passenger side window",01/09/2026,50.6850732,-3.4658063,
01/06/2026 11:00,BRANDON,FL,USA,Triangle,,,Videoing a plane contrail when I noticed,01/09/2026,27.937801,-82.2859247,
01/08/2026 23:59,BUFORD,CO,USA,Triangle,,,I saw it and shot at it 2 time then it disappeared it had light on each of its conners,01/09/2026,39.9871994,-107.6167299,
01/10/2026 00:10,MACCLESFIELD,England,United Kingdom,Circle,,,Saw I strange shape in the sky that was bright and moving fast,01/09/2026,53.2606635,-2.1255158,
01/07/2026 03:45,NORFOLK,VA,USA,Circle,,,Green light/ circular craft moving at a high speed,01/09/2026,36.8493695,-76.2899539,
01/09/2026 20:31,,MA,USA,Sphere,,,Saw item stationary in night sky. Moved when plane nearby then back to same location. Saw 2 times.,01/09/2026,42.3788774,-72.032366,
01/09/2026 18:21,WEST END,Westmoreland Parish,Jamaica,Changing,,,Object Dissapates Over Negril's West End,01/10/2026,,,
01/09/2026 14:30,CEDAR CITY,UT,USA,Circle,,,Came from behind mtn. Stopped for a second then sped off north west. Extremely fast.,01/10/2026,37.6774238,-113.061827,
01/09/2026 03:00,SAUGERTIES,NY,USA,Orb,,,Awoken by bright light - saw a bright orange orb,01/10/2026,42.0775906,-73.9529126,
01/08/2026 19:30,GASPORT,NY,USA,Light,,,Star looking light moving unlike anything seen before in small space making erratic movements,01/10/2026,43.1923406,-78.5766036,
01/10/2026 14:42,LOCKPORT,NY,USA,Oval,,,Very bright unusual lights in the daytime sky not typical of aircraft I've seen before,01/10/2026,43.1687104,-78.696567,
01/10/2026 21:25,REDCAR,England,United Kingdom,Unknown,,,Looked like a drone the size of a large pick up,01/10/2026,54.6179021,-1.0687914,
01/09/2026 09:09,WAILEA-MAKENA,HI,USA,Light,,,Hovering lighting speed disco ball moved over by the ocean from over wailea,01/10/2026,20.6553747,-156.4314812,
01/10/2026 19:00,CASSATT,SC,USA,Light,,,Large amount of random intensity orbish / lights,01/10/2026,34.3647389,-80.4353898,
01/11/2026 04:35,RANCHO MIRAGE,CA,USA,Orb,,,"Three dates with two viewers: approx 10,000 foot elevation with fixed (no sound) hovering followed by movement and repositioning",01/11/2026,33.7583005,-116.4347271,
01/11/2026 17:20,KUCHAŘOVICE,Jihomoravský kraj,Czechia,Sphere,,,"Possible half sphere, slow flying, not very high, bright, and without sound",01/11/2026,48.8759568,16.0769696,
01/11/2026 17:33,,Plzeň,Czech Republic,Orb,,,"On the ceiling, I saw a moving light that lit up after a while.",01/11/2026,49.7477415,13.3775249,
01/10/2026 19:00,UPWELL,England,United Kingdom,Unknown,,,"Very bright yellow lights ,appeared to be on a craft. Quite low but NO sound and appeared very large moving slowly.",01/11/2026,52.6012339,0.2205283,
01/11/2026 19:00,PRYOR,OK,USA,Circle,,,We saw a large sphere with different colored lights flashing.,01/11/2026,36.3084275,-95.3169136,
01/11/2026 18:49,BRIDGEWATER,NJ,USA,Orb,,,Orb passing eastward overhead,01/11/2026,40.5598127,-74.5517146,
01/10/2026 10:25,CAIRO,MO,USA,Changing,,,Observed a strange craft,01/11/2026,39.5119787,-92.4404603,
01/10/2026 00:10,MIAMI,FL,USA,Fireball,,,"It was 12:00, I was outside a house smoking a cigarette and looking at the sky, and I saw a very intense fireball flying towards me.",01/11/2026,25.7741566,-80.1935973,
01/12/2026 01:20,JAMSHEDPUR,Jharkhand,India,Other,,,"Seen an alien, half body was visible behind roof wall which was 8 feet, head big and round, grey black body as seen in night,",01/12/2026,22.8015194,86.2029579,
01/11/2026 12:45,MONTANHA,State of Espírito Santo,Brazil,Egg,,,"Something in the shape of an egg in the sky was dark, and it was not possible to see any kind of light because it was very sunny.",01/12/2026,,,
01/11/2026 22:54,ALAGOA NOVA,Paraíba,Brazil,Unknown,,,It was very scary; my friend and I thought we were going to die.,01/12/2026,-7.0601145,-35.7614565,
01/12/2026 17:11,PARAUAPEBAS,Pará,Brazil,Cube,,,"I was at home until I looked at the sky and saw a black cube; at first, I thought it was an illusion, but then I saw that it was really",01/12/2026,-6.0696846,-49.8903283,
01/11/2026 20:54,PLYMOUTH,MI,USA,Orb,,,4-5 orbs of light seen and filmed moving and brightening in sky,01/12/2026,42.3712,-83.4675021,
01/12/2026 19:44,EMBU DAS ARTES,São Paulo,Brazil,Triangle,,,"I saw something in the sky, it was dark, but it was possible to see because of some lights that were flashing.",01/12/2026,-23.6495294,-46.8528497,
01/12/2026 20:03,NOVA SERRANA,State of Minas Gerais,Brazil,Cylinder,,,"From my balcony, I saw a huge wingl",01/12/2026,,,
01/12/2026 18:30,CHILLICOTHE,OH,USA,Disk,,,A disc looking craft flying close to the tree line with rotating blue orbs,01/12/2026,39.3331197,-82.9824019,
01/12/2026 18:20,ROCHESTER,IN,USA,Orb,,,"Horizontal line of yellow/white light orbs 5-6, blinking out and back on one at a time. Reappearing in new location.",01/12/2026,41.0648846,-86.2159959,
01/11/2026 18:13,SETE LAGOAS,State of Minas Gerais,Brazil,Circle,,,I was in my parents' room watching TV until I looked at the sky and saw that.,01/12/2026,,,
01/12/2026 22:26,UBATUBA,São Paulo,Brazil,Triangle,,,"There were two triangles, kind of with the tops of both stretched out.",01/12/2026,-23.433162,-45.083415,
01/12/2026 22:43,SÃO JOSÉ DO SERIDÓ,Rio Grande do Norte,Brazil,Disk,,,"4 disco appeared in the middle of a forest going from side to side, then it stopped and landed in a part, we managed to see them.",01/12/2026,-6.4488139,-36.878528,
01/01/2026 23:06,JUIZ DE FORA,Minas Gerais,Brazil,Oval,,,"During the overflight of the area, an oval-shaped object emitting intermittent light signals was observed.",01/12/2026,-21.7609533,-43.3501129,
01/13/2026 01:27,LOSCOE,England,United Kingdom,Circle,,,The patterns of the lights look irregular & I saw multiple more go past after I put my phone down I was too shocked,01/12/2026,53.0278998,-1.3724113,
01/11/2026 05:10,WAIKOLOA BEACH RESORT,HI,USA,Light,,,Bright light energy source,01/12/2026,19.9212437,-155.883456,
01/01/2026 21:50,MANACAPURU,Amazonas,Brazil,Triangle,,,Triangle-shaped ship flying above the clouds.,01/12/2026,-3.2996768,-60.6213528,
01/13/2026 00:41,,Santa Catarina,Brazil,Circle,,,Very strange something round gray flying and a very strong red light.,01/12/2026,-27.0628367,-51.114965,
01/10/2026 14:05,SÃO PAULO,São Paulo,Brazil,Cigar,,,"I saw a strange cigar-shaped ship with bright, colorful lights. It vanished before my brother saw it. I’m still scared!",01/12/2026,-23.5506507,-46.6333824,
01/11/2026 21:00,CAPE SAINT FRANCIS,Eastern Cape,South Africa,Light,,,Two light objects started darting around the sky then disappeared together,01/12/2026,,,
01/12/2026 20:28,ROACH,MO,USA,Orb,,,White orb exhibiting extreme speed and acceleration,01/12/2026,37.9939231,-92.8362978,
01/12/2026 18:36,CUIABÁ,State of Mato Grosso,Brazil,Cigar,,,Elongated format in white color.,01/12/2026,,,
01/11/2026 23:54,,Paraná,Brazil,Circle,,,"While walking along the trail, I spotted the bright blue object near the water in the center of the lake.",01/13/2026,-24.4842187,-51.8148872,
01/13/2026 05:50,AIKEN,SC,USA,Triangle,,,Three lights moving quickly across the sky then it moved even quicker back to where I first saw it and disappeared,01/13/2026,33.5723191,-81.6182086,
01/11/2026 18:32,BUDAPEST,,Hungary,Sphere,,,"Saw big light above the horizon getting bigger, so I got my phone out to film it.",01/13/2026,47.4978789,19.0402383,
01/13/2026 07:30,BEAVERTON,MI,USA,Other,,,Driving a bucket truck to a location. Seen the craft with white lights as big as a passenger aircraft. 50 seconds and it disappeared.,01/13/2026,43.882247,-84.484732,
01/13/2026 03:24,PORTO ALEGRE,State of Rio Grande do Sul,Brazil,Oval,,,"I was cutting the stars from the sky but I saw a white and green light moving, it was very close. I used binoculars, it was a UFO.",01/13/2026,,,
01/11/2026 19:41,,Rio de Janeiro,Brazil,Disk,,,We were at the beach when we saw a flying saucer with green and red colors slowly passing through the sky.,01/13/2026,-22.9110137,-43.2093727,
01/04/2026 20:00,PEDERNEIRAS,São Paulo,Brazil,Orb,,,3 bright circles moving in an uncontrolled manner.,01/13/2026,-22.351086,-48.778113,
01/12/2026 20:28,OLINDA,Pernambuco,Brazil,Circle,,,"I was on the balcony and looked at the beach when 5 points of bright light appeared, stationary and in a V formation.",01/13/2026,-7.9986401,-34.8459552,
01/07/2026 18:54,,Lisbon,Portugal,Light,,,I was taking a picture of the sky when a beam of light appeared in the sky and then disappeared.,01/13/2026,38.7077507,-9.1365919,
01/12/2026 20:42,,São Paulo,Brazil,Light,,,My friend and I spotted a bright neon green straight line in the sky moving slowly through the night; it was straight and neon green.,01/13/2026,-23.5506507,-46.6333824,
01/12/2026 21:58,,,International Waters,Triangle,,,A UFO with colorful triangular lights.,01/13/2026,-6.1817263,106.8159505,
01/11/2026 22:00,NAPERVILLE,IL,USA,Orb,,,Constant visual sightings since 24 December 2025,01/13/2026,41.7728699,-88.1479278,
01/13/2026 08:10,CLARE,MI,USA,Disk,,,We saw a huge disk like craft with lots of light on it,01/13/2026,43.9688673,-84.8505091,
12/01/2025 17:45,TOLLAND,CT,USA,Light,,,Witnessed 3 blue lights move across the sky with one of them changing direction in a impossible way,12/01/2025,41.8700166,-72.3677153,
12/01/2025 20:50,ROCKAWAY TOWNSHIP,NJ,USA,Orb,,,White orb floating and suddenly dropping from sky,12/01/2025,40.9302182,-74.4871818,
12/02/2025 04:15,CIMARRON,KS,USA,Unknown,,,A minimum of three lights that were alternately bright then dim to the point you couldn't see them.,12/02/2025,37.8064804,-100.3472559,
12/01/2025 21:00,JAMESTOWN,NY,USA,Light,,,Two pilots observed three aircraft,12/02/2025,42.0965167,-79.2380322,
12/01/2025 11:50,LAKEWOOD,CO,USA,Circle,,,"Circular gray metallic disc hovered silently, glided side-to-side, then shot upward at high speed—unlike any known aircraft.",12/02/2025,39.7085736,-105.0846694,
12/02/2025 20:45,BELLA VISTA,AR,USA,Orb,,,Walked out my front door and saw a bright object moving in the distance. It was moving North to Southwest.,12/02/2025,36.4678036,-94.2669727,
12/02/2025 20:46,HAMILTON TOWNSHIP,NJ,USA,Light,,,Sighting of numerous moving beams of light through the clouds.,12/02/2025,40.2113211,-74.6858335,
12/02/2025 17:52,BARTLESVILLE,OK,USA,Light,,,I walked outside to let my dog out and looked up thinking the light was a star. It was blurry and I daw it moving so started recording.,12/02/2025,36.7509272,-95.9771779,
12/02/2025 18:00,DERIDDER,LA,USA,Changing,,,"Sonic boom circle in sky caught my eye. Object moving west after boom, suddenly veers south. Had atmospheric burning in front? Changed",12/02/2025,30.846201,-93.289281,
12/02/2025 21:00,SEATTLE,WA,USA,Orb,,,Something zipped past the clouds outside my windows which drew my attention. Three more were moving around then took off,12/03/2025,47.6038321,-122.330062,
12/04/2025 12:00,DORDRECHT,South Holland,Netherlands,Changing,,,"Circular motion, very fast, i don't know who to report",12/03/2025,51.7689546,4.6867891,
12/03/2025 17:40,YELLVILLE,AR,USA,Unknown,,,It flipped in no flashing lights traveled south in a diagonal direction and blipped out,12/03/2025,36.2261109,-92.6848402,
12/03/2025 06:00,HESPERIA,CA,USA,Light,,,"Silent and giant light of multiple colors flashing appeared above horizon, then shot away and disappeared 3 seconds later.",12/03/2025,34.4220358,-117.3046869,
12/03/2025 21:55,PITTMAN CENTER,TN,USA,Triangle,,,Extremely large triangular craft with lights flying southwest,12/03/2025,35.7592606,-83.3959924,
12/03/2025 22:35,,,Cambodia,Orb,,,Blue orb was seen floating close to the ground then flew up and disappeared,12/03/2025,12.5433216,104.8144914,
12/03/2025 14:55,GREENSBORO,NC,USA,Cigar,,,UAP craft seen in broad daylight,12/03/2025,36.0726355,-79.7919754,
12/03/2025 21:15,VALE,OR,USA,Light,,,Multiple lights circling then disappearing,12/03/2025,43.982063,-117.238456,
12/03/2025 22:40,MILLVILLE,IN,USA,Circle,,,Three white dots random maneuvering high speed and changing direction/speed,12/03/2025,39.9247688,-85.25191,
12/03/2025 04:20,GOLD BAR,WA,USA,Other,,,"It flew across the road too fast to not hit a tree, did some kind of interdimentional flight or time travel",12/04/2025,47.8540432,-121.693202,
12/04/2025 16:37,INDIANAPOLIS,IN,USA,Circle,,,No emissions whatsoever moving in straight line roughly 200 mph super bright like it was reflecting off sun,12/04/2025,39.7683331,-86.1583502,
12/02/2025 19:37,VICTORVILLE,CA,USA,Orb,,,A flashing hovering UFO,12/04/2025,34.5361067,-117.2911565,
12/04/2025 22:28,BAINBRIDGE,NY,USA,Light,,,Object moved in all directions slowly and another hovered until it quickly left,12/04/2025,42.2935152,-75.4792592,
12/02/2025 18:29,CHRISTIANSTED,Saint Croix,US Virgin Islands,Light,,,The light image with circle appeared no known source - hundreds of feet wide - up from the ocean 1/2 mile high with circle on top.,12/05/2025,17.7439481,-64.7079823,
12/05/2025 04:00,BARTONSVILLE,PA,USA,Changing,,,"Three UFOs in a triangle formation. Two of them cris-cross, stop, and shoot up in the sky. The third one disappeared in the tree line",12/05/2025,41.0050926,-75.2796274,
12/05/2025 03:30,VILLAGE OF CLARKSTON,MI,USA,Orb,,,Four moving orbs fading in and out,12/05/2025,42.735863,-83.4188304,
12/05/2025 07:44,ANCHORAGE,AK,USA,Egg,,,Coming home from bus stop looked up above my house. Saw egg shake craft white light front back blue light center heading Southwest. Big,12/05/2025,61.2163129,-149.894852,
12/04/2025 20:45,LENHARTSVILLE,PA,USA,Light,,,Large object with many bright lights hovering in night sky,12/06/2025,40.5729005,-75.8880028,
12/01/2025 13:00,DAYTON,Western Australia,Australia,Unknown,,,Cloaked aircraft flew over my vehicle,12/06/2025,-31.8557737,115.9740664,
12/01/2025 18:15,ADWICK LE STREET,England,United Kingdom,Oval,,,Light moving slowly. No sound at all,12/06/2025,53.5733907,-1.1883754,
12/06/2025 18:12,LAC DU FLAMBEAU,WI,USA,Rectangle,,,Was standing outside and saw a unknown craft with different colors emitting off of it,12/06/2025,45.9702769,-89.8928015,
12/06/2025 18:15,SUPERIOR,WI,USA,Unknown,,,A Fir ball was in the sky close to hitting ground and vanished then a craft at a 70-75 degree angle zooms past with rotating lights,12/06/2025,46.7207737,-92.1040796,
12/06/2025 19:15,RAVENNA,MI,USA,Disk,,,UFO above tree-line.,12/06/2025,43.189626,-85.93704,
12/06/2025 18:02,COLORADO SPRINGS,CO,USA,Formation,,,Formation of moving Spears coming from Cheyenne Mountain towards 18th Street. And disappearing right above us,12/06/2025,38.8339578,-104.825348,
12/06/2025 15:24,UNION PARK,FL,USA,Circle,,,"Black, circular, flat, donut (hole in middle?), moving in sky in central Florida",12/06/2025,28.5612664,-81.2343011,
12/06/2025 20:30,RED LION,PA,USA,Orb,,,I literally cannot explain what else it could’ve been,12/06/2025,39.9009334,-76.6058001,
12/06/2025 18:15,BLACK RIVER FALLS,WI,USA,Orb,,,"A lighted object for only a few seconds. Green and in the snowy sky, semed to be small accelerating then disappeared in front of me",12/06/2025,44.2952152,-90.8484137,
12/06/2025 19:30,MONROE,MI,USA,Unknown,,,I was abducted in South Monroe Michigan 30 yrs ago as a child so I'm so fascinated with ufos they are now apart of me . My boyfriend w,12/07/2025,41.9153358,-83.5135665,
12/07/2025 04:00,PERISTERI,,Greece,Cylinder,,,Lights who change and disappear after 1-2 sec leaving smoke,12/07/2025,38.0128111,23.6955137,
12/06/2025 05:30,TOTTON,England,United Kingdom,Diamond,,,"Pointy front wider at the back, white trail",12/07/2025,50.9176659,-1.4830687,
12/06/2025 07:11,PORTLAND,OR,USA,Orb,,,Large bright silver orb/light moving very slowly along the horizon and then up towards the moon and then it vanished into thin air,12/07/2025,45.5202471,-122.674194,
12/07/2025 18:05,ASHTON,MI,USA,Light,,,"Driving home just after sunset, a bright white light with tail, moving horizontally flashed and disappeared.",12/07/2025,43.9735089,-85.5030275,
12/07/2025 18:00,STILLWATER,MN,USA,Changing,,,Passing through around the lake and then one just still,12/07/2025,45.0559126,-92.807572,
12/05/2025 06:05,PANAMA CITY,Panamá Province,Panama,Light,,,"They appeared to be aligned in a straight line. Then, one by one, they began to disappear—as if a light were being switched off",12/07/2025,8.9714493,-79.5341802,
12/06/2025 03:45,PARTRIDGE,KS,USA,Light,,,"3 lights, started as 1, then formed a triangle formation as 3, 2 shot off, then 1 came back.",12/07/2025,37.9672349,-98.0925584,
12/01/2025 19:02,GEBELE,,Azerbaijan,Light,,,"Observed a light looking like a sattelite, but moving too fast.",12/08/2025,40.3783573,49.8765543,
12/07/2025 21:30,EL PASO,TX,USA,Light,,,I saw a white light in the sky moving as if performing a show it would also change shapes almost like a human it was really scary .,12/08/2025,31.7601001,-106.4870476,
12/08/2025 05:42,CARSON CITY,NV,USA,Circle,,,Something as high as the stars started moving back the other directions us when I knew something’s different..,12/08/2025,39.1663259,-119.7670374,
12/08/2025 08:00,GOLDEN,CO,USA,Orb,,,3 to 5 orbs darting around in circles while off and on disappearing.,12/08/2025,39.7546349,-105.22058,
12/08/2025 18:00,NORMAN,OK,USA,Orb,,,Soft bright light floating in one spot then moved left and it looked like 2 soft beams of light slowly emitted from it.,12/08/2025,35.2225717,-97.4394816,
12/08/2025 18:07,LAKE CHARLES,LA,USA,Cigar,,,Acorn shaped object was joined by cigar shaped object,12/08/2025,30.2305095,-93.2169807,
12/08/2025 18:00,HOUSTON,TX,USA,Unknown,,,"Looks like an airplane flying through fog, but it was a clear dusk sky.",12/08/2025,29.7589382,-95.3676974,
12/08/2025 18:04,BRYAN,TX,USA,Changing,,,"Craft appeared in the sky as a bright light that seemed obscured by clouds, but sky was clear. Traveled in a linear path.",12/08/2025,30.6743643,-96.3699632,
12/08/2025 18:01,FORT WORTH,TX,USA,Sphere,,,Steady bright white light sphere shape moving in atmosphere produces a smoke ring when slowing down it's initial speed of travel,12/08/2025,32.753177,-97.3327459,
12/08/2025 17:59,ARDMORE,OK,USA,Triangle,,,Sitting on porch - look up and see the craft,12/08/2025,34.1729273,-97.1309119,
12/08/2025 18:10,HOUMA,LA,USA,Teardrop,,,White light moving from east to west. Observed for between 5 to 10 min.,12/08/2025,29.5957696,-90.7195348,
12/08/2025 18:00,CADDO MILLS,TX,USA,Changing,,,Glowing orb that shot out some type of beam,12/08/2025,33.065668,-96.2278201,
12/08/2025 15:45,HICKSVILLE,OH,USA,Sphere,,,2 sphere shaped craft moving together as one,12/08/2025,41.293106,-84.7619032,
12/08/2025 19:57,WEST HURLEY,NY,USA,Triangle,,,Seemed to follow us. Moved erratically,12/08/2025,42.009416,-74.1152619,
12/08/2025 18:00,ELM MOTT,TX,USA,Unknown,,,This object was completely silent and itself was blurry but the sky was 100% clear u could see stars no problem,12/08/2025,31.6715215,-97.1000553,
12/08/2025 18:00,DELPHOS,KS,USA,Unknown,,,"Southwest evening sky moving east, disappeared",12/08/2025,39.273889,-97.771983,
12/08/2025 18:00,DALLAS,TX,USA,Orb,,,We witnessed this during twilight.,12/08/2025,32.7762719,-96.7968559,
12/07/2025 00:45,CHASKA,MN,USA,Sphere,,,"Saw 3 lights in the night sky move left to right, in space then moved right down to 1000 feet then swung right to left in an arc.",12/08/2025,44.7894072,-93.6021791,
12/08/2025 18:00,SHERMAN,TX,USA,Circle,,,Unlike anything I e seen in 52 years was a glowing dot with a haze and a huge perfect circle around it that was not normal,12/09/2025,36.2452294,-101.8858689,
12/08/2025 18:51,WEATHERFORD,TX,USA,Light,,,A bright light surrounded by a haze.,12/09/2025,32.7589648,-97.7970748,
12/06/2025 21:50,KANNAPOLIS,NC,USA,Triangle,,,2 Triangle shaped craft with lights on the 3 corner flew quietly directly above my head,12/09/2025,35.4979605,-80.6240008,
12/08/2025 22:00,CHECOTAH,OK,USA,Light,,,"Large light moving fast,",12/09/2025,35.4700917,-95.5230691,
12/09/2025 17:45,ALBUQUERQUE,NM,USA,Unknown,,,We were driving back home and seen a burst of light almost like a flare appear out of nowhere and then shoot horizontally and dissipate,12/10/2025,35.0841034,-106.650985,
12/09/2025 20:57,WESTPORT,CT,USA,Unknown,,,I was on the highway and I saw an intense red dot hover in place before disappearing a few seconds later,12/09/2025,41.1414855,-73.3578955,
12/03/2025 19:45,ÅDALSBRUK,Innlandet,Norway,Orb,,,"Silent bright green orb at treetop height, pulsing and hovering before drifting away and disappearing behind trees.",12/09/2025,60.7894133,11.3057568,
12/08/2025 20:30,KAPUSKASING,ON,Canada,Light,,,My spouse took this video at the legion after two people had come inside and said there is something weird flying in the sky,12/09/2025,49.416667,-82.433333,
12/08/2025 18:30,CORPUS CHRISTI,TX,USA,Triangle,,,"Witnessed three white lights in a perfect triangle traveling SW→NE over Corpus Christi; silent, steady, and holding formation",12/09/2025,27.7635302,-97.4033191,
12/10/2025 00:00,CLIFTON PARK,NY,USA,Triangle,,,Observed an aircraft and cannot explain what it was,12/10/2025,42.8630374,-73.7747623,
12/10/2025 19:52,NEWCASTLE UPON TYNE,England,United Kingdom,Circle,,,"I am away from my home at the moment, this was picked up on the blink camera that keeps an eye on my back garden",12/10/2025,54.9738474,-1.6131572,
12/10/2025 03:45,BLOOMINGTON,CA,USA,Flash,,,"We were driving to the airport, a bright orange streak, subsiding to a point of light and then disappearing was seen.",12/10/2025,34.0592342,-117.4029681,
12/11/2025 02:25,LEMESOS,Lemesos,Cyprus,Light,,,Flying object without sound,12/10/2025,34.6852901,33.0332657,
12/11/2025 07:55,BURY ST EDMUNDS,England,United Kingdom,Light,,,2 x hypersonic neon bright white tic tac shape fly straight but erratic skipping to the side and back again,12/11/2025,52.2460367,0.7125173,
12/09/2025 20:55,SANTA MONICA,CA,USA,Triangle,,,Iridescent triangular craft appears on live cam and hovers across the sky,12/11/2025,34.0194704,-118.491227,
12/09/2025 21:00,HICKORY,MS,USA,Changing,,,"Huge with smaller crafts going in and out, looks like 2 ""mother ships"", fades away, comes back, moves RAPIDLY up to about 40°",12/11/2025,32.3176442,-89.0256113,
12/11/2025 13:14,MARANDUA,Vichada,Colombia,Disk,,,I saw a distant light that moved abruptly in all directions; suddenly it got so close that I could see a series of windows.,12/11/2025,5.5703341,-68.5132305,
12/11/2025 06:18,YADKINVILLE,NC,USA,Orb,,,Was watching the sunrise when I saw an orb sitting still in the sky flashing. I pulled the camera out to video.,12/11/2025,36.1345807,-80.6595079,
12/11/2025 18:26,MELBA,ID,USA,Orb,,,Orb emiiting other orbs,12/11/2025,43.3732565,-116.5304946,
12/11/2025 04:00,LOCKPORT,NY,USA,Light,,,I went outside to smoke and saw strange lights moving in the eastern sky. I look up at stars all the time. These were different.,12/11/2025,43.1687104,-78.696567,
12/12/2025 07:35,HAMILTON TOWNSHIP,NJ,USA,Circle,,,NW in the open sky was a very highly reflective silver object. It was hard to say the shape due to the reflection of the morning sun.,12/12/2025,40.2113211,-74.6858335,
12/13/2025 05:45,RAINSVILLE,AL,USA,Orb,,,4 times bigger and brighter than a planet. No flashing lights or rotor noises.,12/13/2025,34.4942536,-85.8477494,
12/12/2025 19:22,PALM COAST,FL,USA,Light,,,Saw a light appear from the east running horizontally towards south but did not move in a straight line (kind of zig zag like),12/12/2025,29.5541432,-81.2207673,
12/12/2025 16:20,MIDLOTHIAN,IL,USA,Other,,,Pentagon shaped objects oriented vertically,12/12/2025,41.6253116,-87.7175491,
12/03/2025 21:45,DANDRIDGE,TN,USA,Formation,,,Cluster of red lights that disappeared and then reappeared and flew in formation.,12/14/2025,36.0153693,-83.4148895,
12/13/2025 22:10,BULKINGTON,England,United Kingdom,Triangle,,,White orb becomes 3 orbs triangle course change 90 degrees high speed exit,12/14/2025,51.3251007,-2.0840979,
12/14/2025 18:20,SØNDERBORG,,Denmark,Triangle,,,"An arrow shaped neon light that appeared, disappeared, then reappeared, and shot off in a trail of light.",12/14/2025,54.9089186,9.7897999,
12/06/2025 18:06,MANITOWOC,WI,USA,Orb,,,"Large bright light moving horizontally west-to-east, with smaller lights trailing",12/14/2025,44.0998341,-87.827992,
12/13/2025 22:59,CENTENNIAL,CO,USA,Triangle,,,3 round lights in a triangle formation,12/14/2025,39.579155,-104.8769227,
12/14/2025 05:58,ALBUQUERQUE,NM,USA,Orb,,,Saw object at satellite altitude moving erratically,12/14/2025,35.0841034,-106.650985,
12/14/2025 00:48,ALBUQUERQUE,NM,USA,Rectangle,,,Gliding or flying UFO passes above me while watching asteriods.,12/14/2025,35.0841034,-106.650985,
12/06/2025 19:00,LENOX,AL,USA,Changing,,,Beam of light emerging from a hole in the clouds,12/13/2025,31.3365577,-87.1855331,
12/13/2025 10:37,OTISVILLE,MI,USA,Light,,,A light that looked like a star shot back and fourth in the sky before zipping away and vanishing,12/13/2025,43.166137,-83.524398,
12/13/2025 21:53,CHIEFLAND,FL,USA,Triangle,,,"Walking my dog, looking at the stars V shaped craft shot across the sky faster than I’ve ever seen",12/13/2025,29.4749586,-82.8591997,
12/11/2025 20:24,NORTHWOOD,NH,USA,Orb,,,I was driving at one point there was at least ten. They looked like lights but they were so high up they couldn’t have been.,12/13/2025,43.194664,-71.151581,
12/13/2025 17:49,RALEIGH,NC,USA,Cross,,,Vid of approx 1' vertical cross w/ additional arms moving in straight trajectory approx 5' from ground,12/14/2025,35.7803977,-78.6390989,
12/12/2025 19:30,MILLHEIM,PA,USA,Circle,,,We were talking about UFOs and if they were real when all the sudden a white circle with blue trail over the field,12/14/2025,40.8909008,-77.4766586,
12/14/2025 18:29,LAKE LEANN,MI,USA,Circle,,,Insanely bright object began moving to my left and then shot back right and completely disappeared.,12/14/2025,42.047596,-84.4287492,
11/01/2025 06:01,YUCCA VALLEY,CA,USA,Light,,,Southbound silent white light from north switched directions to east before disappearing,11/01/2025,34.1236205,-116.4139839,
11/01/2025 12:28,LANDISVILLE,PA,USA,Light,,,Light orb,11/01/2025,40.0951196,-76.4101958,
11/01/2025 03:00,MELBOURNE,FL,USA,Fireball,,,"My girlfriend and I were fishing on the Pineda bridge early morning when a very large, low flying, slow moving fireball came towards us",11/01/2025,28.0785034,-80.6077908,
11/02/2025 01:15,LAND O' LAKES,FL,USA,Changing,,,"Red light in sky, very faint, then erupted into a light show, then move to the left to the right and then down",11/01/2025,28.2144905,-82.4455929,
11/02/2025 01:15,ALAFAYA,FL,USA,Triangle,,,This Craft Had Three faint lights on each point of the isosceles triangle and it was moving parallel to the horizon From NE to SE,11/01/2025,28.5114497,-81.1874393,
11/01/2025 17:00,HASTINGS,MN,USA,Light,,,Driving on rural road noticed stationary bright light in the sky,11/02/2025,44.7426933,-92.8518697,
11/02/2025 04:00,KILCOO,Northern Ireland,United Kingdom,Circle,,,Watched 8 small round bright objects and a very large one with red lights. They were moving all over the place .,11/02/2025,54.2314023,-6.0295933,
11/02/2025 18:38,RAPIDS CITY,IL,USA,Unknown,,,Air Movement & Sound but no visual,11/02/2025,41.581696,-90.3434561,
11/01/2025 20:40,HILLSBORO,TX,USA,Light,,,"On the night of November 1, 2025, in Hillsboro, Texas, I observed a bright, pure white ball of light that appeared close to the ground,",11/02/2025,32.0108506,-97.1303744,
11/02/2025 20:10,DRYDEN,NY,USA,Triangle,,,"Triangle type craft traveling completely silent, not shown on local radar. Continuous speed and line of travel.",11/02/2025,42.4906182,-76.2976663,
11/02/2025 18:21,ADA,OK,USA,Disk,,,"Saw a disk with blinking lights headed towards Ada, OK",11/02/2025,34.7743383,-96.6783651,
11/02/2025 19:00,WEBSTER,TX,USA,Star,,,Saw a dim star looking figure moving in sky it got really bright then dimmed and stopped in place then shot in a different direction,11/02/2025,29.5351724,-95.1161564,
11/02/2025 01:50,SPARKS,GA,USA,Unknown,,,It wasn’t a sighting- it was contact,11/03/2025,31.1673407,-83.4391597,
11/03/2025 15:00,BIG BEND NATIONAL PARK,TX,USA,Light,,,White lights dropping from space at a slight angle. Some changing direction and flying parallel to the surface.,11/03/2025,29.3332484,-103.1943284,
11/02/2025 21:00,WILLISTON,ND,USA,Fireball,,,Three White Fireballs Falling Through the Sky,11/03/2025,48.1465457,-103.621814,
11/02/2025 18:00,PHELPS,NY,USA,Circle,,,"3 orbs, some pulsation, rapid acceleration",11/03/2025,42.957564,-77.057471,
11/02/2025 18:00,RIVERTON,NJ,USA,Changing,,,5 red glowing UAP’s along Delaware river,11/03/2025,40.0115009,-75.0148931,
11/03/2025 00:51,NEKA,Mazandaran Province,Iran,Unknown,,,Observation of Unidentified Aerial Object,11/03/2025,36.6511824,53.2965182,
11/03/2025 17:16,MONONGAHELA,PA,USA,Cone,,,Craft appeared to be flying in my direction away from the sunset.,11/03/2025,39.952475,-79.9556098,
11/02/2025 21:36,CRAWFORDSVILLE,IN,USA,Triangle,,,New market Indiana on November 2nd around 946pm.,11/03/2025,40.0408627,-86.8997385,
11/03/2025 19:09,FORESTHILL,CA,USA,Fireball,,,Large white ball and purple Haze behind it and orange behind that,11/03/2025,39.0019935,-120.8254018,
11/03/2025 17:45,ROSEVILLE,CA,USA,Orb,,,"Blue orb with a red tail moving laterally across the sky about 30ft above me, moving slowly at first then sped up and shot upwards",11/03/2025,38.7521235,-121.2880059,
11/03/2025 20:23,PAGOSA SPRINGS,CO,USA,Orb,,,"Looking at a ridge from my deck and light would appear and move in a direction and then brighten and disappear, next time move otherway",11/03/2025,37.2695661,-107.010816,
11/04/2025 02:16,NEWARK,NJ,USA,Circle,,,Split second,11/03/2025,40.735657,-74.1723667,
11/04/2025 17:00,AL AHMADI,Al Ahmadi Governorate,Kuwait,Sphere,,,Drone or UFO seen in kuwait sky,11/04/2025,29.0890687,48.0610236,
11/03/2025 17:55,SOLON SPRINGS,WI,USA,Orb,,,Saw two very bright white orb lights appear suddenly and dart off followed by strange dark movements in the same are,11/04/2025,46.3529163,-91.8205458,
11/04/2025 13:05,GUILDERLAND,NY,USA,Cigar,,,"About 600ft, very, very windy yet not affected by wind. Moved slowly. No wings, no engines. No picture. Sorry.",11/04/2025,42.704522,-73.911513,
11/04/2025 18:05,STILLMAN VALLEY,IL,USA,Other,,,"This was a ribbon shaped, slowly morphing object, cloudless sky, not a plane or drone",11/04/2025,42.1072475,-89.1792706,
11/04/2025 18:05,CLYMER,PA,USA,Light,,,Giant foggy beams of light from 1 turned into 2,11/04/2025,40.6682605,-79.011747,
11/04/2025 18:01,WYOMISSING,PA,USA,Orb,,,Swirl formation changed to a fuzzy dot the went away,11/04/2025,40.329537,-75.9652117,
11/04/2025 18:15,NORTHBRIDGE,MA,USA,Formation,,,Was going out to put my trash bro to the street and saw the big thing in the sky and said holy crap. I need to grab my phone ran inside,11/04/2025,42.1145179,-71.654404,
11/04/2025 17:55,SUDBURY,MA,USA,Unknown,,,Weird gigantic shape in the sky flying very consistently,11/04/2025,42.3834278,-71.4161725,
11/04/2025 18:10,EASTHAM,MA,USA,Other,,,"Bright white light with a hazy spiral arm shaped halo surrounding it, drifting quickly over Cape Cod Bay",11/04/2025,41.8305937,-69.9740491,
11/04/2025 18:00,KENNETT SQUARE,PA,USA,Rectangle,,,My wife and I were in our hot tub facing west. The object appeared about half way up the horizon moving west to east.,11/04/2025,39.8467414,-75.7116997,
11/04/2025 18:05,NORWICH,NY,USA,Light,,,Similar to rocket launch shown on this site,11/04/2025,42.5311809,-75.5235149,
11/04/2025 18:00,CHESHIRE,MA,USA,Changing,,,He was changing shape from a straight line two more of a moving spiral,11/04/2025,42.5621859,-73.1615962,
11/04/2025 18:00,GLEN COVE,NY,USA,Light,,,Object was fuzzy in clear skies - curved propeller shape moving North over LI sound,11/04/2025,40.8642028,-73.6317807,
11/04/2025 18:09,WARMINSTER,PA,USA,Light,,,"Moving across the sky like an aircraft, but fast. Moving across the sky as an aircraft, quite fast.",11/04/2025,40.2067751,-75.0996159,
11/04/2025 18:04,BREWSTER,NY,USA,Changing,,,Looked up to see hazy white glow with bright dot,11/04/2025,41.3943918,-73.6170896,
11/04/2025 18:02,ELIOT,ME,USA,Unknown,,,Moving cloudy light in the sky that appeared to be rotating,11/04/2025,43.1081291,-70.7776375,
11/04/2025 18:00,DAMASCUS,MD,USA,Orb,,,"Saw a flying upside down S with lots of planes around it, never seen anything of it in my life got a recording and witnesses",11/04/2025,39.2694729,-77.1968886,
11/04/2025 18:00,NEW YORK,NY,USA,Cigar,,,White rice-shaped object with S spiral coming out of each end,11/04/2025,40.7127281,-74.0060152,
11/04/2025 18:01,PARKTON,MD,USA,Circle,,,“S” shaped object moving through the sky,11/04/2025,39.6409378,-76.6591376,
11/04/2025 18:10,,ON,Canada,Changing,,,In the western sky had an S-shape moving in all different directions,11/04/2025,50.000678,-86.000977,
11/04/2025 18:07,RICHMOND,NH,USA,Other,,,Craft sighting over quiet Richmond neighborhood,11/04/2025,42.7546949,-72.2718887,
11/04/2025 17:45,MONROE,NJ,USA,Other,,,I saw an odd shapged light moving across the sky. Was similar to the shape of the letter S with the edges less defined.,11/04/2025,41.114541,-74.6340505,
11/04/2025 07:00,SHERBURNE,NY,USA,Orb,,,Pinwheel like silent craft,11/04/2025,42.6781266,-75.4985123,
11/04/2025 19:00,MONMOUTH,ME,USA,Other,,,This S shaped UFO remained in the sky,11/04/2025,44.238804,-70.035782,
11/04/2025 18:00,BRIARCLIFF MANOR,NY,USA,Cigar,,,Cigar shaped light floating across the sky,11/04/2025,41.1456512,-73.8237456,
11/03/2025 00:30,SAFETY HARBOR,FL,USA,Orb,,,"Object was stationary to the SE of my home; flashed in intervals like aircraft strobe lights, but did not perceptibly move.",11/04/2025,27.9908529,-82.6931553,
11/04/2025 18:01,MILFORD,CT,USA,Other,,,"Walking along the beach boardwalk, I observed what looked like something that should be spiraling, but was moving steadily from W to N",11/04/2025,41.2222218,-73.0570603,
11/03/2025 21:00,LITTLETON,CO,USA,Orb,,,"Second week in a row, multiple orbs on various days near 9pm-10pm, rapid movement, no FAA compliant lights, disappearing / reappearing",11/04/2025,39.613321,-105.016649,
11/04/2025 18:01,ALLENTOWN,PA,USA,Disk,,,Saw a slowly spinning disk or panel with dust coming out the edges streaking across the sky,11/04/2025,40.6022552,-75.4716115,
11/04/2025 18:00,MANCHESTER,NH,USA,Light,,,Moving and glowing extremely bright white and silver light moving west to east over Manchester New Hampshire. Took a sharp 90 degree,11/04/2025,42.9956397,-71.4547891,
11/04/2025 22:01,ALLISON PARK,PA,USA,Other,,,"Quick straight line of light, lime green color, fat bell shape object then just disappeared.",11/04/2025,40.5584013,-79.9581094,
11/04/2025 20:25,COOPERSBURG,PA,USA,Circle,,,Flying object got really bright and started moving very quickly before vanishing.,11/04/2025,40.51146,-75.3903376,
11/05/2025 12:13,CHAMBERSBURG,PA,USA,Flash,,,Me and my neighbor seen a ufo and the biggest brightest beam of light we have ever seen.,11/04/2025,39.9375112,-77.6612586,
11/05/2025 13:20,DALLAS,TX,USA,Unknown,,,Drone like orange lights abnormal movement and speed no noise,11/05/2025,32.7762719,-96.7968559,
11/04/2025 20:22,TOMBALL,TX,USA,Other,,,Object appeared to be tumbling and shaped like and lowercase m. Maybe a vapor trail visible.,11/05/2025,30.0971621,-95.6160549,
11/04/2025 18:02,FRANKLIN TOWNSHIP,NJ,USA,Disk,,,Weird shaped object emitting white light in weird shape,11/05/2025,40.4784936,-74.5392118,
11/04/2025 19:01,SACRAMENTO,CA,USA,Circle,,,Brite fiery star then it stopped and turned green,11/05/2025,38.5810606,-121.493895,
11/05/2025 18:18,HUNTSVILLE,AL,USA,Light,,,Apparent satellite moved at earth orbit speed then made right angle turn and speed downward 5 times,11/05/2025,34.729847,-86.5859011,
11/05/2025 18:15,LAKEWOOD,CO,USA,Circle,,,Looking north when I saw four circular red glowing orbs more than one and then back-and-forth,11/05/2025,39.7085736,-105.0846694,
11/05/2025 18:08,DENVER,CO,USA,Circle,,,I was in the phone with,11/05/2025,39.7392364,-104.984862,
11/05/2025 20:10,CENTRAL CITY,IA,USA,Light,,,Balls of light flying in every direction,11/05/2025,42.2039609,-91.5243615,
11/05/2025 18:00,DENVER,CO,USA,Changing,,,I filmed these around 6:00 p.m. in Denver they made absolutely no noise they were at least the size of a car and when they finally left,11/05/2025,39.7392364,-104.984862,
11/04/2025 19:00,NORTH HALEDON,NJ,USA,Oval,,,"A weird rectangle with swirly things around it, likely stars surrounding it and it kinda didn’t move and Was the direct opposite moon",11/05/2025,40.9550981,-74.1859782,
11/04/2025 20:10,NIOTA,IL,USA,Orb,,,"Several orbs were seen moving in many directions, 1-5 could be seen at a time. Unusual movements, often made triangle formations.",11/05/2025,40.6175415,-91.2879275,
11/05/2025 18:10,ROSWELL,NM,USA,Formation,,,String of lights in a uniform sequence,11/05/2025,33.3943282,-104.5229518,
11/06/2025 01:56,LAS VEGAS,NV,USA,Light,,,"Object is just sitting above Las Vegas, not moving, arrow shaped.",11/06/2025,36.1674263,-115.1484131,
11/05/2025 23:00,OMAHA,NE,USA,Triangle,,,Three big lights in the shape of a triangle floating by,11/06/2025,41.2587459,-95.9383758,
11/06/2025 03:30,IMLAY,NV,USA,Unknown,,,"Lighted aircraft circling at multiple elevations, taking tight turns and dimming and brightening.",11/06/2025,40.6581551,-118.147358,
11/05/2025 18:25,LAKEWOOD,CO,USA,Orb,,,"Instantaneous voids in shape of 2 equidistant lines in cloud full moon in background, 1 large orb split into multiple orbs",11/06/2025,39.7085736,-105.0846694,
11/06/2025 00:31,BENSALEM,PA,USA,Orb,,,Video of object viewed from within house object seen near pool area. No Lights are around pool.,11/06/2025,40.1045549,-74.951279,
11/06/2025 08:53,PORT WENTWORTH,GA,USA,Oval,,,An almond shape with two hooks pointing forward.  It was there for a second and zapped out of view.,11/06/2025,32.149092,-81.1631681,
11/03/2025 23:00,DULUTH,GA,USA,Triangle,,,Five UFOs roaming through the skies for 10 to 15 minutes before becoming stationary for another 15 minutes.,11/06/2025,34.0028569,-84.1441046,
11/04/2025 17:55,NAPLES,FL,USA,Sphere,,,Object was reflecting the sunset very brightly and stayed in fixed point in the sky. Grew dim when sun set. Gone when I checked later.,11/06/2025,26.1421976,-81.7942944,
11/06/2025 18:10,FAWN GROVE,PA,USA,Triangle,,,V shape moved from left to right in front of the moon,11/06/2025,39.727882,-76.4519078,
11/07/2025 00:47,MADRID,Community of Madrid,Spain,Light,,,"I saw a couple of movement in the sky back and forth, and it looked like an orb and it was going back and forth, white light same.",11/06/2025,40.416782,-3.703507,
11/04/2025 18:05,KENSINGTON,MD,USA,Circle,,,An S-shaped light,11/06/2025,39.0258405,-77.0750246,
11/06/2025 06:20,WINDHAM,NH,USA,Light,,,Big light in the sky that stops and continues to a volcano and disappears.,11/06/2025,42.8006441,-71.304229,
11/06/2025 21:15,ST. AUGUSTINE,FL,USA,Light,,,"It was a flashing light, going faster then other planes in the sky, it changed direction erratically then disappeared.",11/06/2025,29.8946952,-81.3145395,
11/01/2025 19:00,RAPID CITY,SD,USA,Circle,,,Light so big it looked like it covered the moon,11/06/2025,44.0806041,-103.228023,
11/07/2025 05:00,LIVERPOOL,England,United Kingdom,Cube,,,Craft was glowing red and green and changing shape from circle to cube and changing brightness also purple streak in photos,11/06/2025,53.3933411,-2.9166389,
11/07/2025 17:25,KATNI,Madhya Pradesh,India,Cigar,,,Long and high speed and like strip of light,11/07/2025,23.7176393,80.2610181,
11/06/2025 10:14,HAMBURG,PA,USA,Cylinder,,,Lowered down on the field next to a bunch of kids at our school,11/07/2025,40.5553081,-75.9824083,
11/07/2025 17:24,BEND,OR,USA,Other,,,Sighted an object leaving a brilliant trail / wake that was faster than aircraft and slower than any meteor or bolide.,11/07/2025,44.0581728,-121.3153096,
11/06/2025 02:00,FRAMINGHAM,MA,USA,Teardrop,,,A tear drop shaped light passed vertically past my apt. balcony. I know it was close,11/07/2025,42.2773177,-71.4165905,
11/07/2025 20:25,FETHARD,Tipperary,Ireland,Light,,,"Fast moving light moving in south facing direction, second moving west to east south facing",11/07/2025,52.467222,-7.691111,
11/07/2025 21:58,MIRANDA DO CORVO,Coimbra District,Portugal,Disk,,,Disk with Multiplex lights,11/07/2025,40.0941517,-8.3336555,
11/07/2025 18:00,HUNTINGTON,WV,USA,Rectangle,,,"5 white lights, no sound, flying low, appeared to change shape",11/07/2025,38.4192496,-82.445154,
11/07/2025 11:45,DENTON,TX,USA,Orb,,,Small bright orb floating in between homes.,11/07/2025,33.1838787,-97.1413417,
11/08/2025 20:42,TAUPŌ,Waikato Region,New Zealand,Circle,,,Large orange/red orb. Not blinking. Disappeared behind the clouds several miles away.,11/07/2025,,,
11/08/2025 21:12,CHRISTCHURCH,Canterbury Region,New Zealand,Orb,,,"Standing outside, I see a large ball glowing red/orange light",11/08/2025,,,
11/04/2025 03:00,MCALESTER,OK,USA,Light,,,A bright light appeared in the sky. Very bright. Then a beam of light emitted from the object scanned me and a friend.,11/08/2025,34.9334981,-95.7697934,
11/08/2025 06:22,TRENTON,FL,USA,Unknown,,,Bright blue 2 of em one flashing and a chem trail it was flying,11/08/2025,29.6132942,-82.8176203,
11/08/2025 06:16,OCALA,FL,USA,Oval,,,"Bright pulsing object splits into smaller fast craft with glowing trails; main craft ~4 bus lengths, smaller ~SUV size.",11/08/2025,29.1871986,-82.1400923,
11/07/2025 22:35,LOMPOC,CA,USA,Changing,,,Saw a collection of lights traveling towards Lompoc as I was driving towards buellton.,11/08/2025,34.6391501,-120.4579009,
11/08/2025 19:53,MATSUMOTO,Nagano,Japan,Light,,,3 lights manoeuvring in a very unusual way. Sometimes dim or invisible and sometimes much brighter than any star. Changing direction,11/08/2025,36.2382047,137.9687141,
11/08/2025 06:12,COLEMAN,FL,USA,Changing,,,9 to 10 objects in a line sparkling red white and blue celestial in nature then turned into 1 leaving smoke trail and then disappeared,11/08/2025,28.7997644,-82.0703578,
10/01/2025 03:20,CROSSVILLE,TN,USA,Circle,,,"Every night in Crossville, TN between 3–4 a.m., silent glowing orbs appear, move freely, form shapes, then vanish without a trace.",10/01/2025,35.949684,-85.0274835,
10/01/2025 22:30,,,Greece,Circle,,,Multiple spherical lights appearing and fading away for at least 20 min.,10/01/2025,38.9953683,21.9877132,
10/01/2025 02:30,CONQUERALL BANK,NS,Canada,Star,,,I thought it was a meteor shower until they started to move right and left,10/01/2025,44.3605125,-64.4616006,
10/01/2025 22:30,CHANIA,,Greece,Light,,,"Lights over the sea appearing and disappearing, moving in all directions.",10/01/2025,35.5120831,24.0191544,
10/01/2025 19:26,SEBRING,OH,USA,Orb,,,"White orb, looked like a cube when zoomed in",10/01/2025,40.9228363,-81.0189816,
10/01/2025 20:18,MOUNT DESERT,ME,USA,Circle,,,"It was dark. We saw a low object in the sky object not moving. Red, white and yellow flashing lights.",10/01/2025,44.2937483,-68.2890678,
10/01/2025 07:50,LUBBOCK,TX,USA,Diamond,,,"Looks like a snow one and it’s just motionless, so far it’s been over 30 mins",10/01/2025,33.5855677,-101.8470215,
10/01/2025 19:15,SCRANTON,PA,USA,Cross,,,Driving 81 north from scranton saw fast blue green streak front right crossed my vision towards horizon then disappeared,10/01/2025,41.4086874,-75.6621294,
10/01/2025 21:20,POCA,WV,USA,Formation,,,Looked like 3 lights flying in a triangle formation,10/01/2025,38.4723137,-81.8142977,
10/02/2025 03:48,GULLIVERS COVE,NS,Canada,Star,,,"Multiple starlike objects appearing, moving, disappearing in isolated area for up to two hours.",10/02/2025,44.6126568,-65.9208778,
10/02/2025 19:20,WASHINGTON,MO,USA,Cigar,,,Saw an abnormally long cigar which wispy white fins fly by and then without U-turn or slowing fly in opposite direction,10/02/2025,37.9559513,-90.879099,
10/02/2025 20:20,SEATTLE,WA,USA,Triangle,,,Three points of lights with a similar red flashing light as seen on standard aircraft’s but the color and pulse were different,10/02/2025,47.6038321,-122.330062,
10/02/2025 23:16,TINLEY PARK,IL,USA,Orb,,,Saw a flying orb of light that was floating in place when I first saw it then it shot off to the west at some insane speed,10/02/2025,41.5733669,-87.7844944,
10/02/2025 21:00,WAPPAPELLO,MO,USA,Circle,,,1-3 unidentified objects sighted over treeline by lake.,10/02/2025,36.9356086,-90.270939,
10/02/2025 11:46,EDMONTON,AB,Canada,Orb,,,2 bright orbs that occasionally turned to black discs,10/02/2025,53.5462055,-113.491241,
10/02/2025 21:00,OUJÉ-BOUGOUMOU,QC,Canada,Unknown,,,"Looked like a helicopter at first with blinking lights, it moved fast and was in the same space of air for close to 20 minutes",10/03/2025,50.159916,-75.1696987,
10/03/2025 03:00,BANGKOK,Krung Thep Maha Nakhon,Thailand,Other,,,I was in bed.I went to the bathroom.I see an submarine-like object in the sky,10/03/2025,13.7393113,100.5166499,
10/02/2025 01:57,DILLON,SC,USA,Oval,,,Massive object 2 red lights,10/04/2025,34.4014089,-79.3864339,
10/03/2025 21:40,MOUNDVILLE,AL,USA,Circle,,,"Round bright orb, INCREDIBLE speed!",10/03/2025,32.9976242,-87.6300075,
10/03/2025 22:00,WILMINGTON,DE,USA,Circle,,,Wilmington Delaware ufo?,10/03/2025,39.7459468,-75.546589,
10/03/2025 21:30,JOHNSON CITY,TN,USA,Light,,,Flew away incredibly fast.,10/03/2025,36.3167671,-82.352903,
10/04/2025 15:30,CHESTERFIELD,VA,USA,Orb,,,"Silent, metallic orb changing colors and flashing lights.",10/04/2025,37.3859982,-77.578509,
10/01/2025 19:00,SEYMOUR,CT,USA,Circle,,,Moving right to left- extreamly high speed. I assumed it was a meteor but realized it was too low,10/04/2025,41.3943578,-73.0741697,
10/05/2025 04:45,MALVERN,AR,USA,Circle,,,11 fast moving objects spotted in central Arkansas,10/05/2025,34.3625823,-92.8092694,
10/05/2025 05:53,ARAPAHOE,WY,USA,Light,,,A bright greenish/white light that hovered and disappeared in a cloud.,10/05/2025,42.9619881,-108.4887138,
10/04/2025 19:30,PORT AUSTIN,MI,USA,Light,,,"Star like object moving in a variety of patterns, including stationary.",10/05/2025,44.0462652,-82.9936835,
10/04/2025 00:00,TUKWILA,WA,USA,Changing,,,3 Red craft seen flying silently and pointed lights at me when recorded. Fleet of the same ufos in the distance the next morning.,10/05/2025,47.4627356,-122.2559156,
10/05/2025 05:50,SEAHAM,England,United Kingdom,Circle,,,"A very clear starry morning. One object after another traveling faster than aircraft were passing through the sky, heading East",10/05/2025,54.8372106,-1.3355612,
10/05/2025 16:21,DOVER,NH,USA,Oval,,,I was facing south I saw it. It was tossing and turning in the sky.,10/05/2025,43.1981117,-70.8739761,
10/05/2025 15:15,PORTERVILLE,CA,USA,Cylinder,,,I've never seen anything like it before,10/05/2025,36.06523,-119.0167679,
10/05/2025 19:30,HOUMA,LA,USA,Disk,,,"Strange object photographed from oil rig in the gulf, was stationary then moved at unusually high rate of speed to the north.",10/05/2025,29.5957696,-90.7195348,
10/05/2025 14:23,VANCOUVER,BC,Canada,Oval,,,Saw plane on approach tracking North - noticed object above it - tiny to naked eye - tracking west - steady movement until out of sight,10/05/2025,49.2608724,-123.113952,
10/04/2025 05:00,CALDWELL,ID,USA,Circle,,,Unknown lights and weird clouds,10/05/2025,43.6678736,-116.689415,
10/06/2025 02:00,DOHA,Doha Municipality,Qatar,Light,,,White light landed vertically from the sky into the water after slowing down suddenly before submerging,10/05/2025,,,
10/05/2025 21:19,JOPLIN,MO,USA,Changing,,,Our location continues to have close encounters of first second and we now suspect of the third kind,10/06/2025,37.0841838,-94.5133385,
10/05/2025 10:38,MIDLOTHIAN,VA,USA,Sphere,,,"A sphere-like object was hovering in Midlothian, VA",10/06/2025,37.486806,-77.6473195,
10/06/2025 04:00,MAXWELL,NM,USA,Light,,,Brights lights descending,10/06/2025,36.5401199,-104.5435225,
10/05/2025 17:35,NEWBURGH,NY,USA,Other,,,"I saw a lumpy white object flying over my neighborhood on Sunday, 10/5/2025 around 5:30 Pm.",10/06/2025,41.5000767,-74.0098299,
10/05/2025 19:05,WICHITA,KS,USA,Light,,,Star like object brightly visible over the setting sun that disappeared before our eyes.,10/06/2025,37.6922361,-97.3375448,
10/05/2025 23:30,,NY,USA,Other,,,Objects moving around erratically,10/06/2025,43.1561681,-75.8449946,
10/05/2025 21:50,TESUQUE,NM,USA,Light,,,"We saw white lights rising from the Jemez mountains north of Los Alamos, which rose in pairs and then disappeared.",10/06/2025,35.7624272,-105.9323157,
10/04/2025 22:00,LATHAM,KS,USA,Orb,,,10-15 orbs circling at high altitudes,10/06/2025,37.5361329,-96.6419654,
10/05/2025 20:50,WICHITA,KS,USA,Triangle,,,Triangular flying object with extremely bright rectangular shaped light on front/top of craft. The craft was very large.,10/06/2025,37.6922361,-97.3375448,
10/06/2025 19:30,AUGUSTA,ME,USA,Flash,,,Bright light vent vertically across the sky for 3 seconds then disappeared,10/06/2025,44.3148027,-69.7743945,
10/06/2025 20:27,SKANEATELES,NY,USA,Disk,,,"Spinning lights changing color, 40 foot long flying saucer, no sound for being close by",10/06/2025,42.947011,-76.4291017,
10/06/2025 20:01,HIGH RIDGE,MO,USA,Circle,,,"West to east very far off like furthest away stars , took about 4s to stop abruptly and head back west like a drone. saw another north",10/06/2025,38.459024,-90.5341443,
10/06/2025 10:06,PORCUPINE,SD,USA,Formation,,,Started as one bright light. But between porcupine and evergreen suddenly there were 3 lights stacked in a straight line.,10/06/2025,43.276982,-102.3462241,
10/07/2025 02:35,WARSAW,NC,USA,Light,,,Passing Warsaw exit seen orange sphere pulsing black then took off lasted 15 seconds.,10/07/2025,34.999716,-78.0939655,
10/07/2025 03:31,TOMAH,WI,USA,Orb,,,Observed several bright lights in the sky,10/07/2025,43.978576,-90.5040214,
10/05/2025 02:30,MINT HILL,NC,USA,Orb,,,Green plasmoid/ orb was pursued by a different type of UFO.,10/07/2025,35.1735388,-80.6570377,
10/06/2025 09:00,RICHMOND,NH,USA,Cylinder,,,"10 year old noticed a slow moving ""crayon shaped"" thing in the sky.",10/07/2025,42.7546949,-72.2718887,
10/06/2025 20:05,FAIRBORN,OH,USA,Triangle,,,My brother and I saw a triangular shape floating in the sky,10/07/2025,39.8208998,-84.0193858,
10/05/2025 05:45,,TX,USA,Orb,,,"Round orb pulsating orange, blue, red, green, white over gulf",10/07/2025,31.2638905,-98.5456116,
10/07/2025 21:09,GEORGIOUPOLI,,Greece,Disk,,,"Fast UFO, changing directions fast and often, high speed, high altitude over 3000 meter",10/07/2025,35.3619218,24.2613774,
10/07/2025 20:30,IBOS,Occitanie,France,Triangle,,,"Triangular viewed from below, bright point at the corners.",10/07/2025,43.2325985,0.0045982,
10/07/2025 20:19,WYBERTON,England,United Kingdom,Orb,,,Was a flash behind cloud very large green orb appeared and flew across sky at speed ...I thought was lightning then I saw it.,10/07/2025,52.9544795,-0.0411564,
10/04/2025 21:15,FLORISSANT,CO,USA,Light,,,Red lights moving very fast with strange maneuvers. Red lights disappeared and reappeared. One very bright light for 10-15 seconds,10/07/2025,38.9458249,-105.2894358,
10/06/2025 20:04,WEESP,North Holland,Netherlands,Changing,,,"Saw post from local in NJDrone subreddit, went outside, 2 objects within 5 minutes of each other",10/07/2025,52.3072593,5.0420822,
10/05/2025 07:28,SHEBOYGAN,WI,USA,Triangle,,,I was driving under it and it looked like a black triangle.,10/07/2025,43.7128967,-87.9370433,
10/06/2025 03:41,WHEELING,WV,USA,Oval,,,"My son saw what looked a very bright flashing red, green, and blue star in the sky",10/07/2025,40.0639616,-80.7209149,
10/07/2025 18:48,YAKIMA,WA,USA,Changing,,,White tic tac seen with reddish ring before and a red dot in the middle,10/07/2025,46.601557,-120.510842,
10/02/2025 21:25,WASHINGTON,NJ,USA,Triangle,,,I witnessed a black triangle shaped craft that was hovering slowly and low altitude,10/07/2025,40.7584793,-74.9794987,
10/07/2025 20:48,SOUTH JORDAN,UT,USA,Triangle,,,A triangular craft with lights on all corners,10/07/2025,40.5584882,-111.9367107,
10/02/2025 20:18,BONIFAY,FL,USA,Formation,,,"I was driving home from work and saw some lights in a formation that looked strange in the middle of a field, so I started filming.",10/07/2025,30.7918559,-85.6796533,
10/07/2025 21:05,IRVINE,CA,USA,Cigar,,,It was a red tic tac shape with a red light or tail flying up and it just dissapeared,10/07/2025,33.6856969,-117.825981,
10/07/2025 20:59,PEARBLOSSOM,CA,USA,Unknown,,,It looked like a copper disk with a copper trail,10/07/2025,34.5067185,-117.9097865,
10/04/2025 02:00,RADCLIFFE,England,United Kingdom,Orb,,,"Bedroom Window Open. Brilliant white orb, few miles off, darting around in the clouds, at one point it lit up the clouds.",10/08/2025,53.5593382,-2.3261546,
10/07/2025 20:56,INYOKERN,CA,USA,Star,,,Red star-like object seen in repeating flight pattern accompanied by spot beam from an unseen source.,10/08/2025,35.652055,-117.817663,
10/08/2025 18:43,LIMA,Callao Region,Peru,Light,,,"Pulsating light craft, flashes brightly and takes off at incredible speed",10/08/2025,,,
10/08/2025 21:19,NARROWSBURG,NY,USA,Light,,,Third time a large drone followed me and acknowledged me in the same general area,10/08/2025,41.6026904,-75.0593426,
10/02/2025 06:02,WEESP,North Holland,Netherlands,Changing,,,Tic Tac Shape Flips,10/08/2025,52.3072593,5.0420822,
10/08/2025 21:30,SANTA ROSA BEACH,FL,USA,Light,,,"Bright, large orb light appeared suddenly, broke into 5 smaller lights in a line then disappeared. large orb reappeared 2 more tims",10/08/2025,30.3466423,-86.2307992,
10/09/2025 04:54,GRAYS,England,United Kingdom,Formation,,,Lights all seemed to moving down from the sky in formation,10/08/2025,51.4780898,0.3233131,
10/08/2025 03:40,SAN ANTONIO,TX,USA,Circle,,,3-6 orbs,10/09/2025,29.4246002,-98.4951405,
10/05/2025 21:00,STEILACOOM,WA,USA,Orb,,,Flying object zooming across the sky faster than any human aircraft,10/09/2025,47.1703692,-122.596287,
10/09/2025 12:53,GAITHERSBURG,MD,USA,Cigar,,,3 cigar shaped UAPs that disappeared,10/09/2025,39.1399187,-77.1929215,
10/05/2025 18:47,NEW SALEM,MA,USA,Circle,,,Wyze cam my flood lights was off,10/09/2025,42.5007162,-72.3318925,
10/09/2025 13:39,ANGIER,NC,USA,Oval,,,Flat oval ufo seen driving down 210,10/09/2025,35.5071045,-78.7391813,
10/08/2025 02:50,MCKINLEYVILLE,CA,USA,Formation,,,Hovering green/red lights,10/09/2025,40.9675585,-124.1032897,
10/03/2025 08:50,,,Unspecified,Changing,,,"White/translucent object that appeared to be changing shape, and a secondary object that disappeared underneath it",10/09/2025,27.1556836,65.6101216,
10/10/2025 08:49,AYER,MA,USA,Cylinder,,,10 foot by 10 foot black orb that had flashing green and blue lights around it.,10/10/2025,42.5595807,-71.5882561,
10/09/2025 23:45,ALBANY,OR,USA,Other,,,Object skimming just above the ground went right by us at hyper speed,10/10/2025,44.6365071,-123.1059324,
10/09/2025 09:30,CARDWELL,MO,USA,Light,,,Thought it was a star until it moved. It kept going up from the horizon to the same spot. No flashing lights. Made weird turns.,10/09/2025,36.0495441,-90.2931492,
10/09/2025 20:47,SIERRA BROOKS,CA,USA,Circle,,,Driving and saw a bright green orb dropping from the sky at a fast rate.,10/09/2025,39.6442255,-120.218375,
10/09/2025 11:11,ALLENTOWN,PA,USA,Cigar,,,Object moved from one spot to another at impossible speed,10/09/2025,40.6022552,-75.4716115,
10/09/2025 21:00,ÅS,Akershus,Norway,Cone,,,"The object was moving across the stars, it then disappeared, after some time that area emitted bright white flashes.",10/09/2025,59.6792809,10.7741636,
10/09/2025 22:00,DELL,MT,USA,Orb,,,Several orbs hovering and circling above the western mountain range,10/10/2025,44.725432,-112.7002302,
10/10/2025 21:00,RAVDOUCHA,,Greece,Circle,,,"Multiple spherical lights moving all directions for 1,5 hour",10/10/2025,35.5438356,23.7346286,
10/10/2025 12:10,THE COLONY,TX,USA,Cross,,,Black Cross hovering still,10/10/2025,33.0890094,-96.8863922,
10/10/2025 21:20,STRINGTOWN,OK,USA,Light,,,Multiple flashing lights moving in all kinds of directions that would start dim before turning super bright and then slowly going dime,10/10/2025,34.46676,-96.0533252,
10/11/2025 20:50,CHILTERN,Victoria,Australia,Light,,,Multitude of lights appeared across the night sky varying speeds and directions,10/11/2025,-36.1512767,146.6085442,
10/10/2025 23:50,KILMARNOCK,Scotland,United Kingdom,Flash,,,Green flashing light moving in weird ways,10/11/2025,55.6100589,-4.4964652,
10/10/2025 20:05,ELMENDORF,TX,USA,Other,,,"Looking out to the greenbelt behind my house, I saw a sudden (approx. 2 sec.) flash of a red and white “acorn” shaped object. “Shiny”.",10/11/2025,29.2560731,-98.3327903,
10/08/2025 06:55,DELAND,FL,USA,Fireball,,,These fireball orbs doing circles above the clouds. Making multiple passes around one another,10/11/2025,29.0281051,-81.3034183,
10/11/2025 06:08,MILWAUKIE,OR,USA,Orb,,,"Two orbs moving very closely together, and all the sudden they started circling one another very closely. They were definitely together",10/11/2025,45.4440051,-122.6412523,
10/11/2025 13:56,MINNEAPOLIS,MN,USA,Sphere,,,Still metallic sphere in sky,10/11/2025,44.9772995,-93.2654692,
10/10/2025 08:30,RIVERSIDE,CA,USA,Unknown,,,Flotation at times. Then it took off under own power,10/11/2025,33.9824949,-117.374238,
10/11/2025 13:05,HERRIN,IL,USA,Formation,,,Fast moving formation at high altitude encounters jet,10/11/2025,37.8031056,-89.0275744,
10/10/2025 19:30,MENOMONIE,WI,USA,Orb,,,Star-like Orbs,10/11/2025,44.8765289,-91.9278716,
10/11/2025 04:30,LEBANON,IL,USA,Chevron,,,"Diamond or v shaped at approx 2000 ft moving west from my pov just N. Of Lebanon, Il. Over Route 4.",10/11/2025,38.6039375,-89.8073195,
09/01/2025 01:59,WAKEFIELD,NH,USA,Egg,,,Tennis ball sized egg.  Thought it was a firework and heard a weird noise and drove away quickly and fear,09/01/2025,43.5539308,-71.0304831,
09/01/2025 02:10,BOGOTÁ,Bogotá,Colombia,Disk,,,A static object of matte black color is spotted.,09/01/2025,4.6533817,-74.0836331,
09/01/2025 23:29,ALEXANDRA HEADLAND,Queensland,Australia,Other,,,"4 bright orange lights, when I realised they were too high to be streetlights I went to look back it was gone.",09/01/2025,-26.669602,153.1017526,
09/02/2025 05:36,CROSS,SC,USA,Circle,,,"Taking dog out looking at the stars, started to see one move and go in circles, up and down, was flashing blue, red, yellow, and white",09/02/2025,33.3273879,-80.148419,
09/01/2025 23:30,LONGMONT,CO,USA,Light,,,"Lights flew W→E, then turned N & vanished, repeating w/ sparkles. Paused for planes, faster than aircraft, not blinking or Starlink.",09/01/2025,40.1672117,-105.101928,
09/01/2025 02:30,WAKEFIELD,NH,USA,Orb,,,"Orange Orb Appeared Out of Thin Air, Near Ground, Hovered Then Shot Off Upwards",09/01/2025,43.5539308,-71.0304831,
09/01/2025 21:30,MAULDIN,SC,USA,Orb,,,Ball of light dancing across the sky sporadically,09/01/2025,34.77873,-82.310119,
09/01/2025 21:30,HOMESTEAD,FL,USA,Star,,,Saw a very fast moving object in the sky. It wasn’t a plane or helicopter. It was way too fast,09/01/2025,25.4718946,-80.4759905,
09/01/2025 15:00,MOUNT HOME,ID,USA,Sphere,,,"In camp, happened to look up & spotted. Watched as it didn't move for at least half hour.",09/02/2025,38.5265553,-81.0514578,
09/01/2025 20:30,LONGMONT,CO,USA,Oval,,,2 large objects flying without lights or noise in the night sky,09/02/2025,40.1672117,-105.101928,
09/02/2025 19:48,ANNISTON,AL,USA,Light,,,Orange/white orb zooms across sky in 10 seconds,09/02/2025,33.6624824,-85.8283224,
09/03/2025 05:42,FRANKLIN,OH,USA,Light,,,"Multiple objects, some emitting from stationary “stars”, From, at least three different directions, heading in the same direction.",09/03/2025,39.5589474,-84.3041074,
09/03/2025 17:50,RUTHERGLEN,Scotland,United Kingdom,Light,,,"Bright white light, appeared stationary in the sky for about 30 seconds then light turned off in an instance. light did not fade behind",09/03/2025,55.8284315,-4.2134405,
09/01/2025 23:15,SABANETA,Antioquia,Colombia,Other,,,There was bright lights in the middle and several orbs rotating around it perfectly as it moved through the sky.,09/02/2025,6.1515344,-75.6153715,
09/02/2025 12:00,VENTURA,CA,USA,Cigar,,,"Sighted object that appeared to follow coastline north of Ventura at approximately 1,000 ft. elevation.",09/02/2025,34.4458248,-119.0779359,
09/02/2025 10:15,CAMANO,WA,USA,Other,,,Saw something unknown moving in sky.,09/02/2025,48.15336,-122.4788813,
09/02/2025 20:35,STAFFORD,VA,USA,Unknown,,,I looked up because I heard super loud noises (night time) and I saw 3 maybe more green lights that looked round and fast,09/02/2025,38.4167265,-77.4579783,
09/03/2025 02:00,CORDELE,GA,USA,Light,,,Four constant red lights in a vertical line desendinding over about 2 mile.,09/03/2025,31.9691606,-83.782718,
09/03/2025 05:18,OSWAYO,PA,USA,Light,,,Noticed a light sweeping the top of a mountain at 5:15 in the morning while driving to work.,09/03/2025,41.9211775,-78.0183376,
09/03/2025 14:30,RICHMOND,VT,USA,Teardrop,,,"Travelling on 89 Northbound, around 2 30 pm on september 3rd.",09/03/2025,44.4052143,-72.9930745,
09/01/2025 12:37,FARRAGUT,TN,USA,Disk,,,We were driving and looked over at the lake to see the scenery and notice something floating above an island,09/03/2025,35.8845238,-84.1535261,
09/05/2025 03:47,AUCKLAND,Auckland,New Zealand,Orb,,,"Was looking out east and noticed at a minimum of 8 orange-ish orbs, moving in triangular formations",09/04/2025,-36.852095,174.7631803,
09/02/2025 21:00,FLORIDA CITY,FL,USA,Fireball,,,"The fireball like object dropped from the sky at an angle, as it near the nearby forest it slowed down, hovered and vanished.",09/04/2025,25.4480101,-80.479102,
09/03/2025 01:45,GOREY,County Wexford,Ireland,Triangle,,,Big triangle black,09/04/2025,52.6712171,-6.2920098,
09/04/2025 09:53,ROSWELL,NM,USA,Cigar,,,Vertical white tic tac hovering at very high altitude northeast of Roswell. Remained in sight for 45 mins.,09/04/2025,33.3943282,-104.5229518,
09/03/2025 15:00,CLEVELAND,OH,USA,Sphere,,,"Sighting from my backyard, watching the clouds, saw the object moving rapidly",09/04/2025,41.4996574,-81.6936772,
09/04/2025 21:50,STRATHAM,NH,USA,Unknown,,,"Stationary flashing red light in the sky, paired with low pulsing humming noise, definitely at a low altitude.",09/04/2025,43.0244129,-70.9122808,
09/04/2025 22:30,EDMONTON,AB,Canada,Triangle,,,Triangle UFO sighting similar to Pheonix Lights Phenomenon,09/04/2025,53.5462055,-113.491241,
09/05/2025 00:34,WESTWEGO,LA,USA,Other,,,It could cloak. I could hear it right above me but couldn’t see it. It could also turn off the noises it made.,09/04/2025,29.9060388,-90.1422962,
09/04/2025 20:20,WINCHESTER,NH,USA,Circle,,,An orb star like drone being followed and chased by red lighted object pulsating it's lights headed from Winchester toward Chesterfield,09/05/2025,42.7731997,-72.3832522,
09/05/2025 05:20,EVERETT,WA,USA,Cigar,,,Very large cigar ship went into the tree line,09/05/2025,47.9793437,-122.2127011,
09/04/2025 07:15,SOUTH PATRICK SHORES,FL,USA,Orb,,,"Fast moving object, appears and disappears quickly",09/05/2025,28.1997245,-80.6127952,
09/05/2025 11:23,SCHENECTADY,NY,USA,Circle,,,Round shiny circle.,09/05/2025,42.8142432,-73.9395687,
09/01/2025 22:26,OLYMPIA,WA,USA,Light,,,"Two giant teal & white light hoops scanned our van on Hwy 8 for 8–10s at 60 mph, then vanished.",09/05/2025,47.0451022,-122.8950075,
09/02/2025 23:45,PILLING,England,United Kingdom,Unknown,,,"Heard loud humming, saw 3 lights on a slow, low aircraft (~300–400 ft). Not a jet, prop, or helicopter; cruised by then vanished.",09/05/2025,53.930207,-2.9088352,
09/05/2025 22:15,BLACKSBURG,SC,USA,Cube,,,3 very shiny cubes,09/05/2025,35.1212409,-81.5159246,
09/05/2025 17:00,MILFORD,KS,USA,Rectangle,,,Flat rectangle in sky/stationary/matte but transparent/at an angle--like a giant football field turned on its side.,09/05/2025,39.1752415,-96.9094804,
09/06/2025 01:18,BATAVIA,NY,USA,Light,,,Lights changing luminosity and direction above the horizon in ways not normally capable by aircraft,09/05/2025,42.9980144,-78.1875515,
09/07/2025 03:25,TOOWOOMBA,Queensland,Australia,Light,,,"On a regular patrol of the second range crossing i witnessed 4 bright lights in the sky following eachother, they changed directions",09/06/2025,-27.5610193,151.953351,
09/05/2025 17:30,THATCHER,AZ,USA,Light,,,Noticed a bright light in the sky an hour before sunset. My wife and neighbors saw it too. Stationary for 1 hr+.,09/06/2025,32.8492323,-109.759247,
09/06/2025 23:15,COXHEATH,England,United Kingdom,Sphere,,,"Saw three lights in triangle formation, went overhead very fast",09/07/2025,51.2342127,0.4944421,
09/06/2025 16:49,SILVER CITY,NM,USA,Other,,,"Anomaly remained stationary and visible throughout observation period, except when temporarily obscured by passing cloud.",09/07/2025,32.7711825,-108.2764164,
09/06/2025 23:00,OSLO,Oslo,Norway,Cigar,,,Ufo Oslo sightseeing,09/07/2025,59.9723975,10.7757292,
09/08/2025 01:01,ANTIPOLO CITY,Calabarzon,Philippines,Orb,,,A blinking bluish-green star-like object in the sky,09/07/2025,14.5871972,121.1759246,
09/06/2025 20:55,LAS VEGAS,NV,USA,Light,,,"Initial flashes, fast speed and u-turn.",09/07/2025,36.1674263,-115.1484131,
09/07/2025 22:33,CORNALE,Lombardy,Italy,Orb,,,"Small airplane-like object with blinking red and white lights, moving fast with erratic trajectory, no sound",09/07/2025,45.042958,8.913049,
09/07/2025 15:09,TACOMA,WA,USA,Disk,,,"I saw what appeared to be a large metal object hovering in the sky, near to the ground, just above the trees",09/07/2025,47.2455013,-122.438329,
09/07/2025 20:35,MOUND,MN,USA,Diamond,,,"Driving, turned west on Sunnybrook cir. saw triangle shaped craft",09/07/2025,44.9366295,-93.6660719,
09/07/2025 21:10,DAYTON,OH,USA,Orb,,,Bright ball of light silently shot across the sky at high speed and then vanished,09/07/2025,39.7589478,-84.1916069,
09/07/2025 21:00,FORT ATKINSON,WI,USA,Formation,,,"Triangle formation, tightened up, then one by one drifted to earth",09/07/2025,42.9288944,-88.8370509,
09/07/2025 22:59,RAMSEY,NJ,USA,Unknown,,,It was not moving fast. It was turning but going forward at the same time. At the beginning I thought it is a aircraft or a drone.,09/07/2025,41.0573188,-74.1409771,
09/07/2025 23:30,SOUTHGATE,MI,USA,Sphere,,,"Pitch black spot on moon, way too dark to be a crater. Looked very circular.",09/07/2025,42.2037103,-83.2067556,
09/07/2025 18:05,NEW YORK,NY,USA,Sphere,,,"It was not very far from the ground, and I could see it very clearly. It looked like a metallic sphere with a smooth reflective surface",09/07/2025,40.7127281,-74.0060152,
09/07/2025 20:50,ATHENS,GA,USA,Light,,,"Flashing lights, hovered, vanished.",09/07/2025,33.9597677,-83.376398,
09/07/2025 21:30,SANTA CRUZ,CA,USA,Star,,,It moved up and down and side to side unlike any aircraft I’ve ever seen. The brightest light. Looked like a dandelion shaped star.,09/08/2025,37.050096,-121.99059,
09/07/2025 21:12,HÜNFELDEN,Hessen,Germany,Cigar,,,Object seen in front of the Moon.,09/08/2025,50.3315949,8.1434075,
09/07/2025 20:20,MIYANBOR,Qazvin Province,Iran,Triangle,,,"I was in the garden observing the lunar eclipse when I saw three luminous objects close to each other, rotating around one another.",09/08/2025,36.2991356,50.1468486,
09/07/2025 21:30,SMITHFIELD,UT,USA,Circle,,,9:30-9:45 pm I witnessed 21 consecutive satellite-appearing objects in a row,09/08/2025,41.838429,-111.832804,
09/07/2025 20:15,EDMONTON,AB,Canada,Oval,,,"I saw couple of black things in the sky. I saw them in Southeast from where I was, and it was moving towards south.",09/08/2025,53.5462055,-113.491241,
09/07/2025 20:38,BOLINDA,Victoria,Australia,Circle,,,Driving and both driver and passenger saw the UFO race through the sky.,09/08/2025,-37.4338602,144.7480272,
09/07/2025 20:00,PALOS VERDES ESTATES,CA,USA,Unknown,,,"Unverified rocket, possibly deployed something",09/08/2025,33.7872386,-118.401813,
09/09/2025 22:30,HAGERMAN,NM,USA,Cigar,,,This has been going on for several weeks - appear at different elevations from the ground.,09/09/2025,33.11503,-104.327155,
09/07/2025 00:40,SPANAWAY,WA,USA,Orb,,,Orb hovering above me,09/09/2025,47.0898165,-122.4176008,
09/09/2025 11:55,SENECA,IL,USA,Egg,,,Completely silent arrangement of six white elongated orbs flying in and casually changing formation.,09/09/2025,41.3107161,-88.6090863,
09/09/2025 07:00,SALINA,KS,USA,Orb,,,"A shadow behind the moon, shimmering, black orb shot up from moon, hovered in the sky , turned into a craft",09/09/2025,38.8402805,-97.6114237,
09/08/2025 21:00,MYRTLE BEACH,SC,USA,Light,,,"Two objects above the water. One had 3 bright yellow lights, and another one had one bright yellow light they show up above the water.",09/09/2025,33.6956461,-78.8900409,
09/08/2025 19:05,TRENTON,TX,USA,Changing,,,It came over trees at approximately 100 feet.,09/09/2025,33.4306652,-96.3385926,
09/09/2025 18:27,SAN ANTONIO,TX,USA,Orb,,,Saw an orb looking craft lower slowly but then shoot back up so fast we lost track of it.,09/09/2025,29.4246002,-98.4951405,
09/06/2025 18:15,NEVADA CITY,CA,USA,Orb,,,Silent Silver Orb,09/09/2025,39.2625993,-121.0187304,
09/09/2025 22:00,HIGHAM ON THE HILL,England,United Kingdom,Star,,,Stars moving at rapid speed within a constellation split into two,09/09/2025,52.5580294,-1.4472851,
09/09/2025 11:40,FONTANA,CA,USA,Diamond,,,Seen two bright sliver objects in sky moving,09/10/2025,34.0922947,-117.43433,
09/09/2025 21:00,NEW YORK,NY,USA,Unknown,,,Sighting of high altitude UFO in NYC airspace in nighttime conditions.,09/10/2025,40.7127281,-74.0060152,
09/06/2025 17:30,CAPE TOWN,Western Cape,South Africa,Changing,,,"Witnesses were on front porch in bright sunlight, object moving overhead. Definitely not aircraft. +- 17:30. hovered, changed direction",09/10/2025,-33.9288301,18.4172197,
09/09/2025 20:35,HELPER,UT,USA,Teardrop,,,Strange silent high altitude craft,09/09/2025,39.6841305,-110.854605,
09/04/2025 00:06,NORFOLK,VA,USA,Rectangle,,,A triangle with no sharp edges hovering low above our car,09/10/2025,36.8493695,-76.2899539,
09/07/2025 22:30,HUDSON FALLS,NY,USA,Triangle,,,"Black triangle shaped craft at about 30,000 ft with white lights around the edges. Hovered for awhile then shot straight up",09/10/2025,43.300697,-73.586082,
09/09/2025 02:49,BRIBRI,Limón Province,Costa Rica,Circle,,,"Dog woke me up for bathroom. While waiting for dog, I noticed this in the sky, after watching for a few minutes I retrieved my cell",09/10/2025,9.6263047,-82.8525167,
09/10/2025 20:20,BEIRUT,Beirut Governorate,Lebanon,Orb,,,Clusters of luminous orbs observed nightly in NW sky over Lebanon showing intelligent flight formation changes & sudden disappearances,09/10/2025,33.8892265,35.5025585,
09/10/2025 14:00,OAK CREEK CANYON,AZ,USA,Circle,,,I thought it was a child's balloon at first but the wind was blowing and this thing never moved.,09/10/2025,34.9657329,-111.75319,
09/10/2025 20:43,WEST MIDDLESEX,PA,USA,Orb,,,Craft went across the sky in a matter of seconds. No noise,09/10/2025,41.174224,-80.453402,
09/10/2025 22:14,MILFORD,CT,USA,Orb,,,Saw a Low flying helicopter chasing a green orb!!! 2x.,09/10/2025,41.2222218,-73.0570603,
09/09/2025 20:00,HAVERHILL,MA,USA,Flash,,,"Plaistow, Haverhill, Atkinson, Andover",09/10/2025,42.7777829,-71.0767724,
09/09/2025 23:40,RENO,NV,USA,Orb,,,"An orb entered my home. There was nothing physically there, just energy. It was investigating.",09/10/2025,39.5261788,-119.812658,
09/07/2025 22:30,SAINT-DIDIER-AU-MONT-D'OR,Auvergne-Rhône-Alpes,France,Light,,,"It was very quick, between 5 to 10 seconds; a very luminous flying object passed over me just a few meters away at great speed.",09/11/2025,45.8115147,4.7979353,
09/11/2025 07:00,SALINA,KS,USA,Other,,,Octagon shape crafts departing near or on moon in all directions,09/11/2025,38.8402805,-97.6114237,
09/09/2025 17:31,,,Unspecified,Orb,,,airplane cockpit sight,09/11/2025,27.1556836,65.6101216,
09/11/2025 21:45,ROME,GA,USA,Rectangle,,,Flying craft hovers above and makes a strange noise.,09/12/2025,34.257038,-85.1646726,
09/11/2025 23:04,MANHATTAN,KS,USA,Orb,,,"I saw 3 orbs the in the middle was bright and the 2 on either side were blinking. They then merged into the middle, then separated.",09/11/2025,39.1836082,-96.5716694,
09/11/2025 21:50,CISCO,TX,USA,Light,,,Light flashed exactly every 10 seconds in sky,09/11/2025,32.3881293,-98.9793386,
09/11/2025 21:10,,,Unspecified,Disk,,,Driving south near Todd rd. Noticed a blue craft hovering in the sky within seconds it disappeared to the west like a shooting star.,09/11/2025,27.1556836,65.6101216,
09/11/2025 07:00,SALINA,KS,USA,Other,,,"Pictures From earlier this morning, had to add contrast to see it",09/11/2025,38.8402805,-97.6114237,
09/11/2025 22:25,GAINESVILLE,FL,USA,Triangle,,,"3 crafts, first a large somewhat triangular silent craft with bright white lights flying very low behind trees horizontal then 2 lights",09/11/2025,29.6519684,-82.3249846,
09/11/2025 22:00,HUNTINGTON,IN,USA,Triangle,,,"Three lights outside of craft two in back, one in front, yellow outline of triangle",09/11/2025,40.8008286,-85.5018494,
09/11/2025 19:40,ARLINGTON,TX,USA,Light,,,Bright light in daylight sky that ejected 3 other objects.,09/11/2025,32.7355816,-97.1071186,
09/06/2025 03:00,CLEVELAND,OH,USA,Unknown,,,"Multi-hour UFO encounter: teal rotating orbs (some 10 ft from plane), halos, high-alt silver object, wingtip wisp.",09/12/2025,41.4996574,-81.6936772,
09/13/2025 00:25,ZATON,Dubrovnik-Neretva County,Croatia,Formation,,,3 red lights circling/overtaking one another,09/12/2025,42.6899194,18.0385975,
09/10/2025 10:15,COLUMBUS,OH,USA,Changing,,,"We saw a silver cigar shaped craft, it then turned into a passenger jet, which then stood still in mid air.",09/12/2025,39.9622601,-83.0007065,
09/12/2025 20:25,SPENCER,MA,USA,Orb,,,Erratic moving small orb of light that disappeared after remaining still,09/12/2025,42.2436316,-71.9934879,
09/12/2025 20:30,LINCOLN,ME,USA,Light,,,"Extremely bright point of light moving east, faded after about 1 minute.",09/12/2025,44.1137571,-69.5351337,
09/12/2025 18:50,WEST PALM BEACH,FL,USA,Circle,,,Three objects were flying. One bigger at front and two smaller following.,09/12/2025,26.715364,-80.0532942,
08/01/2025 20:06,AMRAVATI,Maharashtra,India,Circle,,,Was out smoking with friends and saw this thing.,08/01/2025,21.1545412,77.6442962,
08/01/2025 01:20,GILMOUR,ON,Canada,Light,,,Very bright white light above the tree line,07/31/2025,44.8218809,-77.6116412,
08/01/2025 20:28,GILLINGHAM,England,United Kingdom,Rectangle,,,Stationary craft in the air and after 30 seconds it began to move at very high speed before disappearing.,08/01/2025,51.3871701,0.5461611,
08/02/2025 10:50,LEXINGTON,KY,USA,Cigar,,,"Rapid movement, side to side, up and down. Then stopped for 1 minute and seem to land behind apartments.",08/01/2025,38.0464066,-84.4970393,
08/02/2025 23:29,ESTEPONA,Andalucía,Spain,Orb,,,We saw something strange in the sky.,08/01/2025,36.4268068,-5.1468484,
08/01/2025 22:51,NORWALK,CT,USA,Triangle,,,Right above 50' in the air no intense sound and triangular military style but with small plane tail aircraft like structures,08/02/2025,41.1175966,-73.4078968,
08/03/2025 04:17,DAVAO CITY,Davao Region,Philippines,Star,,,Stationary (wasn't moving) and suddenly started moving erratically,08/02/2025,7.0648306,125.6080623,
08/01/2025 21:00,WHEAT RIDGE,CO,USA,Cigar,,,Saw something WILD last night,08/02/2025,39.766098,-105.0772063,
08/03/2025 02:33,DIDIM,Aydın,Türkiye,Fireball,,,"A small red light that shifted and disappeared after 5 seconds, shining light behind it 10 min later",08/02/2025,37.3696865,27.2684841,
08/01/2025 21:00,COCODRIE,LA,USA,Orb,,,"I witness this every night the sky is clear. They're up there all the time. They appear and disappear, moving in different directions.",08/03/2025,29.246893,-90.661477,
08/02/2025 20:50,EASTON,MA,USA,Changing,,,Two stationary objects that subsequently flew.,08/02/2025,42.0245442,-71.1286594,
08/01/2025 22:10,LEAVENWORTH,WA,USA,Disk,,,Ring/Disc of white lights which remained stationary about 200ft above the tree line on the mountain.,08/03/2025,47.5969138,-120.661081,
08/03/2025 09:45,CASTELBUONO,Palermo,Italy,Formation,,,3 lights like stars moving and 2 of them stopping,08/03/2025,37.931563,14.0989982,
08/03/2025 23:46,OLDCASTLE,County Meath,Ireland,Disk,,,Me and friends viewed a glowing metallic disc releasing a strange sound float above courtyard of abandoned building before floating off,08/03/2025,53.7692495,-7.1625368,
08/03/2025 20:37,LOUISVILLE,KY,USA,Triangle,,,"Only saw after taking picture of sunset. Object above airfield with 5 lights on flat top, no sign of propulsion, unconventional shape.",08/03/2025,38.2542376,-85.759407,
08/04/2025 22:00,HAMILTON,ON,Canada,Orb,,,Orange orb with no visible signs of propulsion travelling smooth and fast over lake Ontario. No sound,08/03/2025,43.2560802,-79.8728583,
08/04/2025 23:57,VILNIUS,Vilniaus apskritis,Lithuania,Circle,,,"Two green flickering objects seen hovering and flying vertically in Lithuania on August 3-4, 2025.""",08/04/2025,54.6870458,25.2829111,
08/04/2025 00:00,ADIN,CA,USA,Light,,,"Hundreds of lights seen appearing, brightening, traveling, and disappearing.",08/04/2025,41.1960065,-120.9480848,
08/02/2025 21:18,SPRINGDALE,OH,USA,Orb,,,3 orbs in a triangle pattern sparking colorful lights that disappeared,08/04/2025,39.287002,-84.4852213,
08/02/2025 22:00,KINGSTON,PA,USA,Star,,,"I was in the yard looking up at the stars thinking ""man I really wish I could see a UFO""",08/04/2025,41.2620137,-75.897197,
08/04/2025 04:30,CHICAGO,IL,USA,Cigar,,,Cigar shaped with dim red lights along entire body flying low and east over Lake Michigan near Chicago,08/04/2025,41.8755616,-87.6244212,
08/02/2025 01:17,KARKSI-NUIA,Viljandi maakond,Estonia,Cube,,,"A silent floating metallic square object strangely resembled Moth Man; a telepathic signal ""67"".",08/04/2025,58.1016667,25.5513299,
08/03/2025 00:58,MOSCOW,ID,USA,Light,,,"Camera on timer captured bright moving light while shooting meteors; appeared in 2 shots, shifted position and rotated.",08/04/2025,46.7323875,-117.000165,
08/03/2025 10:30,SANTA ROSA,CA,USA,Other,,,Getting on to the freeway - saw a long horizontal thin silver flat object with bright lights or energy coming out the L/R sides,08/04/2025,38.4404925,-122.7141049,
08/04/2025 23:10,WEXFORD,County Wexford,Ireland,Orb,,,Bright ball of light suddenly shot straight up into the sky.,08/04/2025,52.3367671,-6.4601397,
08/03/2025 13:15,MOFFAT,CO,USA,Circle,,,Seen a white orb hovering for a long time in daylight and then hours later witnessed a similar looking craft go very fast across valley,08/04/2025,40.6083135,-108.252345,
08/04/2025 20:35,NAPLES,ME,USA,Orb,,,"Glowing orbs traveled across the sky, one after another at random intervals",08/04/2025,43.9694553,-70.6050722,
08/04/2025 05:07,EVERGREEN,CO,USA,Cigar,,,Large thin cigar shaped craft moving slowly across the sky,08/04/2025,39.6361637,-105.321458,
08/04/2025 21:45,COLUMBUS,OH,USA,Light,,,It moved seemingly through the air at a great altitude with great speed.,08/04/2025,39.9622601,-83.0007065,
08/04/2025 22:24,SENECA KNOLLS,NY,USA,Circle,,,"We looked out of a window, and saw a metallic circle going north from the moon. we saw a bump in the middle.",08/04/2025,43.121426,-76.289424,
08/01/2025 04:30,DANT,OR,USA,Orb,,,"Clear well lit night sky with meteors. Distinct small orbs were moving quickly, stopping and changing directions. Two larger orbs seen.",08/04/2025,45.0379419,-121.1125534,
08/04/2025 22:54,PASCO,WA,USA,Unknown,,,"Me and the wife were putting the cover on the pool, inverted cone maybe 200-250 ft above us, faded to black shortly",08/04/2025,46.2306739,-119.0921,
08/05/2025 05:15,RAGLEY,LA,USA,Triangle,,,"Black triangle with a light in each corner, it made no sound and moved very slowly.",08/05/2025,30.512699,-93.2323813,
08/02/2025 23:50,EMPORIA,VA,USA,Triangle,,,Triangle Shape with two red lights,08/05/2025,36.6937606,-77.5357141,
08/04/2025 02:30,WINKLEIGH,England,United Kingdom,Oval,,,Flickering oval light with smaller more orange lights leaving and returning to it,08/05/2025,50.8562746,-3.9450791,
08/04/2025 02:30,PARCZEW,Lublin Voivodeship,Poland,Triangle,,,"Three dim lights flying silently in perfect triangular formation, disappeared gradually in the night sky over central Parczew, Poland.",08/05/2025,51.639,22.9,
08/04/2025 21:30,MADISON,WI,USA,Star,,,Amber star hovers then flys off,08/05/2025,43.07469,-89.3841663,
08/01/2025 06:35,WINTER PARK,FL,USA,Orb,,,"Four bright orbs over Casselberry, FL",08/05/2025,28.5977707,-81.3510264,
08/05/2025 22:09,ĆURILAC,Opština Danilovgrad,Montenegro,Circle,,,"I was sitting in my yard, when i saw one ,,circle” moving and leaving the mountain. This is not the first time seeing this.",08/05/2025,,,
08/05/2025 21:55,MISSOULA,MT,USA,Light,,,"Small plane sized crafts flying over the Missoula valley, stopping and then flying fast, then dropping and hovering close to the ground",08/05/2025,46.8701049,-113.995267,
08/06/2025 02:40,NASHVILLE,TN,USA,Light,,,Large orange glow,08/06/2025,36.1622767,-86.7742984,
08/04/2025 05:06,THORNTON,CO,USA,Cigar,,,Very large drifting like tourists anyone looking up would have seen it,08/06/2025,39.8695516,-104.985181,
08/07/2025 03:53,GAZIANTEP,Gaziantep,Türkiye,Star,,,"Observed a single, steady yellow light moving slowly upward into the atmosphere for over five minutes. No sound was heard.",08/06/2025,37.0628317,37.3792617,
08/05/2025 08:35,GUAPÉ,Minas Gerais,Brazil,Orb,,,"Multiple white orbs moving erratically above horizon, seen from FL360, NW of Guapé, Brazil.",08/06/2025,-20.7619937,-45.9176017,
08/06/2025 14:50,LAWRENCEVILLE,GA,USA,Cigar,,,"White cylinder hovering in the sky, high altitude, perfectly still until departing",08/06/2025,33.9566391,-83.9890066,
08/06/2025 22:30,BELMONT,NH,USA,Unknown,,,Light in sky moving eraticly,08/06/2025,43.4438263,-71.481368,
08/04/2025 22:30,LAKE MONTEZUMA,AZ,USA,Unknown,,,"2 UFOs at least, appear/disappear, trail planes, coordinated tandem flight, vertical ascent/decent, 90* turns, twirls, 2 days in a row",08/07/2025,34.6426115,-111.7913068,
08/02/2025 22:50,WOODSTOCK,NH,USA,Orb,,,"Ball of light appeared to fall down, then change trajectory and shoot sideways",08/07/2025,44.0313089,-71.6868145,
08/06/2025 23:34,LEITCHFIELD,KY,USA,Orb,,,A flashing orb in the sky,08/07/2025,37.4801693,-86.2936604,
08/01/2025 15:33,SOMERVILLE,NJ,USA,Disk,,,My nephew and I saw a craft driving back home.,08/07/2025,40.5742696,-74.60988,
08/07/2025 04:00,SEQUIM,WA,USA,Orb,,,See below,08/07/2025,48.0849312,-123.1096706,
08/07/2025 22:21,ESK,Queensland,Australia,Triangle,,,"Nov 7, 2024, 22:21 AEST, Brisbane Valley Hwy near Esk, QLD. Triangular craft, 3 white lights (corners), 2 red flashing, hovered silentl",08/07/2025,-27.2398683,152.4220194,
08/07/2025 21:55,ELGIN,IL,USA,Orb,,,"Bright blue-white orb appeared while watching planes, moved oddly upward, curved fast, vanished as we tried to film.",08/07/2025,42.03726,-88.2810994,
08/08/2025 10:28,THORPE END,England,United Kingdom,Changing,,,Changing / rotating orb in the sky traveling from SW to NE,08/08/2025,52.651433,1.3650682,
08/07/2025 22:30,ST. PETERS,MO,USA,Triangle,,,"Silent triangular craft hovered, cloaked in light, reappeared nearby; seen multiple times in hotspot with decades of similar reports.",08/08/2025,38.791612,-90.5958468,
08/02/2025 21:02,KING GEORGE,VA,USA,Fireball,,,Ball of Fire formed before my eyes and floated away.,08/08/2025,38.2786312,-77.175356,
08/04/2025 20:30,ANDREAS,Andreas,Isle of Man,Cigar,,,"I was in my back garden, and I heard something cutting through the air then it appeared over the roof of my house",08/08/2025,54.3672437,-4.4444608,
08/09/2025 01:20,STILESVILLE,IN,USA,Light,,,"1:15 am walk, saw steady lights in N sky cycling every 2–4 min, same path/altitude for 1 hr; not plane, lantern, or helicopter.",08/09/2025,39.6383798,-86.6336135,
08/09/2025 05:50,TEMPLE,TX,USA,Star,,,"At approximately 5:50 AM CDT, while observing the full Moon and Saturn in the southwest sky, I noticed an unusual bright object",08/09/2025,31.0983747,-97.3429563,
08/09/2025 12:00,CLIFFSEND,England,United Kingdom,Circle,,,A huge bright orb shape speeding so fast over the top of my house accross the ocean. Dissappeard in less than a second.,08/09/2025,51.324844,1.3706646,
08/09/2025 02:00,DOVER,NH,USA,Triangle,,,"Overnight trucker saw silent, erratic triangular craft with 2 white lights & 1 flashing red, floating before vanishing.",08/08/2025,43.1981117,-70.8739761,
08/08/2025 21:30,SPRING GROVE,IL,USA,Light,,,"3 separate sightings on slightly different, but similar, paths.",08/08/2025,42.4436308,-88.2364775,
08/08/2025 20:45,ARCADIA,CA,USA,Circle,,,"It was flashing red, blue and green lights, no pattern",08/08/2025,34.1362075,-118.0401497,
08/08/2025 18:15,HOPATCONG,NJ,USA,Sphere,,,Metallic object viewed and disappeared within seconds,08/08/2025,40.9332051,-74.6600975,
08/09/2025 21:57,KOŠŤANY,Ústí nad Labem,Czech Republic,Disk,,,"ChatGPT said:
Grey-silver disk with green glass hovered briefly, shifted slightly, then vanished in second in shock.",08/09/2025,50.6550196,13.7546017,
08/09/2025 15:07,EL CAJON,CA,USA,Changing,,,"UFO in East County (El Cajon, CA)",08/09/2025,32.7947731,-116.962526,
08/09/2025 21:00,WOODBINE,MD,USA,Circle,,,Bright light moved intensely downward and vanished in a second,08/09/2025,39.359942,-77.0620833,
08/09/2025 11:42,DOYLESTOWN,OH,USA,Changing,,,First noticed very bright orbs that looks like starts but brighter. After I walked out to the road they “morphed” into aircraft’s,08/09/2025,40.9700549,-81.6965168,
08/09/2025 21:05,AGOURA HILLS,CA,USA,Light,,,Saw what appeared to be a satellite before it stopped and changed direction,08/09/2025,34.1481692,-118.7655456,
08/07/2025 20:53,MAGNOLIA,TX,USA,Cigar,,,I was using CE5 which has been bring in UFO over my home. I saw this object and snapped a picture thinking and it looks like 3 TicTac s,08/10/2025,30.2095594,-95.7507897,
08/09/2025 21:31,STONINGTON,CT,USA,Star,,,Star going different ways fast slow,08/10/2025,41.3359327,-71.9059042,
08/09/2025 23:00,QUITMAN,MS,USA,Sphere,,,I was parked on a gravel road when this bright luminous orb appeared about 100' up above the tree line. It slowly dissipated out.,08/10/2025,34.1920186,-90.2946542,
08/10/2025 19:50,GROSSE POINTE FARMS,MI,USA,Circle,,,"Bright object remaining stationary for a time, then turning to reveal a cone on one side and flat on the other side. Spokes around it.",08/10/2025,42.4092038,-82.8918587,
08/10/2025 21:30,SAINT JOHNSBURY,VT,USA,Orb,,,Multiple orbs darting across the sky,08/10/2025,44.419494,-72.0156532,
08/09/2025 04:02,MARION,IA,USA,Unknown,,,"Thought it was a comet, but it brightened, moved.",08/10/2025,41.3144108,-93.1010141,
08/10/2025 21:37,DETROIT,MI,USA,Disk,,,A disk shaped saucer moving with intention no turbulence at a good speed and very hard to see but focused on it its visibly there.,08/10/2025,42.3315509,-83.0466403,
08/05/2025 17:00,OFFERLE,KS,USA,Rectangle,,,"Took 2 pics of an area, object was in one pic but not the other.",08/10/2025,37.8908203,-99.5577585,
08/10/2025 21:45,ROCKFORD,MN,USA,Light,,,It was moving fast then slow. Up and then down. Way to the left circle around. Then stop and hover. Then went way to the right way over,08/10/2025,45.0882963,-93.7344099,
08/10/2025 20:56,SVARTE,Skåne County,Sweden,Cube,,,Video was shot in super slow motion (Samsung mobile),08/10/2025,55.428499,13.7174123,
08/10/2025 21:20,SANTA ANA,CA,USA,Triangle,,,"Triangle with amber lights at corners moved slowly, vanished; moments later, four smaller lights flew toward its path.",08/10/2025,33.7494951,-117.873221,
08/10/2025 23:45,PROVO,UT,USA,Cross,,,Translucent flying object,08/10/2025,40.2337289,-111.6587085,
08/11/2025 04:30,LEITCHFIELD,KY,USA,Changing,,,Second Sighting In a Week At This Location,08/11/2025,37.4801693,-86.2936604,
08/11/2025 03:49,BLACKFOOT,ID,USA,Disk,,,"These 2 ufos were just hovering low in the sky. They appeared closer to a Windmill farm, but seem to hover higher in the sky.",08/11/2025,43.190039,-112.348357,
08/11/2025 07:40,JACKSONVILLE,FL,USA,Orb,,,Very bright orb that looked like a giant light flying atleast 500ft high at a very fast manner. Got extremely bright and disappeared,08/11/2025,30.3262247,-81.6579179,
08/11/2025 01:35,JESSORE,Khulna Division,Bangladesh,Circle,,,"Fast, black, round object over Jashore at night, no lights or sound, moved above clouds at high speed.",08/11/2025,23.1665256,89.2094419,
08/10/2025 23:45,PLANO,TX,USA,Oval,,,"Green light appeared in sky, was motionless, then rapidly moved west, and disappeared.",08/11/2025,33.0136764,-96.6925096,
08/11/2025 11:14,SAINT CHARLES,ID,USA,Rectangle,,,"Black rectangle with smaller square attached on one end on the bottom hovering 500’ in the ESE, instantly went up 1000’ then flew SSW.",08/11/2025,42.1138188,-111.3888175,
08/11/2025 12:00,ATHENS,GA,USA,Cube,,,Spotted a black box at very high speed,08/11/2025,33.9597677,-83.376398,
08/03/2025 04:30,IACANGA,São Paulo,Brazil,Orb,,,"White light moving through the sky, it disappeared at first glance, returned and darted laterally across the sky.",08/11/2025,-21.8928341,-49.0226082,
08/11/2025 13:00,JUPITER,FL,USA,Orb,,,Silver reflective solid orb: stationary for a while then moved into a cloud and disappeared.,08/11/2025,26.9342246,-80.0942087,
08/10/2025 11:15,CLAYMONT,DE,USA,Changing,,,Single engine white plane about 1000 feet disappeared in front of my eyes in broad daylight,08/11/2025,39.8046257,-75.4555011,
08/05/2025 21:23,PORT CLINTON,OH,USA,Chevron,,,"I have two photos, one minute apart of a multi-colored lighted object close to the moon.",08/12/2025,41.5119954,-82.9376919,
08/11/2025 23:30,OAK HARBOR,WA,USA,Triangle,,,"Dozens of rotating, triangular, shapeshifting UFOs circling around other crafts but in a way that seemed like they were fighting?",08/12/2025,48.2931559,-122.643224,
08/11/2025 21:10,CIUDAD DE MÉXICO,Ciudad de México,Mexico,Disk,,,"Large, glowing orange saucer-shaped object seen over Mexico City, dripping molten-like sparks, hovering and descending smoothly",08/12/2025,19.4326296,-99.1331785,
08/11/2025 07:00,NEWARK,DE,USA,Light,,,"I saw a light with an orange/amber tint moving in jagged directions, like a zigzag.",08/11/2025,39.6828358,-75.7515682,
08/10/2025 03:45,BANKS,OR,USA,Orb,,,Saw an unusual orange light in the sky very early in the morning in a sparsely populated area just east of a mountain range,08/11/2025,45.6185986,-123.1143011,
08/11/2025 20:47,MEDFIELD,MA,USA,Changing,,,i went to close my blind and then saw a flying gold orb that was changing shapes in the sky.,08/11/2025,42.1865609,-71.30546,
08/11/2025 03:00,BURLINGTON,WA,USA,Circle,,,Cloaked batwing like drone or craft,08/12/2025,48.4738136,-122.330453,
08/11/2025 23:00,KELOWNA,BC,Canada,Light,,,Many appearances of lights travelling at high altitudes and anomalous movements,08/12/2025,49.8879177,-119.495902,
08/03/2025 03:55,SURREY,BC,Canada,Triangle,,,at foot of driveway facing west . looked straight up and viewed a triangular large craft go over me,08/12/2025,49.1913033,-122.849143,
07/01/2025 01:20,PRAHA,Prague,Czech Republic,Unknown,,,"Drone lights (green, red and white lights) no sound",06/30/2025,50.1029026,14.3946353,
07/01/2025 02:10,SANT ANTONI DE PORTMANY,Illes Balears,Spain,Triangle,,,"Upside down 3D triangle, lights outlining shape, travelled across our horizon, flight radar was blank,",06/30/2025,38.9830568,1.3009485,
07/01/2025 20:40,BUTWAL,Rupandehi District,Nepal,Circle,,,"The event does not match any known aircraft, satellite, or meteor behavior. Due to the number of moving lights, the scattered pattern,",07/01/2025,,,
07/01/2025 12:32,WORCESTER,MA,USA,Unknown,,,Look like a very shiny plane at first but was hovering low over city of Worcester,07/01/2025,42.2625621,-71.8018877,
07/01/2025 20:30,TABUK,Tabuk Province,Saudi Arabia,Changing,,,Strange pinkish oval cloudlike formation,07/01/2025,28.4012536,36.567049,
07/01/2025 02:00,GLASGOW,Scotland,United Kingdom,Light,,,"Pale yellow light, made a loop down and shot straight up",07/01/2025,55.861155,-4.2501687,
07/01/2025 21:03,ST. PETERSBURG,FL,USA,Unknown,,,VERY bright light in sky traveling NW faded “on” for 7 seconds then faded “off”.,07/01/2025,27.7712264,-82.6340259,
07/01/2025 00:31,GOWOROWO,Masovian Voivodeship,Poland,Triangle,,,An equilateral triangle consisting of three white dots.,07/01/2025,52.4319968,20.4198216,
07/01/2025 22:15,BOWMANVILLE,ON,Canada,Cylinder,,,Superspeed cylinder shot on slowmo video,07/01/2025,43.9122995,-78.6891675,
07/02/2025 22:15,ESKDALE,Hawke's Bay Region,New Zealand,Circle,,,Cluster of red flashing lights high up in sky.,07/02/2025,,,
07/01/2025 23:15,ST. GEORGE,SC,USA,Changing,,,Extremely bright craft above the tree line hovering in place,07/02/2025,33.1859958,-80.5756534,
07/02/2025 03:37,AURORA,CO,USA,Rectangle,,,Was leaving my house for work and I looked up at the clear sky and noticed this rectangular slow moving silver line in the sky,07/02/2025,39.7405111,-104.830994,
07/02/2025 02:08,SWINDON,England,United Kingdom,Light,,,2 round lights hovering above my flat im on 5 th floor it was 100ft above 500 ft away then tuned 180 degrees an slowly moved off,07/02/2025,51.5615327,-1.7854322,
07/01/2025 21:05,OCALA,FL,USA,Triangle,,,"Saw silent, low-flying triangular craft with bright circular lights; hovered above trees, vanished.",07/02/2025,29.1871986,-82.1400923,
07/03/2025 22:35,SUNSHINE COAST,Queensland,Australia,Light,,,Bright constant white light zooming across the sky faster than anything iv seen,07/03/2025,-26.7079095,152.8508329,
07/03/2025 02:48,NORTON,NB,Canada,Rectangle,,,"Rectangular, silent object with lights traveling slowly on horizontal path just above treeline in remote, unlit area w/ low air traffic",07/02/2025,45.6515682,-65.70674,
07/03/2025 01:06,CHICAGO,IL,USA,Light,,,Quick Zig-Zag Pattern high up in sky,07/02/2025,41.8755616,-87.6244212,
07/02/2025 04:10,PORTLAND,OR,USA,Rectangle,,,"Unfamiliar object was easy to see, whitish rectangular, silently moving across sky, took video.",07/02/2025,45.5202471,-122.674194,
07/02/2025 21:51,RICHLAND,WA,USA,Disk,,,"5 or 6 disk shaped craft flew over the Handford, nuclear site in Richland, WA for around 7 minutes",07/02/2025,46.2804298,-119.275205,
07/02/2025 22:30,TALLAHASSEE,FL,USA,Cigar,,,Bright white light tinged with green cigarette shaped object moving very fast crossed over I-10 from south to north 1/4 way up horizon,07/02/2025,30.4380832,-84.2809332,
07/01/2025 20:25,BROTHERS,OR,USA,Cigar,,,I saw a bright white object flying evenly across the horizon.,07/02/2025,43.8137417,-120.6033306,
07/02/2025 04:39,ABERDEEN,SD,USA,Rectangle,,,"I witnessed a large rectangular shaped craft, with extremely bright white lights flying over My residence in Aberdeen, South Dakot",07/02/2025,45.4649805,-98.487813,
07/03/2025 00:45,GIG HARBOR,WA,USA,Orb,,,A round light just appeared.,07/03/2025,47.3259697,-122.5878659,
07/02/2025 04:09,DRAIN,OR,USA,Light,,,A very long what appeared like a big Light Bar in the sky,07/03/2025,43.6587309,-123.318698,
07/01/2025 22:02,SHELBURNE,ON,Canada,Orb,,,It was green and blinking and like teleported and showed up across the sky,07/04/2025,44.078473,-80.203431,
07/03/2025 04:45,DEWEY BEACH,DE,USA,Star,,,Star like image visible with naked eye,07/04/2025,38.691184,-75.0752724,
07/02/2025 23:00,HEADLAND,AL,USA,Orb,,,We saw an extremely bright blue orb blinking moving incredibly fast and about 40 ft off the ground,07/04/2025,31.351284,-85.3421559,
07/04/2025 01:11,OIL SPRINGS,ON,Canada,Egg,,,Went to edge of front porch and something caught my eye in the backyard. A small hovering craft in the corner,07/03/2025,42.7838172,-82.126915,
07/03/2025 21:30,GOODLETTSVILLE,TN,USA,Star,,,"Similar to a star, solid blue in color, going parallel and perpendicular, crisscrossing, stopping, then moving again.",07/03/2025,36.3231067,-86.7133302,
07/03/2025 10:10,FORT MEADE,MD,USA,Star,,,My boyfriend and I were driving on the highway and saw a speck of light flash by.,07/03/2025,39.1031979,-76.7465173,
07/02/2025 23:47,SEOUL,CT,South Korea,Triangle,,,Glowing white triangle that got smaller and disappeared,07/03/2025,37.5666791,126.9782914,
07/04/2025 00:03,PLYMOUTH,England,United Kingdom,Light,,,Multiple UAP moving erratically in a 'stone skipping' motion,07/03/2025,50.3714122,-4.1424451,
07/03/2025 21:13,WASHINGTON,DC,USA,Orb,,,Was moving in different directions and glowing. Then it just disappeared,07/04/2025,38.8950982,-77.0363849,
07/04/2025 22:00,JOHNSTON,IA,USA,Orb,,,Red Orb,07/05/2025,41.6731523,-93.6973395,
07/04/2025 16:17,EASTON,MA,USA,Unknown,,,Spotted stationary black object in sky that appeared distant but below cloud level. Pointed it out and it moved N/NE slowly.,07/05/2025,42.0245442,-71.1286594,
07/04/2025 22:20,BARTLESVILLE,OK,USA,Circle,,,"Multiple craft, executed turns, stopped and started moving again. Seen in multiple groups of 3 to 7 at a time",07/05/2025,36.7509272,-95.9771779,
07/05/2025 07:25,SNOHOMISH,WA,USA,Sphere,,,Was travelling south on I5 between Marysville and Everett when I spotted the UAP which was fixed in the sky not moving.,07/05/2025,48.0074736,-121.7304882,
07/05/2025 02:00,LAGUNA BEACH,CA,USA,Other,,,"A single light with small thunders of light around it, color changing , very organic when it was moving. Like pulse of color light",07/05/2025,33.5426975,-117.785366,
07/04/2025 00:00,AURORA,CO,USA,Formation,,,"Three lights we thought were a drone, the lights separated and disappeared at an incredible speed, this was in Denver, Colorado.",07/04/2025,39.7405111,-104.830994,
07/04/2025 23:06,LINEVILLE,AL,USA,Light,,,"Bright red Orange light that was originally stopped, moved for a few seconds, then shot up into space",07/04/2025,33.3106696,-85.7544051,
07/04/2025 21:00,MONUMENT,CO,USA,Orb,,,"Flashing green light east to southeast of Palmer Lake, Colorado",07/04/2025,39.0916586,-104.872758,
07/04/2025 01:36,OTTAWA,ON,Canada,Cube,,,Visible for 5-7 seconds until being obstructed,07/04/2025,45.4208777,-75.6901106,
07/04/2025 21:35,THORNTON,CO,USA,Circle,,,5 to 7 lights in the sky,07/04/2025,39.8695516,-104.985181,
07/04/2025 22:00,WEST SPRINGFIELD,MA,USA,Unknown,,,Seeing star level dim blue lights moving very fast in various directions for the past year,07/04/2025,42.105237,-72.6213712,
07/04/2025 20:00,BOCA RATON,FL,USA,Orb,,,"5 orange bright sparkling orbs 1000 ft height,",07/04/2025,26.3586885,-80.0830984,
07/04/2025 21:47,KNOXVILLE,TN,USA,Orb,,,"Seen this multiple times over oak ridge, TN. First recording. Orb drastically changes directions and spins.",07/04/2025,35.9603948,-83.9210261,
07/03/2025 12:00,HONOLULU,HI,USA,Cube,,,Black Cube sighted flying near helicopter.,07/04/2025,21.304547,-157.855676,
07/04/2025 04:40,SITKA,AK,USA,Cylinder,,,"Object was at 10:30 to 11:00-high azimuth and, it was moving along it's length from West-NorthWest to East-SouthEast in relation to me.",07/05/2025,57.4086082,-135.4596206,
07/05/2025 00:00,EDDYVILLE,KY,USA,Orb,,,Over horizon facing east we seen orbs flying around also later triangle crafts over head,07/05/2025,37.0944971,-88.080301,
07/06/2025 00:31,ALDEA DEL FRESNO,Community of Madrid,Spain,Star,,,"On Sunday, July 6, 2025, at approximately 12:30 AM, I observed an object in the sky that initially appeared to be a star. It was nearly",07/05/2025,40.3215212,-4.19936,
07/04/2025 21:18,KINGS PARK,NY,USA,Changing,,,While sitting in our backyard I noticed and took video of this quick moving green object that changed shape as it moved,07/05/2025,40.8890985,-73.246843,
07/04/2025 22:35,MELBOURNE,AR,USA,Triangle,,,Black triangle craft about 300 feet above my house for about a minute and a half to two minutes.,07/05/2025,36.0595148,-91.9084819,
07/05/2025 18:00,LA FORTUNA,Alajuela Province,Costa Rica,Disk,,,"I was taking pictures of Arenal at sunset; when I downloaded them, I found one photo with a clear, glowing, Saturn/saucer-shaped object",07/05/2025,10.4716839,-84.644436,
07/05/2025 12:05,CHILOQUIN,OR,USA,Changing,,,Moved slowly then fast changing direction they flashed bright a few times then shot off and disappeared,07/05/2025,42.577636,-121.866126,
07/05/2025 21:14,OLYMPIA,WA,USA,Circle,,,Saw a UFO?,07/05/2025,47.0451022,-122.8950075,
07/05/2025 20:54,TUMWATER,WA,USA,Changing,,,The object changed shapes. There appeared to be smaller objects that would fly to and away from the object. It slowly disappeared.,07/05/2025,47.0080655,-122.910368,
07/05/2025 23:30,HUNTSVILLE,AL,USA,Orb,,,Practicing meditation for contact me and my wife both saw an orb fly over the house,07/05/2025,34.729847,-86.5859011,
07/06/2025 00:11,STAUNTON,VA,USA,Orb,,,I can not give you exact number of the orbs that were seen but there were many of them,07/06/2025,38.1495947,-79.072557,
07/06/2025 23:20,CANTON,GA,USA,Oval,,,Slow moving reflective balloon or glider of some form at a high altitude,07/06/2025,34.2367621,-84.4907621,
07/07/2025 11:33,CRANBOURNE WEST,Victoria,Australia,Light,,,2 unidentified objects,07/06/2025,-38.102241,145.2517182,
07/05/2025 02:00,BALDWIN,WI,USA,Sphere,,,Small white light moving light at ground level. Large orange sphere appeared in sky above light elevated approximately 100 ft,07/06/2025,44.9667546,-92.3732461,
07/05/2025 21:45,SOUTH AMBOY,NJ,USA,Cube,,,Fastest moving object,07/06/2025,40.4821114,-74.2828828,
07/04/2025 23:37,MESA,AZ,USA,Orb,,,"2 lights, possibly one craft, moving South East",07/06/2025,33.4151005,-111.831455,
07/05/2025 22:15,WHEAT RIDGE,CO,USA,Light,,,3 lights -1 moving from East to West. The other 2 moving West to SE,07/06/2025,39.766098,-105.0772063,
07/06/2025 21:27,PEARL CITY,HI,USA,Disk,,,"Driving on freeway, spotted a disk over the water. Passed under a bridge and disk vanished",07/06/2025,21.4001231,-157.969428,
07/05/2025 21:11,FAIRMONT,WV,USA,Disk,,,Black disc hovering near valley falls Fairmont West Virginia.,07/06/2025,39.484898,-80.1426539,
07/07/2025 04:19,LOS ANGELES,CA,USA,Fireball,,,Fast traveling ember like object at around 100 ft.high,07/07/2025,34.0536909,-118.242766,
07/06/2025 23:04,LAS VEGAS,NV,USA,Cigar,,,White UFO blinking lights over Las Vegas,07/07/2025,36.1674263,-115.1484131,
07/03/2025 03:00,PADUCAH,KY,USA,Unknown,,,Was watching television in living room. A bright light shown through the window. The next thing I remember was waking up in bedroom.,07/06/2025,37.0833893,-88.6000478,
07/06/2025 22:55,SCOTTSBLUFF,NE,USA,Cylinder,,,"A object that moved silently, self illuminating, very bright white light.",07/06/2025,41.862302,-103.6627088,
07/06/2025 22:45,BUFFALO,WY,USA,Circle,,,"Bright light, a very fast plane that was higher up seemed to be trying to catch up to it.",07/06/2025,44.3480865,-106.699287,
07/06/2025 22:10,FORT MILL,SC,USA,Unknown,,,I saw two very bright lights at what seemed to be a very high altitude. The two of them moved quickly across the sky.,07/06/2025,35.0073697,-80.9450759,
07/06/2025 21:25,HOLLY HILL,SC,USA,Light,,,Bright light ascending into the sky. No trail. Circular light shape. Super bright. Ascended up thru clouds rather quickly,07/06/2025,33.3226624,-80.4137038,
07/06/2025 17:00,TROUT RUN,PA,USA,Cube,,,Size of small airplane. Perfect square and looked to be all white in color.,07/07/2025,41.4347649,-78.4659214,
07/04/2025 21:35,BURNT HILLS,NY,USA,Orb,,,2 separate sightings approx 5 min apart flying at exactly the same direction at about the same altitude. Videoed 2nd sighting.,07/07/2025,42.9097982,-73.8951234,
07/08/2025 18:10,YARRA JUNCTION,Victoria,Australia,Circle,,,To the naked eye it looked like a ultra bright triangle with red and blue light beam from bottom,07/07/2025,-37.7821693,145.6150255,
07/08/2025 18:10,YARRA JUNCTION,Victoria,Australia,Circle,,,Triangle shape really bright with red and blue light beams coming out from buttom,07/07/2025,-37.7821693,145.6150255,
07/07/2025 21:00,PHOENIX,AZ,USA,Triangle,,,"Triangle with 3 withe lights behind, no sound/ noise at all, just flying slowly",07/07/2025,33.4484367,-112.074141,
07/07/2025 23:09,SAN DIEGO,CA,USA,Circle,,,"It had 2 red lights and 2 white bright lights, I think the red lights were blinking",07/07/2025,32.7174202,-117.162772,
07/07/2025 23:05,WRIGHT CITY,MO,USA,Orb,,,"Saw glowing object zigzag across western sky, hovered, then vanished at incredible speed.",07/08/2025,38.8275491,-91.0201422,
07/03/2025 21:02,STROUDSBURG,PA,USA,Orb,,,"Sighting Summary On the night of July 4th, I witnessed a strange red orb moving slowly through the sky. It wasn’t fast like a firework",07/08/2025,40.9864261,-75.1946649,
07/08/2025 03:00,DANBURY,WI,USA,Unknown,,,3 large objects in the sky with a physical mass in between the lights that would cover the stars as the went by,07/08/2025,46.0066117,-92.3713048,
07/02/2025 08:36,LEAMINGTON,ON,Canada,Cylinder,,,"Approx 15,000 ft in the air and maybe 20-30 km away over Lake Erie",07/08/2025,42.0531385,-82.5997722,
07/07/2025 22:20,PHILADELPHIA,PA,USA,Circle,,,I looked up at the sky and saw this white ball dropping towards the ground but when I zoomed in it appeared to be changing colors.,07/08/2025,39.9527237,-75.1635262,
07/04/2025 22:00,BURNSVILLE,MN,USA,Light,,,Extremely fast light stopping and starting,07/08/2025,44.7670567,-93.2773887,
07/08/2025 21:16,,Asyut,Egypt,Star,,,"A star sped unbelievably fast, met another, vanished; then another came from a different angle, fast too—then disappeared.",07/08/2025,27.1832822,31.1853836,
07/08/2025 09:20,PEHCHEVO,Municipality of Pehčevo,North Macedonia,Circle,,,Spherical white object that moved from right to left towards the mountain,07/08/2025,41.7635729,22.8873017,
07/06/2025 21:00,BARCELONA,Catalunya,Spain,Sphere,,,"Observed a silent, solid black sphere (~50cm) flying low, about 6-10 meters above buildings in Barcelona before sunset, moving westward",07/09/2025,41.3825802,2.177073,
07/06/2025 23:30,MORA,MN,USA,Orb,,,1st orb appeared W traveled E. 2nd 2min later going SW to NE. Both wobbled at consistent speed.,07/09/2025,45.8763597,-93.2969493,
07/09/2025 00:58,GAINESVILLE,GA,USA,Circle,,,"Bright orange orb, car-sized, floated silently at eye level past my 3rd-floor balcony in Gainesville, GA around 1 AM—no sound or impact",07/08/2025,34.2978794,-83.8240663,
07/05/2025 23:43,TOKELAND,WA,USA,Other,,,Originally shooting star assumption until it changed directions,07/08/2025,46.7073149,-123.9800916,
07/09/2025 01:15,GOSPORT,England,United Kingdom,Light,,,I saw two star like objects move fast towards each other then circle round each other and fly away in the opposite direction from one a,07/08/2025,50.7952074,-1.1210853,
07/09/2025 04:00,ROCHESTER,NY,USA,Flash,,,Looks like a big flashing star but it moves,07/09/2025,43.157285,-77.615214,
07/08/2025 19:59,EASTOVER,NC,USA,Sphere,,,"Saw a traveling bubble in backyard, that avoided tree branches and fences. It looks exactly like the bubble crafts seen in Denmark 1970",07/09/2025,35.099219,-78.7882955,
07/09/2025 22:22,LIVERPOOL,England,United Kingdom,Orb,,,Faint ball of light zipping about the sky,07/09/2025,53.3933411,-2.9166389,
07/09/2025 21:58,VERGENNES,VT,USA,Fireball,,,Came down through the tree line bright green fireball. Going towards Addison from Middlebury,07/09/2025,44.1681052,-73.2518037,
07/02/2025 19:45,ASHOKNAGAR KALYANGARH,West Bengal,India,Disk,,,"Red flash lit up clouds; rotating glowing UFO hovered, teleported & vanished near Ashokenagar Boys' School, India.",07/09/2025,22.8387354,88.6245961,
07/09/2025 21:00,OCONTO,WI,USA,Circle,,,Watching the stars with my little boy both nights and these were bright and one of them even stops for a second in 1 of my videos,07/10/2025,44.9988053,-88.2480072,
07/04/2025 13:00,WEST LAFAYETTE,OH,USA,Sphere,,,"The sphere flew in a controlled manner, over the house, east to west, over the tuscawares river, and over a tree line of a crop field",07/10/2025,40.2753487,-81.7509601,
07/09/2025 21:34,DANA POINT,CA,USA,Orb,,,US Navy MH 60S helicopter chasing orb,07/10/2025,33.4669721,-117.6981075,
06/03/2025 00:30,XENIA,OH,USA,Light,,,"Bluish white orb moving in short angular and circular directions, staying the same general area",06/03/2025,39.6847822,-83.9296526,
06/01/2025 01:00,PHOENIX,AZ,USA,Orb,,,What I Witness I believe it's an orb it was circular but it also looks diamond shaped,06/03/2025,33.4484367,-112.074141,
06/02/2025 12:30,SAN FRANCISCO,CA,USA,Disk,,,"Started off over SOMA district in SF below 500 feet altitude, made its way over Chase Center, waited there for a bit and then went up",06/02/2025,37.7879363,-122.4075201,
06/01/2025 04:00,LEWISTON,ID,USA,Circle,,,Strange orb chased family of 4 out,06/02/2025,46.4195913,-117.0216144,
06/01/2025 22:16,SALEM,OR,USA,Circle,,,Saw a red and green pulsing orb moving across the sky,06/02/2025,44.9391565,-123.033121,
06/01/2025 12:57,JERSEY CITY,NJ,USA,Changing,,,Sighting from apartment building roof,06/02/2025,40.7215682,-74.047455,
06/01/2025 22:10,OAK HARBOR,WA,USA,Orb,,,Very low & slow moving craft heading easterly roughly 20 miles south of Lopez island. Eventually ducked behind the island. ~300 ft el.,06/01/2025,48.2931559,-122.643224,
06/01/2025 16:15,EMPORIA,KS,USA,Other,,,"Unknown craft at 8,000 MSL observed from aircraft",06/01/2025,38.4040054,-96.181623,
06/01/2025 04:15,CHURCH ROCK,NM,USA,Orb,,,It was a shocking to see 15 different lights in the sky at once. All in different directions. They were floating and all dissappeared,06/01/2025,35.5368969,-108.6323034,
06/01/2025 01:03,ARARUAMA,Rio de Janeiro,Brazil,Orb,,,"They were on a line formation, eventually spreading out and disappearing, right after, bunch of white flashes appeared.",05/31/2025,-22.7446908,-42.3231292,
06/01/2025 04:49,,,Australia,Light,,,"Bright car-sized red light sped over ocean near cliff, under 1km away, seen from bedroom; lit up ground, moved extremely fast.",05/31/2025,-24.7761086,134.755,
06/03/2025 23:58,TAVERHAM,England,United Kingdom,Star,,,I was in the back garden when the ufo zoomed across the sky but faster than anything possible then changed direction slowed up then up,06/03/2025,52.6813393,1.1935934,
06/03/2025 22:00,BUBESHEIM,Bayern,Germany,Light,,,Ufo?,06/03/2025,48.4334862,10.253454,
06/02/2025 18:36,LEBANON,OR,USA,Other,,,"U was walking along the road when i heard a loud ringing noise, and when i looked up 3 squiggle shaped aircraft flew past pretty slowly",06/03/2025,44.5363364,-122.9072329,
06/03/2025 22:40,PLYMOUTH,MA,USA,Star,,,"Every minute or two there would be 1 or 2 tiny stars that would slowly move across the whole sky, sometimes abruptly changing direction",06/03/2025,41.9426657,-70.7618592,
06/04/2025 00:28,LEWISTON,ID,USA,Circle,,,Bright circular light flew through the sky in front of my husband and I. It was going fast! Was not a meteor as it turned on and off.,06/04/2025,46.4195913,-117.0216144,
06/02/2025 18:15,HAMILTON,Waikato Region,New Zealand,Light,,,"Solid light above clouds, silent, non-blinking, sudden stops, odd movements, witnessed June 2 Hamilton NZ. Also camouflaged when still.",06/04/2025,,,
06/04/2025 19:10,SÃO PAULO,São Paulo,Brazil,Orb,,,"Intense orange object, blinking and motionless in the cloudy night sky.",06/04/2025,-23.5506507,-46.6333824,
06/02/2025 00:00,MARYSVILLE,WA,USA,Cigar,,,Long cigar shape moving and then made a 90 degree angle turn,06/05/2025,48.0517429,-122.1768209,
06/04/2025 22:00,COLRAIN,MA,USA,Orb,,,"I saw 3 of these orbs within a few moments, all going different directions and turning. Saw planes too, these are not planes.",06/05/2025,42.6728684,-72.6972453,
06/04/2025 03:43,,,Costa Rica,Circle,,,Circle shaped airship.,06/05/2025,10.2735633,-84.0739102,
06/04/2025 16:45,NEPHI,UT,USA,Circle,,,"My 7yo spotted a bright “star” in daylight—reflective, silent, changed direction like it was guided. Not a drone. Nephi, UT @ 4:45PM.",06/04/2025,39.7102336,-111.836321,
06/05/2025 11:38,OAKLEIGH,Victoria,Australia,Oval,,,"Object high in the sky, broad daylight, pulsing bright light, appears to vary speed",06/04/2025,-37.9006303,145.0886372,
06/04/2025 18:59,COLORADO SPRINGS,CO,USA,Cigar,,,Large cigar shaped ufo was incredibly shocking to see,06/04/2025,38.8339578,-104.825348,
06/02/2025 20:57,DENTON,TX,USA,Orb,,,Between one and 5 orbs flying and interacting,06/04/2025,33.1838787,-97.1413417,
06/04/2025 21:30,MECHANICSVILLE,VA,USA,Oval,,,Looked like a Xbox controller,06/04/2025,37.627722,-77.3538176,
06/02/2025 22:30,DEER PARK,WA,USA,Cylinder,,,Bright white light estimated the size of a school bus moving at incredibly fast speed traveling from west to east.,06/05/2025,47.9543679,-117.4768479,
06/05/2025 17:33,VILLETA,Central Department,Paraguay,Other,,,"I think it's not a UFO, it's more of an asteroid.",06/05/2025,-25.5045192,-57.5693789,
06/05/2025 02:30,LANCASTER,CA,USA,Circle,,,Giant red ball bigger than the moon,06/05/2025,34.6981064,-118.1366153,
06/05/2025 19:05,SÃO PAULO,São Paulo,Brazil,Orb,,,"Orange orb of light appears two days in a row, at different points in the sky, at the same time.",06/05/2025,-23.5506507,-46.6333824,
06/05/2025 22:57,AGROHA,Haryana,India,Triangle,,,It was moving with an hypersonic speed in a straight line just above the cloud i saw it flying nearly 5 km,06/05/2025,29.3317216,75.6312992,
06/06/2025 23:09,THOMASTOWN,Victoria,Australia,Circle,,,"Green circle moving very fast, faster then anything I’ve seen before and it was way too windy to be a drone and it was very high up",06/06/2025,-37.6832672,145.0081104,
06/04/2025 03:17,LONG BEACH,CA,USA,Oval,,,"I saw a strange object in the sky. It stopped for a few seconds in front of me, then moved at blink-of-an-eye speed without sound.",06/06/2025,33.7690164,-118.191604,
06/06/2025 02:22,SANTA FE,NM,USA,Other,,,"I was looking straight up at the sky, and one passed overhead, a few seconds later, a second, same path, same speed, same appearance.",06/06/2025,35.6876096,-105.938456,
06/07/2025 02:00,CHANDLER,AZ,USA,Cross,,,"Stepped out front yard to sit and look at the sky and saw this star like moving erratically directly above, not a satellite,",06/07/2025,33.3062031,-111.841185,
06/05/2025 01:00,VAŠKA,Virovitica-Podravina County,Croatia,Cross,,,"From east to west, 1 mile height, like plane with trail. Huge speed but no sound! In 10 minutes until 1 am.",06/07/2025,45.8154349,17.6662543,
06/06/2025 20:00,SOUTHPORT,NC,USA,Orb,,,Noticed small white light moving just across the street at chest height.,06/07/2025,33.921563,-78.0202677,
06/06/2025 21:45,MESA,AZ,USA,Orb,,,Two orbs flying in the sky and suddenly disappears,06/07/2025,33.4151005,-111.831455,
06/20/2025 04:57,WOODLAND PARK,NJ,USA,Light,,,I saw the smaller orb move in front of the larger one,06/20/2025,40.8893288,-74.1969657,
06/17/2025 21:00,VACAVILLE,CA,USA,Triangle,,,After noticing black object in sky. Object did not move or fly away. It stayed in one spot until it got dark. It had no lights.,06/20/2025,38.3565773,-121.9877444,
06/20/2025 05:17,MADRID,Comunidad de Madrid,Spain,Unknown,,,"Three luminous figures (white, gold, and blue) floating in humanoid form. They moved without noise or flashing lights.",06/19/2025,40.416782,-3.703507,
06/19/2025 15:30,NEW MARKET,MD,USA,Sphere,,,"The two spheres remained equal distance apart and not moving, though the storm cloud were moving fast by them. Then they went straighth",06/19/2025,39.3827893,-77.2726393,
06/01/2025 11:07,SÃO PAULO,São Paulo,Brazil,Flash,,,Strange lights in the sky of Sao Paulo.,06/19/2025,-23.5506507,-46.6333824,
06/18/2025 10:45,SANTA MARIA,CA,USA,Orb,,,"Silent white dot, moving fast",06/19/2025,34.9531295,-120.435857,
06/18/2025 10:45,BENICIA,CA,USA,Orb,,,"A small white-silver object, too small to identify the shape, traveling super-fast to the East. I observed it for about 10 seconds",06/19/2025,38.049365,-122.1585777,
06/17/2025 20:52,CHATTANOOGA,TN,USA,Oval,,,Driving northbound saw bright unmoving light high in the sky and had grandaughter record it til it was lost behind trees,06/19/2025,35.0457219,-85.3094883,
06/18/2025 22:00,THE DALLES,OR,USA,Circle,,,Bright falling and accelerating object.,06/18/2025,45.6015056,-121.1841587,
06/19/2025 03:30,LINDEN,Hessen,Germany,Other,,,"The object was visible as a ""stick“ with 2 orbs at the end for a while, then only 1 orb",06/18/2025,50.5332996,8.6677674,
06/17/2025 22:20,ANACORTES,WA,USA,Light,,,I was standing outside and noticed two small orange lights rising into the sky.,06/18/2025,48.516844,-122.6125717,
06/16/2025 00:28,WOODLAND HILLS,CA,USA,Orb,,,"Blue orb moving 5 degrees side to side, then changing color to green, then shooting down out of sight",06/18/2025,34.1684364,-118.6058382,
06/16/2025 00:28,LOS ANGELES,CA,USA,Orb,,,Orb seen zig zagging and changing colors,06/18/2025,34.0536909,-118.242766,
06/17/2025 22:01,NARAMATA,BC,Canada,Other,,,Structure size of car with big lights moving unusually up and down vertically then shot off into the sky at the speed of light,06/17/2025,49.5981383,-119.5996165,
06/17/2025 21:33,BAKERSFIELD,CA,USA,Diamond,,,Huge black diamond shape obscured by a lot of lights.,06/17/2025,35.3738712,-119.019463,
06/03/2025 23:27,LOS POLVORINES,Buenos Aires Province,Argentina,Star,,,I am one to observe the stars. And I saw that they were moving and I repeat. And a red object that was moving very fast and changing di,06/17/2025,-34.5106413,-58.699072,
06/16/2025 22:00,MARYSVILLE,WA,USA,Circle,,,"Observed 2 objects, then 5. Captured 3 objects that were stationary for approximately 5 minutes on cell phone.",06/17/2025,48.0517429,-122.1768209,
06/14/2025 15:30,MERIDIAN,ID,USA,Disk,,,"I saw a dull black huge disc shaped with another layer of craft under that, but connected. Spires high up from the top & bottom.",06/17/2025,43.6086295,-116.392326,
06/17/2025 15:04,SASSENHEIM,Zuid-Holland,Netherlands,Diamond,,,"It was silent and flew low and not very fast, it was small..",06/17/2025,52.2246356,4.5199218,
06/15/2025 22:43,MIAMI,FL,USA,Other,,,Two rotating s shape crafts seen above Miami river,06/17/2025,25.7741566,-80.1935973,
06/16/2025 20:50,TUCSON,AZ,USA,Unknown,,,"Bright, trail of light zigzaged, and the phenomenon quickly dissipated into obscurity it's tail or trail left a zigzag formation remain",06/16/2025,32.2228765,-110.974847,
06/16/2025 20:41,LAGUNA NIGUEL,CA,USA,Circle,,,Object that looked like a firework.,06/16/2025,33.5225261,-117.7075526,
06/16/2025 22:15,APPLETON,WI,USA,Circle,,,I was outside walking my dog and seen a circle object in the sky and there was no sounds of regular aircraft,06/16/2025,44.2613967,-88.4069744,
06/15/2025 21:10,JOHNSTON CITY,IL,USA,Triangle,,,We saw a Triangle shaped UFO hovering above the high school football field,06/16/2025,37.8206053,-88.9275695,
06/16/2025 15:15,LAKE ELMO,MN,USA,Sphere,,,Grey/silver sphere traveling approx 100-150mph over neighborhood,06/16/2025,45.0021685,-92.8801862,
06/08/2025 19:12,OTTAWA,ON,Canada,Sphere,,,Round silver object flying over busy tourist area - not noticed by anyone else!,06/16/2025,45.4208777,-75.6901106,
06/16/2025 02:15,SPRUCE GROVE,AB,Canada,Light,,,Flew less than a km above surface at mind-boggling speeds traveling north without sound.,06/16/2025,53.545204,-113.903503,
06/11/2025 19:30,TANJIL,Victoria,Australia,Orb,,,Black ball shape object moving quickly above the clouds.,06/16/2025,-37.945509,146.2175961,
06/14/2025 23:20,MEDICINE HAT,AB,Canada,Triangle,,,"Laying on backyard deck looking at the stars. A triangle shaped object caught my eye. Dull white lights on corners, then disappeared.",06/15/2025,50.04303,-110.679016,
06/14/2025 01:46,POZA RICA,Veracruz,Mexico,Disk,,,Dark gray dish with colored lights that turned on and changed colors very slowly.,06/15/2025,20.5320852,-97.4536355,
06/15/2025 03:30,TUCSON,AZ,USA,Sphere,,,Lighting bolt sphere staying in one spot,06/15/2025,32.2228765,-110.974847,
06/14/2025 21:30,JOSHUA TREE,CA,USA,Flash,,,Parallel lights 2 inch apart flash stream for 2 inches SW of Joshua tree,06/14/2025,34.123375,-116.3128656,
06/14/2025 11:30,BIG ROCK,IL,USA,Disk,,,Small black disk,06/14/2025,41.7639181,-88.5470219,
06/13/2025 21:15,SANDWICH,MA,USA,Orb,,,"8 crafts spotted cruising in sky across coast, no sound or flashes, entered clouds and disappeared, final 2 crafts were 200 ft apart.",06/14/2025,41.7579043,-70.4968152,
06/05/2025 10:50,SPRING VALLEY,CA,USA,Other,,,I saw 3 objects in the sky,06/14/2025,39.0762525,-122.5949373,
06/11/2025 02:50,CHASEBURG,WI,USA,Cylinder,,,45° angle hovering light,06/14/2025,43.6590094,-91.0955072,
06/13/2025 00:00,WESTWARD HO!,England,United Kingdom,Light,,,Looked like a beam of light but also a bit like a flying saurcer,06/14/2025,51.0411656,-4.2315065,
06/14/2025 01:30,SILVER SPRINGS,NY,USA,Other,,,Strange Starburst shadow during power outage,06/13/2025,42.6606177,-78.0855638,
06/10/2025 23:00,HELENA FLATS,MT,USA,Circle,,,"2 orange orbs moving slow and Steady. 1 bigger craft orange red and green lights hovered, moved fast, changed direction abruptly.",06/13/2025,48.254953,-114.254534,
06/13/2025 22:53,BAYMAK,Republic of Bashkortostan,Russia,Circle,,,I was sitting on a bench with my girlfriend when I saw some kind of glowing red sphere.,06/13/2025,52.597919,58.30756,
06/12/2025 22:48,BELLINGHAM,MA,USA,Light,,,Was waiting for the moon to rise up and then out of nowhere this huge roundish super bright light was hovering for about 5 mins,06/13/2025,42.0869493,-71.4746436,
06/13/2025 05:28,PITTSBURGH,PA,USA,Orb,,,Seen light in sky got brighter and faded then 2 more orbs appeared in triangle formation started recording as they disappeared,06/13/2025,40.4406968,-80.0025666,
06/12/2025 22:36,HARPER WOODS,MI,USA,Oval,,,Oval shaped ship spotted,06/12/2025,42.4333367,-82.9238847,
06/12/2025 05:00,SUMMERHAVEN,AZ,USA,Oval,,,Spotted what I thought was a weather balloon or glowing oval looking craft. It stayed stationary for an hour before slowly climbing,06/12/2025,32.4447583,-110.7605798,
06/12/2025 17:31,LAHORE,Punjab,Pakistan,Cone,,,It was just looking at sky sudennly saw a star moving at high speed in order 1 2 3 1 above them was a stucture suddenly gone,06/12/2025,31.5656822,74.3141829,
06/11/2025 20:47,BRANFORD,CT,USA,Circle,,,"Large, hovering, silent, red and blue constant lights on opposing edges with bright white lights.",06/12/2025,41.2795414,-72.8150989,
06/12/2025 11:40,SANTA CLARITA,CA,USA,Cylinder,,,Metallic silver cylinder rotating east to west.,06/12/2025,34.4127963,-118.5538088,
06/02/2025 12:08,MALPAS,England,United Kingdom,Teardrop,,,Tear-shaped silver floating orb,06/12/2025,53.021809,-2.7651595,
06/11/2025 23:30,BEXHILL,England,United Kingdom,Light,,,"About 30 fast, silent blue objects flew in sync across the sky in one minute—no lights, no sound, surreal, and deeply unsettling.",06/11/2025,50.8419553,0.4709063,
06/01/2025 22:00,PETROLIA,CA,USA,Orb,,,Object appeared to be an extremely bright satellite did a loop in the sky. Object then seen darting back and forth near horizon.,06/11/2025,40.3249244,-124.2869839,
06/11/2025 10:19,AIR FORCE ACADEMY,CO,USA,Orb,,,Small group of orbs travel north along the front range,06/11/2025,38.9912381,-104.8588346,
06/11/2025 20:47,UDAPPANKULAM,Tamil Nadu,India,Egg,,,Its very fast and big ns blurry white with very super fast turns in the sky two thing like playing hide and seek,06/11/2025,,,
06/06/2025 23:00,MALLE,Vlaanderen,Belgium,Unknown,,,In the evening dark outside flashing red lights.,06/11/2025,51.2968544,4.693771,
06/08/2025 10:31,MESA,AZ,USA,Changing,,,"Objects emit a steady or pulsing light and have demonstrated sudden directional changes, unusual hovering, or quick disappearances",06/11/2025,33.4151005,-111.831455,
06/09/2025 20:20,LEGANA,Tasmania,Australia,Light,,,Sightings spanned over 2 nights from the 9th to the 10th of June 2025.,06/10/2025,-41.3637155,147.0450377,
06/06/2025 22:30,MESA,AZ,USA,Orb,,,I saw 5 orbs and then 2 disappeared and reappeared,06/10/2025,33.4151005,-111.831455,
06/10/2025 23:30,MATLOCK,England,United Kingdom,Cigar,,,Looked out of my ensuite window onto the hillside opposite.. saw a strip of orange in the sky above..,06/10/2025,53.1374514,-1.5544694,
06/01/2025 22:52,ROSWELL,NM,USA,Circle,,,Taking pictures trying to capture the aurora borealis and would up seeing a literal flying silver disk,06/10/2025,33.3943282,-104.5229518,
06/09/2025 21:50,,Antalya,Turkey,Orb,,,Strange object seen in Antalya.,06/10/2025,36.8865728,30.7030242,
06/10/2025 14:35,CINCINNATI,OH,USA,Disk,,,It was seen descending from the sky with a halo of light coming off it.,06/10/2025,39.1012809,-84.5127405,
06/02/2025 21:07,SAN ANTONIO DE ENCINAS,Coahuila de Zaragoza,Mexico,Light,,,A light was seen in the sky that was moving very fast.,06/10/2025,25.6489624,-101.1232888,
06/10/2025 03:37,PORT LUDLOW,WA,USA,Oval,,,Witnessed black oval object glide over the tree line outside my home,06/10/2025,47.911568,-122.6921529,
05/01/2025 22:11,JERUSALEM,,Israel,Circle,,,Flying circular light,05/01/2025,31.7788472,35.2257856,
05/01/2025 21:50,MESTLIN,Mecklenburg-Vorpommern,Germany,Star,,,"Looks First Like a brighter shining Satellite , than Turn to invisible for 2-3sec than it gets a flashing Point light and turn 180°",05/01/2025,53.5802775,11.9268574,
05/02/2025 03:25,LA CAROLINA,Andalusia,Spain,Formation,,,Formation of lights with erratic movements.,05/02/2025,38.2742478,-3.6152701,
05/01/2025 19:00,,Limpopo,South Africa,Circle,,,It was doing a smoke and it was circle going down and it was glowing light and it was glowing light and turn off and on and after that,05/02/2025,-23.4735288,29.3959199,
05/01/2025 21:20,ST. GEORGE,UT,USA,Orb,,,"White or with hazy surrounding headed southeast. Not registered on Fligjt radar app, no noise.",05/01/2025,37.1098772,-113.5832063,
05/01/2025 21:10,GREAT MALVERN,England,United Kingdom,Unknown,,,"We were upstairs in the bedroom, looking out of the window. Just after 9.00pm, in the dark sky in Malvern UK, I saw a UFO!",05/01/2025,52.1109798,-2.3285836,
05/01/2025 20:40,EL PASO,TX,USA,Formation,,,White circular UFO's in a line formation,05/01/2025,31.7601001,-106.4870476,
05/01/2025 20:24,EL MIRAGE,AZ,USA,Orb,,,"This is the second time i’ve seen this, it’s not a rocket or anything i’ve ever seen before it’s low and seems to just be light.",05/01/2025,33.6130338,-112.324486,
05/01/2025 22:00,OWASSO,OK,USA,Rectangle,,,"Dark rectangular object floating or moving across the sky, no lights no noise",05/01/2025,36.2659698,-95.8548557,
05/01/2025 23:31,BLAIRSVILLE,GA,USA,Triangle,,,Came out of nowhere. Gone just as quick,05/01/2025,34.8759067,-83.958371,
05/01/2025 20:52,GILBERT,AZ,USA,Other,,,2 lights were moving with a spacex type cloud around them then came to a stop then flew over the neighborhood then disappeared,05/01/2025,33.3527632,-111.789037,
05/01/2025 21:50,ORLANDO,FL,USA,Changing,,,Walking our dog and saw it in the sky over the trees hovering. Seemed Ike 2 objects formed together and took off so fast.,05/01/2025,28.5421218,-81.379045,
05/01/2025 21:04,TRUMBULL,CT,USA,Teardrop,,,I heard loud noises and I saw something flying towards us that wasn’t normal.backyard six flashing lights flying over,05/01/2025,41.2428742,-73.2006687,
05/01/2025 21:16,PINE BLUFF,AR,USA,Oval,,,Two UFOs,05/01/2025,34.2228884,-92.004334,
05/01/2025 12:35,SUN CITY,AZ,USA,Cylinder,,,Thought it was a seagull but flying at an extremely high altitude.,05/01/2025,33.6169035,-112.280118,
05/02/2025 23:15,TOYAMA,Toyama,Japan,Cigar,,,"We heard a loud humming, looked northward and saw a large dark cigar shaped object with a singular bright beam",05/02/2025,36.6957569,137.2136215,
05/01/2025 21:23,LÁZARO CÁRDENAS,Chihuahua,Mexico,Circle,,,"Yesterday on the way to Chihuahua on the Delicias highway, I saw something strange in the sky, clear sky, not a single cloud, and there",05/02/2025,28.3905244,-105.623418,
05/01/2025 20:37,ASTANA,Astana,Kazakhstan,Other,,,Golden glowing object hovering motionless over Astana for 30 minutes before vanishing. Witnessed by 20+ people.,05/02/2025,51.1282205,71.4306682,
05/01/2025 23:20,FORT WORTH,TX,USA,Circle,,,Appears on ring camera at 11:20 defended a few times with some strange time lapse and then disappeared in an instant about hour later.,05/02/2025,32.753177,-97.3327459,
05/02/2025 00:06,TIMMINS,ON,Canada,Light,,,"A flashing light slowly drifted, while making slight zig zag movements at night.",05/02/2025,48.477473,-81.330414,
05/02/2025 23:14,KILMARNOCK,Scotland,United Kingdom,Other,,,"Saw 2 white dots (looked like moving stars), one after the other, following exactly the same trajectory then seemingly disappearing",05/02/2025,55.6100589,-4.4964652,
05/01/2025 22:29,RAYVILLE,MO,USA,Cylinder,,,Very bright light,05/02/2025,39.348342,-94.0629983,
05/03/2025 19:38,,Manipur,India,Circle,,,Small deep blue Star shaped orbs on a trail from the northwest to southeast,05/03/2025,24.7208818,93.9229386,
05/03/2025 20:30,SANTA CRUZ,Calabarzon,Philippines,Light,,,Ufo disguised as plane?,05/03/2025,14.2818168,121.4148892,
05/03/2025 01:00,MOAPA VALLEY,NV,USA,Light,,,100's of lights if not more keep popping up in the north horizon going west to east disappearing in same spot,05/03/2025,36.606137,-114.4548576,
05/01/2025 23:10,RICHFIELD,CA,USA,Orb,,,A large white orb moving at high speed.,05/03/2025,39.975005,-122.1738729,
05/02/2025 23:13,BOISE,ID,USA,Chevron,,,"Looking SE at the night sky/constellations for approximately 30 minutes; before going inside, saw a UAP in the shape of the number 3",05/02/2025,43.6166163,-116.200886,
05/02/2025 20:30,CHINO,CA,USA,Formation,,,28 lights traveling west to east very fast (not satellites),05/02/2025,34.0133561,-117.690075,
05/02/2025 20:30,PAINTED POST,NY,USA,Disk,,,"black disk, no lights",05/02/2025,42.1620186,-77.0941366,
05/02/2025 18:59,KILLINGWORTH,CT,USA,Cylinder,,,I noticed a bright white object in the sky with no wings that seemed to casually cross the sky.,05/02/2025,41.3581545,-72.5637023,
05/03/2025 11:33,BROKEN ARROW,OK,USA,Sphere,,,Nothing like I have ever seen. Fast and changing directions.   Jets chasing then Army helicopter.,05/03/2025,36.0525993,-95.7908195,
05/03/2025 21:30,HERZLIYA,Tel Aviv District,Israel,Light,,,UFO's Flying in formation,05/03/2025,32.1656255,34.8469023,
05/01/2025 20:30,TEMPE,AZ,USA,Rectangle,,,"A softly glowing, moving rectangle.",05/03/2025,33.4255117,-111.940016,
05/04/2025 08:13,WHANGĀREI,Northland,New Zealand,Circle,,,I noticed the object thinking it was a helicopter when I noticed it was just one solid light then suddenly moved up and down real fast,05/04/2025,-35.7275268,174.3194202,
05/04/2025 01:06,,,Unspecified,Unknown,,,It’s a light that is not where man made things are. I think there’s something there where this light is because it slows moves down,05/04/2025,27.1556836,65.6101216,
05/02/2025 02:01,MACCLENNY,FL,USA,Triangle,,,Communication and possibility abduction many times and on video,05/03/2025,30.2821807,-82.1220569,
05/04/2025 02:22,POLEGATE,England,United Kingdom,Orb,,,"I looked up and saw a very fast green dot, very high, no flashing, small, no noise, no trail, again it was extremely fast.",05/03/2025,50.8276837,0.2446652,
05/03/2025 15:25,SOUTHAMPTON,England,United Kingdom,Cylinder,,,"While watching 2 aircraft passing east to west and the other west to east, then saw a tic tac uap cross their contrails and disappear.",05/03/2025,50.9025349,-1.404189,
05/02/2025 03:15,HOLLADAY,UT,USA,Unknown,,,I was woken up somehow but felt glued to my bed and witnessed 2 maybe 3 little beings behind not even a foot tall at the base of my bed,05/03/2025,40.6710765,-111.8250278,
05/03/2025 23:45,NEWBRIDGE,County Kildare,Ireland,Star,,,"White star-like object moved fast with erratic path, disappeared and reappeared brighter in different sky areas before vanishing.",05/03/2025,53.1801492,-6.7981931,
05/04/2025 03:00,SPOKANE,WA,USA,Other,,,Quick scan of early morning skies and a bogey!,05/04/2025,47.6571934,-117.42351,
05/04/2025 21:58,DÜZCE MERKEZ,Düzce,Turkey,Rectangle,,,"It had multiple lights on it, it was rectangular in shape and was spinning around itself and also moving forward.",05/04/2025,40.8391531,31.1595361,
05/04/2025 17:00,OPELIKA,AL,USA,Triangle,,,I saw a black triangle shape craft flying high in the sky and went behind the clouds and never came back out.,05/04/2025,32.6454116,-85.3782795,
05/04/2025 18:45,HAPPY VALLEY,OR,USA,Egg,,,Saw a craft hovering above scouters mountain,05/04/2025,45.428679,-122.497174,
05/01/2025 12:10,LETHBRIDGE,AB,Canada,Egg,,,Saw a white tic-tac shaped object with no noticeable wings silently flying east,05/04/2025,49.6945782,-112.8331033,
05/05/2025 00:00,GLEN BURNIE,MD,USA,Circle,,,Saw VERY large object levitating upwards then completely vanishing in the sky,05/04/2025,39.1595439,-76.6151514,
05/05/2025 00:50,INDIANAPOLIS,IN,USA,Orb,,,Outside taking my dog out to use the bathroom looked up saw something pulsing thought it was a drone but then it shot off fast,05/04/2025,39.7683331,-86.1583502,
05/04/2025 22:47,,West Bengal,India,Chevron,,,It was like Chevron in shape and no light was beeping on it. It was flying silently with no sound be heard,05/05/2025,22.9964948,87.6855882,
05/05/2025 04:13,SALEM,OR,USA,Star,,,Small bobbing light,05/05/2025,44.9391565,-123.033121,
05/05/2025 00:05,SPLENDORA,TX,USA,Fireball,,,Saw multiple fireball looking objects flying through the sky. Had enough time to pull over on the side of the road and video.,05/05/2025,30.2329914,-95.1610438,
05/04/2025 17:31,RECIFE,Pernambuco,Brazil,Circle,,,A bright sphere passing in front of the airplane and entering the clouds.,05/05/2025,-8.0584933,-34.8848193,
05/05/2025 08:30,HOUMA,LA,USA,Teardrop,,,Clearly witnessed a tear shaped ufo over our airbase,05/05/2025,29.5957696,-90.7195348,
05/05/2025 04:00,LOS MOCHIS,Sinaloa,Mexico,Light,,,Red lights were flashing.,05/05/2025,25.7928058,-108.990188,
05/01/2025 20:24,VAIL,AZ,USA,Chevron,,,Hey brought white orb with cloudy light wings fanning out on both sides,05/05/2025,32.0100705,-110.6975281,
05/03/2025 22:00,,FL,USA,Unknown,,,Line of white lights and one by one vanished. The others twisted vertically like a leaf shape and vanished and were orange.,05/05/2025,27.7567667,-81.4639835,
05/04/2025 17:00,MURATPAŞA,Antalya,Turkey,Egg,,,UFO seen in Antalya.,05/05/2025,36.8888637,30.7208911,
05/05/2025 00:30,LIBERAL,KS,USA,Light,,,Lights in the sky that went dim and bright,05/05/2025,37.0430812,-100.920999,
05/05/2025 17:00,ST. CLOUD,MN,USA,Egg,,,4 egg shaped crafts flying in loose formation under the moon.,05/05/2025,45.5616075,-94.1642004,
05/05/2025 19:21,AUBURN,NE,USA,Rectangle,,,Saw an object moving west across the sky. Translucent with a faint white outline. It disappeared when I lost sight of it behind some tr,05/05/2025,40.392616,-95.839047,
05/02/2025 21:35,OKEECHOBEE,FL,USA,Changing,,,Was driving to Okeechobee Florida from Miami Florida heading N NW on Hwy 710. Saw a long leaf like shape suspending and twisted away,05/05/2025,27.3923408,-80.8873655,
05/05/2025 23:00,WINNIPEG,MB,Canada,Triangle,,,Not normal an airplane or no man made craft moves the way this one does.,05/05/2025,49.8955367,-97.1384584,
05/04/2025 12:47,YATTON,England,United Kingdom,Unknown,,,Massive bright light appears in the sky for a brief period before disappearing without a trace,05/06/2025,51.3908826,-2.8277046,
05/06/2025 22:20,NERJA,Andalusia,Spain,Star,,,"One night a drone looking thing multi coloured stayed still in sky , next night and for 5 weeks, above torrox looks like a star but on",05/06/2025,36.7468565,-3.8790164,
05/06/2025 23:59,NEWCASTLE,TX,USA,Disk,,,"It was big, round with lights it would fly in the air and I also saw a spotlight come out from the bottom",05/06/2025,33.192915,-98.7375358,
05/03/2025 22:45,SHERMANS DALE,PA,USA,Circle,,,Attacked and transported,05/06/2025,40.3242526,-77.1730371,
05/02/2025 21:15,,FL,USA,Circle,,,One circle maybe kinda oval with bright lights,05/06/2025,27.7567667,-81.4639835,
05/01/2025 23:54,TILLAMOOK,OR,USA,Flash,,,"Appeared and left so fast, captured in photo",05/06/2025,45.460293,-123.7266793,
05/06/2025 21:30,INVERNESS,FL,USA,Changing,,,Weird ufo over the inverness lake,05/06/2025,28.8358176,-82.3303715,
05/06/2025 21:39,MORGANTON,NC,USA,Orb,,,"Appeared, got bright then disappeared",05/06/2025,35.7454291,-81.6870837,
05/06/2025 21:30,MYRTLE BEACH,SC,USA,Circle,,,"3 lights, moving fast, disappeared, middle of ocean",05/06/2025,33.6956461,-78.8900409,
05/06/2025 19:15,GARDENERVILLE,NV,USA,Formation,,,"Sitting vertical in the sky, about 2 feet from the top of the peak looking west was the dark shape of a black looking, peanut or black",05/06/2025,,,
05/06/2025 19:48,GILBERT,AZ,USA,Circle,,,We witnessed a glowing craft move from west to east in the sky. It had a strange cloudy glow around it that looked like a cloud,05/06/2025,33.3527632,-111.789037,
05/06/2025 19:58,SURPRISE,AZ,USA,Fireball,,,Object flight was straight lined like a satellite from west to east.,05/06/2025,33.629247,-112.3681428,
05/06/2025 21:50,YORKTOWN,TX,USA,Oval,,,"We were in front of our house with our and we seen a bright star and a object moving away from the star, we stopped to video",05/06/2025,28.9823065,-97.5024692,
05/06/2025 22:50,INDIANAPOLIS,IN,USA,Unknown,,,"Bright green light hovered briefly, reversed direction, spiraled, and dropped quickly from the sky—unlike any known aircraft or natural",05/06/2025,39.7683331,-86.1583502,
05/06/2025 20:28,CANANEA,Sonora,Mexico,Disk,,,It moved slowly and radiated a very bright light.,05/06/2025,30.986517,-110.2888925,
05/06/2025 19:48,TUCSON,AZ,USA,Light,,,"I saw a fuzzy light in the sky, like it was shining through fog. It moved west to east slowly before fading from sight.",05/06/2025,32.2228765,-110.974847,
05/07/2025 00:46,DAYTON,OH,USA,Diamond,,,"I saw a swarm of small green lights with diamond-like trails zipping around, accelerating and decelerating very quickly",05/06/2025,39.7589478,-84.1916069,
05/06/2025 22:30,RITZVILLE,WA,USA,Triangle,,,I was in my hot tub looking at the stars. Very quickly and appeared low a triangle with three dim lights zoomed by with no sound,05/06/2025,47.1268749,-118.380847,
05/06/2025 00:30,EAST RUTHERFORD,NJ,USA,Circle,,,"Two clear large glass balls joined with square inside very bright lights, moving extremely fast lights",05/06/2025,40.833989,-74.0970865,
05/06/2025 20:55,LATTA,SC,USA,Triangle,,,Saw bright lights above the treeline while driving to my mom’s house in rural northeast SC,05/07/2025,34.3371047,-79.4311616,
05/06/2025 19:50,SUN CITY,AZ,USA,Orb,,,Cloudy-looking orb,05/07/2025,33.6169035,-112.280118,
05/07/2025 04:37,FARMINGTON,NM,USA,Light,,,"Bright light Came through the clouds and stayed in the same spot, moving just a little bit up and down for about 40 minutes",05/07/2025,36.7291152,-108.205445,
05/07/2025 22:51,RATH,Uttar Pradesh,India,Circle,,,A round fog circle passed very fastly in north east 78 degree direction,05/07/2025,25.6343196,79.5260926,
05/06/2025 23:40,BRAY,County Wicklow,Ireland,Circle,,,Large craft moving irregularly hovering over little sugar loaf mountain,05/07/2025,53.2014604,-6.1105049,
05/07/2025 19:40,DELTONA,FL,USA,Changing,,,Two almost shape shifting black orbs in the sky right after a thunderstorm,05/07/2025,28.904843,-81.2273119,
05/06/2025 21:51,SAN ANTONIO,TX,USA,Light,,,A ball of light covered by a fog,05/07/2025,29.4246002,-98.4951405,
05/03/2025 22:00,QUINTE WEST,ON,Canada,Light,,,x3 lights in sky,05/07/2025,44.0988246,-77.5748551,
05/07/2025 21:19,MCKNIGHT,PA,USA,Orb,,,Singular UFO Flying in Pittsburgh Airspace,05/07/2025,40.5550681,-80.0364448,
05/07/2025 21:20,ORANGE,TX,USA,Orb,,,Non flashing red orb traveling southeast to northwest.,05/07/2025,30.1228634,-93.9041169,
05/07/2025 21:31,DANIEL,UT,USA,Changing,,,"A fixed light pulsing dramatically in red, green and white often at the same time often one color at a time, never moving at all",05/07/2025,40.4708857,-111.4145687,
05/07/2025 22:43,LOS ANGELES,CA,USA,Unknown,,,Lights are lined up just floating in the air. Not sure how many lights.,05/07/2025,34.0536909,-118.242766,
05/07/2025 22:40,MESA,AZ,USA,Orb,,,Bright orb that disappeared and reappeared 3 times,05/08/2025,33.4151005,-111.831455,
05/08/2025 00:00,DOUGLAS,AZ,USA,Circle,,,While enjoying a night at the park I noticed two lights constantly fading in and out of the sky pacing back and forth for an hour.,05/08/2025,31.3449858,-109.5544851,
05/07/2025 22:50,SANTA CRUZ DE TENERIFE,Canary Islands,Spain,Circle,,,"Circular object seen 2 times, at high speed, it looked like a shadow with illuminated edges",05/08/2025,28.467178,-16.2507843,
05/06/2025 20:49,HAPPY VALLEY,NM,USA,Light,,,"Object was seen flying west to east towards me. Thought was plane at first but too fast, too bright. Emitted something out the front.",05/08/2025,32.4209652,-104.276444,
05/09/2025 00:45,HALDIBARI,West Bengal,India,Orb,,,"I saw a bright blue orb flying steadily across the sky from west to east.  It was low in the sky, below the clouds, completely silent.",05/08/2025,26.3352821,88.782474,
05/07/2025 02:49,SHERMANS DALE,PA,USA,Orb,,,"Bright light shining out of our woods, then moved over my mother-in-laws house (our neighbor).",05/08/2025,40.3242526,-77.1730371,
05/08/2025 01:00,INDEPENDENCE,CA,USA,Light,,,"Saw “star” object appear and disappear, pulled over to watch for 30min and there were multiple crafts.",05/08/2025,36.821987,-118.2051294,
05/08/2025 17:00,CEDAR RAPIDS,IA,USA,Other,,,I was playing baseball outside when my dad was looking at the sky weirdly when we say a small black to shiny line slowly gliding,05/08/2025,41.9758872,-91.6704053,
04/01/2025 15:00,INDIANAPOLIS,IN,USA,Formation,,,"Large, Black, slightly lumpy objects that were roughly shaped like a bunch of grapes",04/01/2025,39.7683331,-86.1583502,
04/01/2025 19:00,SAN LORENZO,Caldas,Colombia,Orb,,,Red orb-type light at high speed.,04/01/2025,5.4641917,-75.693701,
04/01/2025 21:22,OCEAN CITY,MD,USA,Circle,,,3-4 Objects in the Sky,04/01/2025,38.3315412,-75.0874151,
04/01/2025 23:40,BOYERTOWN,PA,USA,Light,,,2 crafts with four blinking lights and in-between the blinks was green light,04/01/2025,40.3337075,-75.6374083,
04/01/2025 18:30,EDMONTON,AB,Canada,Disk,,,One black circular/disk shaped craft seen hovering over the horizon. travels across the sky and meets another one,04/02/2025,53.5462055,-113.491241,
04/02/2025 19:30,HONOLULU,HI,USA,Orb,,,"No sound, white orb. Just floated.",04/03/2025,21.304547,-157.855676,
04/02/2025 15:35,GDAŃSK,Województwo pomorskie,Poland,Triangle,,,A black triangular object in one of my pictures during a moon photoshoot session,04/03/2025,54.4288032,18.798327,
04/03/2025 20:25,CESSNOCK,New South Wales,Australia,Formation,,,Looking south from my backyard,04/03/2025,-32.8316667,151.3511111,
04/02/2025 13:45,BRATTLEBORO,VT,USA,Cigar,,,Small cigar shaped craft seen in the sky,04/03/2025,42.8507588,-72.5572913,
04/02/2025 21:03,MEMPHIS,TN,USA,Circle,,,Small light appears suddenly and darts around during the lightning storm,04/03/2025,35.1460249,-90.0517638,
04/03/2025 01:30,MERIDIAN,ID,USA,Light,,,Two bright red lights in sky doing corkscrew patterns and accelerating at a high speed and then coming to a dead stop,04/03/2025,43.6086295,-116.392326,
04/04/2025 00:55,BOISE,ID,USA,Light,,,"Watched something with a light in the sky for about an hour, then noticed more lights hovering in the sky.",04/04/2025,43.6166163,-116.200886,
04/03/2025 23:25,VENUS,TX,USA,Orb,,,Pulsating bright amber light,04/04/2025,32.4334742,-97.1025077,
04/04/2025 14:49,VERNAL,UT,USA,Disk,,,"A gray disc with a smooth, metallic surface, unlike anything I had ever seen, zipped right over the school",04/04/2025,40.4556825,-109.528474,
04/03/2025 20:15,NORTH WARREN,PA,USA,Circle,,,4 big bright white lights,04/04/2025,41.8742261,-79.1522674,
04/04/2025 21:01,COLEBROOK,NH,USA,Other,,,"Was on back deck & looked up at sky. Saw a something shoot across the sky, then it might bagged back & forth. Then disappeared",04/04/2025,44.8942649,-71.4964125,
04/05/2025 06:20,CAPE TOWN,Western Cape,South Africa,Oval,,,Bright light changed to solid craft and then back to two orbs,04/05/2025,-33.9288301,18.4172197,
04/04/2025 21:43,COXSACKIE,NY,USA,Changing,,,"I noticed the UAP out my window.And got my phone and tried to rush out the door to get it on film which fortunately , I was able to alt",04/05/2025,42.3513488,-73.7965792,
04/05/2025 13:20,STARA MORAVICA,Vojvodina,Serbia,Orb,,,-White orb below a condensation trail. Sighting equipment - bino BPC 12x50,04/05/2025,45.8693425,19.4666165,
04/05/2025 22:15,DINDIGUL,Tamil Nadu,India,Circle,,,Strange Circle of Lights in Night Sky,04/05/2025,10.4256896,77.815664,
04/05/2025 22:38,ABERYSTWYTH,Wales,United Kingdom,Circle,,,Flashing lights green and blue in the distance object was square and was stationary moving occasionally,04/05/2025,52.4143113,-4.0816846,
04/06/2025 02:05,HULST,Zeeland,Netherlands,Diamond,,,Light Plus shape seen in the skye,04/05/2025,51.3315936,4.0877328,
04/03/2025 22:20,LONDON,ON,Canada,Triangle,,,"10-15 wide and maybe 15m long, curved leading edges and swept back “wings” with 2 dim lights on the “wingtips”. 1000-2000ft altitude",04/05/2025,42.9836747,-81.2496068,
04/05/2025 20:45,EUGENE,OR,USA,Circle,,,"Four dots moving in consistent patterns, like they were tracing the petals of a flower. Paused in the center of the pattern irregularly",04/05/2025,44.0505054,-123.0950506,
04/05/2025 20:30,SPRINGFIELD,OR,USA,Orb,,,"I saw four white orbs in the sky moving in perfect synchronization. They grouped together in a specific spot, then dispersed and group.",04/05/2025,44.0462362,-123.0220289,
04/05/2025 20:55,EUGENE,OR,USA,Egg,,,Saw 4 crafts above my house flying in circular motions for over an hour. They did not make any noise and I have 3 videos of them,04/05/2025,44.0505054,-123.0950506,
04/06/2025 04:17,NEW YORK,NY,USA,Circle,,,"Saw a reflection of light on my bedroom wall, looked out the window and saw the craft, disappeared a second after I looked.",04/06/2025,40.7127281,-74.0060152,
04/06/2025 15:35,AZUSA,CA,USA,Circle,,,White circles near the Moon that looked like floating balloons,04/06/2025,34.1338751,-117.9056046,
04/06/2025 21:15,LONE JACK,MO,USA,Light,,,Saw a light in the sky that appeared and disappeared.,04/06/2025,38.8708419,-94.1738345,
04/06/2025 16:20,SAINT PAUL,MN,USA,Formation,,,"Sighting of multiple flying objects, flying in unison back-and-forth, unlike birds",04/06/2025,44.9497487,-93.0931028,
04/06/2025 21:12,DELRAY BEACH,FL,USA,Light,,,Diffuse anomalys light,04/07/2025,26.4614625,-80.0728201,
04/07/2025 07:25,CORAL SPRINGS,FL,USA,Changing,,,"Flying, rotating black boomerang shaped object moving at a steady pace headed northbound",04/07/2025,26.271192,-80.2706044,
04/06/2025 20:26,,,United Kingdom,Orb,,,Appeared 1 by 1 in a line,04/07/2025,54.7023545,-3.2765753,
04/06/2025 20:30,HYDE,England,United Kingdom,Changing,,,"Very bright light, would fade then grow brighter started descending slowly the disappeared then reappear in a different spot out",04/07/2025,53.4508687,-2.0782603,
04/07/2025 17:39,,,United Kingdom,Changing,,,"Hard to describe.. moved very slowly and changed direction 4 times, multiple passenger airliners flew in same direction",04/07/2025,54.7023545,-3.2765753,
04/08/2025 19:40,KAWASAKI,Kanagawa,Japan,Star,,,Multiple points of light were flying in the night sky.,04/08/2025,35.5306639,139.7037668,
04/08/2025 03:38,STOKE-ON-TRENT,England,United Kingdom,Triangle,,,Triangle shaped object with 7 lights at the front,04/07/2025,53.0162014,-2.1812607,
04/07/2025 20:45,WYOMING,IL,USA,Light,,,My wife and I seen a Bright light high in the sky suddenly dissappear and not behind clouds,04/07/2025,41.0617037,-89.7731578,
04/08/2025 15:00,KEMERALTI,İzmir,Turkey,Cigar,,,The red flying object I saw in Konak.,04/08/2025,38.4191798,27.1326935,
04/08/2025 20:32,KHULNA,Khulna Division,Bangladesh,Circle,,,Something came out of Orion's bow's lower star,04/08/2025,22.8171664,89.563759,
04/06/2025 20:41,VICTORIA,TX,USA,Orb,,,I saw an extremely bright orange light coming from the brush and snapped a photo. Then the object took flight.,04/08/2025,28.8026443,-96.9766308,
04/08/2025 22:22,ALFTANES,Garðabær,Iceland,Light,,,Levitating white light moving fast above the water surface a few hundred meters out by the coastline,04/08/2025,64.1055951,-22.020192,
04/08/2025 21:32,HOWELL,MI,USA,Orb,,,Solid white orb moving across the sky,04/08/2025,42.6072552,-83.9293952,
04/05/2025 21:25,EDMONTON,AB,Canada,Other,,,Clear evening sky; no clouds; was looking at planets/ moon with the naked eye when I saw V-shaped/Boomerang UFO's,04/09/2025,53.5462055,-113.491241,
04/05/2025 20:30,EVANS,GA,USA,Circle,,,White light moving quickly across the horizon. Laterally. No navigation lights. No strobes or beacon lights.,04/09/2025,32.1613648,-81.8980725,
04/09/2025 18:01,HOWRAH,West Bengal,India,Circle,,,Seen from the window of a flat on the fourth floor of the apartment.,04/09/2025,22.5736296,88.3251045,
04/08/2025 22:50,SAN PABLO,CA,USA,Other,,,"It seemed to be shaped like a boomerang, with two balls at the end which had lights and moved very advanced, rolling chair legs. Flat",04/08/2025,37.9621457,-122.3455263,
04/08/2025 22:35,PALAÚ,Coahuila de Zaragoza,Mexico,Oval,,,"Large number of oval-shaped lights, some flashing and colored; white or gray object barely visible in the night sky.",04/08/2025,27.8910123,-101.4212607,
04/08/2025 20:40,OWENS CROSS ROADS,AL,USA,Formation,,,10 large long tubular bright lights in a straight line with a round circle circle on the right in formation under one another,04/09/2025,34.5881461,-86.4588768,
04/09/2025 20:23,ATHENS,AL,USA,Other,,,"What first looked like a lite up fat bird moving quickly from the right to left seeming to bounce, then became small and left.",04/09/2025,34.8045487,-86.9711698,
04/04/2025 21:00,PORTERVILLE,CA,USA,Other,,,"Octahedron, dark metallic, 600-900ft away, followed parallel w vehicle at same speed, turned 90 degrees away, no lights or sounds.",04/09/2025,36.06523,-119.0167679,
04/07/2025 22:00,RUFUS,OR,USA,Circle,,,White circular object zoomed low over us at high speed,04/09/2025,45.6948466,-120.735893,
04/09/2025 19:30,LOS ALAMITOS,CA,USA,Circle,,,"First noticed the object at a standstill, later moving erratically followed by burst of extreme high speed fading and disappearing",04/09/2025,33.8038865,-118.0772433,
04/09/2025 22:05,MERCED,CA,USA,Light,,,"Saw the bright moon, looked left and saw an incredibly bright light move extremely fast out the sky",04/09/2025,37.1641544,-120.7678602,
04/04/2025 22:55,WORCESTER,MA,USA,Other,,,"Appeared in sky flying closer observed from passenger, a huge ship/plane shaped lit all up hover and fly off",04/09/2025,42.2625621,-71.8018877,
04/09/2025 22:38,PHOENIX,AZ,USA,Circle,,,I walked outside and seen some type of balls spinning in the sky charging all types of colors,04/09/2025,33.4484367,-112.074141,
04/09/2025 23:06,VALLEY CENTER,KS,USA,Rectangle,,,Giant white rectangle light boxes in night sky,04/09/2025,37.8347342,-97.3733759,
04/05/2025 06:09,BOLINAS,CA,USA,Orb,,,"Silent orb over Bolinas, tail light split off, rejoined orb cluster.  Later car mysteriously died.",04/10/2025,37.9202725,-122.7107841,
04/09/2025 18:30,JERSEYVILLE,IL,USA,Rectangle,,,Silent Quick moving square with rounded edges,04/10/2025,39.1200471,-90.3284479,
04/10/2025 07:38,BARQUISIMETO,Lara,Venezuela,Oval,,,"UFO in the shape of a comet with a tail in a reservoir entering and exiting the water, then enters a UFO that opens a hatch.",04/10/2025,10.0774374,-69.3222293,
04/09/2025 20:00,LOS ALAMITOS,CA,USA,Circle,,,A bright blue round object moving horizontally in the sky at a high speed.,04/10/2025,33.8038865,-118.0772433,
04/09/2025 17:27,SAN JOSE,CA,USA,Cigar,,,"I saw a ""tictac"" flying in the sky. Unremarkable except it had no obvious wings or protrusions, made no sound, left no trail.",04/10/2025,37.3361663,-121.890591,
04/09/2025 20:22,WESTOVER,AL,USA,Egg,,,Blue bright egg-shaped object and the second egg shaped object was bright yellow.,04/10/2025,33.3495548,-86.5358159,
04/09/2025 20:10,WATERVILLE,NS,Canada,Cylinder,,,"2 white cylinders flying together in sync, once they fly off 3rd appeared, it looked was emitting too much light to see if it was white",04/10/2025,45.0527092,-64.6781581,
04/10/2025 21:00,NORWICH,England,United Kingdom,Orb,,,Two orbs were flying silently from south to north.,04/10/2025,52.6285576,1.2923954,
04/10/2025 01:50,PINE BLUFF,AR,USA,Sphere,,,Ring Security Tracks UFO,04/10/2025,34.2228884,-92.004334,
04/10/2025 05:00,BLUE,TX,USA,Circle,,,Looked like a satellite at first but it wasnt,04/10/2025,30.3910329,-97.1480899,
04/10/2025 20:58,LIVINGSTON,TX,USA,Circle,,,The lights appeared from out of no where in the sky and moved in extraterrestrial like movements and speeds.,04/10/2025,30.711029,-94.9329898,
04/07/2025 21:29,CABO ROJO,Cabo Rojo,Puerto Rico,Changing,,,"It was moving up, down and sideways at extremely fast speed",04/10/2025,18.0870192,-67.1459114,
04/10/2025 21:13,EAST WENATCHEE,WA,USA,Other,,,"The speed, erratic flight pattern and then hovering for 20 seconds is what initially caught our attention. We took video after that",04/11/2025,47.4156824,-120.293126,
04/11/2025 21:14,JUNEE,New South Wales,Australia,Teardrop,,,"Teardrop shaped craft, with red light emitting from it, moving insane speeds.",04/11/2025,-34.8150256,147.672675,
04/11/2025 04:00,BELLEVILLE,WI,USA,Orb,,,Mysterious bright lights in sky in middle of dark night,04/11/2025,42.8596864,-89.5346023,
04/11/2025 21:14,JUNEE,New South Wales,Australia,Circle,,,"On the veranda, through the clouds there was an extremely fast red light flashing and moving to the right of our view.",04/11/2025,-34.8150256,147.672675,
04/08/2025 11:44,INDIANAPOLIS,IN,USA,Unknown,,,Slow-moving silver object spotted in the sky over Indianapolis,04/10/2025,39.7683331,-86.1583502,
04/06/2025 20:45,SOUTH WINDSOR,CT,USA,Circle,,,Large object ( over 50 feet wide) in a flat swampy area surrounded by woods .Took a photo.,04/11/2025,41.8352395,-72.5562712,
04/11/2025 18:00,WOLVERHAMPTON,England,United Kingdom,Cigar,,,Strange object in the sky over wolverhampton,04/11/2025,52.5847651,-2.127567,
04/10/2025 21:45,MORENO VALLEY,CA,USA,Orb,,,Light appeared in dark sky in place. An airplane flew by then it proceeded to follow it.,04/11/2025,33.9375177,-117.2305791,
04/06/2025 21:00,CARL JUNCTION,MO,USA,Orb,,,I was looking at the stars through my window when I saw what looked like a star moving in an erratic and slow way,04/11/2025,37.1767058,-94.5649938,
04/11/2025 20:00,OZARK,MO,USA,Light,,,"Green lights appeared, arced downward, then disappeared within 1 second.",04/11/2025,36.6467816,-92.4575198,
04/11/2025 22:00,PLEASANT GARDEN,NC,USA,Orb,,,Blue Unidentified Flying Object Seen In Front Yard Above Trees,04/11/2025,35.9621197,-79.762131,
04/11/2025 21:59,OAK CREEK,WI,USA,Light,,,It was a green streak of light that was coming from left to right high to low and it disappeared in the horizon,04/11/2025,42.898729,-87.9177966,
04/11/2025 22:40,NEOGA,IL,USA,Orb,,,Blue Orb shot across low sky with no streak in short distance.,04/11/2025,39.3194817,-88.4528261,
04/11/2025 23:42,INDIANAPOLIS,IN,USA,Orb,,,Fast-moving point of green light spotted to the northeast in Indianapolis.,04/11/2025,39.7683331,-86.1583502,
04/11/2025 21:05,WILLIAMS,AZ,USA,Star,,,We saw what we first confused as a star move across the sky reasonably fast.,04/11/2025,35.2508504,-112.187294,
04/12/2025 02:10,RICHLAND,WA,USA,Fireball,,,"A luminous, streaking fire ball leaving an orange-green tail",04/12/2025,46.2804298,-119.275205,
04/11/2025 19:30,,,Unspecified,Triangle,,,The object was just sitting in the sky. There was another object behind it but smaller. The object appeared to open in 4 parts,04/12/2025,27.1556836,65.6101216,
04/11/2025 15:42,KILKENNY,Kilkenny,Ireland,Circle,,,Possible ufo sighting in the sky,04/12/2025,52.6506255,-7.2514438,
04/12/2025 21:15,GREATER SUDBURY,ON,Canada,Changing,,,Orange object was half transparent on the top and more soild on the bottom. It also flashed extremely bright when it first appeared,04/12/2025,46.49272,-80.991211,
04/12/2025 21:31,TRINIDAD,TX,USA,Circle,,,Looked like a orb releasing a shield,04/12/2025,32.1440417,-96.0910814,
04/12/2025 21:30,SAN ANTONIO,TX,USA,Unknown,,,"It’s a perfectly clear night, but it had a fog around it",04/12/2025,29.4246002,-98.4951405,
04/12/2025 21:30,NEW BRAUNFELS,TX,USA,Unknown,,,A low bright light appeared in the sky then promptly disappeared into thin air,04/12/2025,29.7028266,-98.1257348,
04/12/2025 21:28,STILLWATER,OK,USA,Light,,,The subject was a white light with a fog or a cloud surrounding it it also appeared to shoot off a puff of fog or smoke out the front,04/12/2025,36.1156306,-97.0585717,
04/12/2025 21:25,FREDERICKSBURG,TX,USA,Orb,,,White haze of light traveling through sky. Emitted a smoke ring then disappeared.,04/12/2025,30.2752011,-98.8719843,
04/12/2025 21:27,,,Unspecified,Light,,,Bright light moving east to west preceded by a halo,04/12/2025,27.1556836,65.6101216,
04/12/2025 21:19,ALTON,TX,USA,Light,,,A moving light that blew an “O” shaped ring of smoke around it and dispersed within and disappeared,04/12/2025,26.2871257,-98.3137779,
04/12/2025 21:30,KEENE,TX,USA,Circle,,,Fast moving yellow light shoots out blue orb force field looking thing,04/12/2025,32.3977773,-97.3254224,
04/12/2025 20:25,HOBBS,NM,USA,Orb,,,The object was slowly hovering coming from the northwest sky. It was a bright white light that had a halo of light around it.,04/12/2025,32.7027017,-103.1355302,
04/12/2025 20:30,ROSWELL,NM,USA,Orb,,,"Bright object moved fast, emitted visible shockwave, then vanished. Witnessed by ~10 people in Roswell, NM on 4/12/25.Bright object mov",04/12/2025,33.3943282,-104.5229518,
04/12/2025 19:24,SCOTTSDALE,AZ,USA,Circle,,,I’m not sure if this was a ufo but it had no blinking lights so I don’t know what else it would be.,04/12/2025,33.4942189,-111.926018,
04/12/2025 21:26,BULVERDE,TX,USA,Light,,,"Clear sky, and it came in a puff of smoke and a smoke ring that gradually got bigger till the light got bigger but still in a smoke cl",04/12/2025,29.7438332,-98.4530729,
03/01/2025 03:34,OCEAN SPRINGS,MS,USA,Orb,,,I stepped outside since I heard a faint yelling; once I was out I observed a giant bright blue orb with a aura around it falling,03/01/2025,30.4112904,-88.8279165,
03/01/2025 21:45,CABOOLTURE,Queensland,Australia,Circle,,,I was outside and I saw two objects flying really fast faster then a plane to the west they were circular and had no flashing light,03/01/2025,-27.0839336,152.9510863,
03/01/2025 17:29,DUBLIN,County Dublin,Ireland,Orb,,,They were like bright silver orbs than would disappear and reappear but going across the sky for 5 minutes or longer,03/01/2025,53.3493795,-6.2605593,
03/01/2025 15:30,BOYNTON BEACH,FL,USA,Light,,,"2 lights seen at ocean park, boyton beach, fl - daylight",03/01/2025,26.5289139,-80.058141,
03/01/2025 19:35,WASHINGTON,IL,USA,Star,,,Two straight lines of lights in a trail formation 7 then 8,03/01/2025,38.3662806,-89.4201902,
03/01/2025 21:30,SYKESVILLE,MD,USA,Unknown,,,9:30PM observed strobing lights flying East to West and then abruptly stopping and hovering.,03/01/2025,39.365992,-76.9688737,
03/01/2025 21:00,,FL,USA,Orb,,,Was shocked to see them coming over in no particular order.,03/01/2025,27.7567667,-81.4639835,
03/01/2025 19:40,SAN ANTONIO,TX,USA,Light,,,Strange flying red lights,03/02/2025,29.4246002,-98.4951405,
03/02/2025 11:32,DES MOINES,IA,USA,Triangle,,,I looked up and saw a craft that was v shaped had possibly ten lights underneath and a single light on the front left of the craft,03/03/2025,41.5868654,-93.6249494,
03/02/2025 21:45,CHARLESTON,SC,USA,Unknown,,,Didnt see a craft saw what we believe is an alien,03/03/2025,32.7884363,-79.9399309,
03/03/2025 04:30,BIRCH TREE,MO,USA,Light,,,Lights would move upward above my treeline but the suddenly shift to the left and so on,03/03/2025,36.9911648,-91.4926376,
03/02/2025 21:30,WEST PALM BEACH,FL,USA,Cigar,,,Object flying and revolving erratically.,03/02/2025,26.715364,-80.0532942,
03/02/2025 22:07,JOHNS CREEK,GA,USA,Triangle,,,Large ball with flashing blue green and white lights,03/02/2025,34.0181557,-84.190196,
03/02/2025 20:11,BLAIRSVILLE,GA,USA,Circle,,,Flashing blue ball was star distance away stationary at first then straight down then to right back left then fast drop beyond horizon,03/02/2025,34.8759067,-83.958371,
03/02/2025 18:23,BROOKFIELD,WI,USA,Unknown,,,Small thing flying VERY quickly in sky that left a beam of white light behind it before disappearing,03/02/2025,43.0615578,-88.1260678,
03/01/2025 20:10,,,Mexico,Changing,,,Erratic moving lights in sky,03/03/2025,23.6585116,-102.0077097,
03/03/2025 21:35,SHIPPAGAN,NB,Canada,Light,,,Moving lights in different directions also circular pattern.,03/03/2025,47.7418049,-64.7181216,
03/03/2025 22:37,ROCHESTER,NY,USA,Triangle,,,A black triangle with 4 circles on the bottom and no lights flew silently over the freeway slowly moving north east,03/03/2025,43.157285,-77.615214,
03/03/2025 12:30,TOWNSEND,DE,USA,Triangle,,,"I looked up and saw an odd shape that was very reflective, then it was gone.",03/04/2025,39.3951115,-75.6915973,
03/03/2025 19:00,PLACERVILLE,CA,USA,Orb,,,Flashing lights in my driveway every night,03/04/2025,38.7296252,-120.798546,
03/01/2025 20:30,ATAKUM,Samsun,Turkey,Flash,,,light shining behind the clouds.,03/04/2025,41.3322588,36.2704652,
03/02/2025 20:00,COLLINS,GA,USA,Light,,,"Spotted 2 UAPs in 24 hrs. Silent, flashing red & white lights, no FAA nav lights. Saw dark gray structure. Chased by car but lost it.",03/04/2025,32.1813013,-82.1090083,
03/03/2025 18:50,DINGMANS FERRY,PA,USA,Oval,,,"I saw about three or four things that looked like stars, but were not.",03/04/2025,41.2200946,-74.8712799,
03/04/2025 18:32,GREELEY,CO,USA,Flash,,,Was watching the sky out of my rear window. Witnessed a light as bright as a star pulse a few times and then disappear from sky.,03/04/2025,40.4233142,-104.7091322,
03/03/2025 19:15,HULL,GA,USA,Diamond,,,White UFO crosses the entire sky in a few seconds.,03/04/2025,34.0148352,-83.2937659,
03/04/2025 17:55,GAITHERSBURG,MD,USA,Other,,,Rotating strange shaped object flying a few hundred feet above the ground traveling maybe 100 plus miles per hour,03/04/2025,39.1399187,-77.1929215,
03/04/2025 20:55,HERBERT,SK,Canada,Circle,,,Jerky moving circle in sky,03/04/2025,50.4263165,-107.2201894,
03/04/2025 22:11,ELIZABETH CITY,NC,USA,Triangle,,,"Hovering over a house, slowly flew off then disappeared in a second",03/04/2025,36.3010192,-76.2203699,
03/04/2025 20:41,SNOHOMISH,WA,USA,Orb,,,"Heard a very loud helicopter, immediately lifted the curtain to look at the sky, to see an orb pursued by military helicopter",03/04/2025,48.0074736,-121.7304882,
03/04/2025 23:45,PHILADELPHIA,PA,USA,Chevron,,,V-shaped Craft over Philadelphia PA,03/04/2025,39.9527237,-75.1635262,
03/04/2025 22:30,NEWPORT BEACH,CA,USA,Orb,,,3 orbs were flying in unison in a triangle.,03/05/2025,33.6170092,-117.9294401,
03/02/2025 19:00,CELJE,Celje,Slovenia,Sphere,,,"I came from my building and something caught my eye, i looked up, and there was a ""star"" orb like green object, silent",03/05/2025,46.2293889,15.2616828,
03/05/2025 21:11,,Minas Gerais,Brazil,Circle,,,"I was on the porch of my house looking at the sky and suddenly I spotted on the horizon 3 round lights, with lights moving in circles.",03/05/2025,-18.5264844,-44.1588654,
03/02/2025 20:00,NORFOLK,NE,USA,Triangle,,,"A gray V shaped object that almost looked invisible with no lights, gliding slowly across the sky, but no sound and seem to be low",03/05/2025,42.0283379,-97.4169964,
03/06/2025 05:05,COLWOOD,BC,Canada,Light,,,"Several fast-moving objects approached the city from the southeast, with some heading directly north while others moved in a zigzag",03/06/2025,48.4234135,-123.493964,
03/06/2025 08:15,SACRAMENTO,CA,USA,Disk,,,I was standing out on the side of the house and I looked up and saw this short skinny white object floating really slow across.,03/06/2025,38.5810606,-121.493895,
03/06/2025 18:45,SPRING HILL,FL,USA,Oval,,,White flashing oval shaped with an aura behind it speeding up and slowing down moving east,03/06/2025,28.483576,-82.5338633,
03/06/2025 18:41,SUNNY ISLES BEACH,FL,USA,Orb,,,"I’m on my balcony enjoying the cool weather and I look up at the sky and noticed this cloudy, Smokey, circlely orb drifting in the sky",03/06/2025,25.9426915,-80.1218486,
03/06/2025 18:40,TITUSVILLE,FL,USA,Light,,,"Saw a cloud puff that was illuminated by the setting sun. As it dissipated, a white light became bright and abruptly moved south",03/06/2025,28.6126236,-80.8079545,
03/06/2025 18:44,RIVERVIEW,FL,USA,Circle,,,Ball of cloaked light appearing on fire with no sound,03/06/2025,27.871197,-82.3269883,
03/06/2025 18:40,MIAMI BEACH,FL,USA,Fireball,,,It looked like a comet traveling from west to east.,03/06/2025,25.7929198,-80.1353006,
03/06/2025 18:40,MIAMI,FL,USA,Unknown,,,I was outside talking to my son when I saw what looked like a white ball (against a cleat blue sky) the ball had what appeared to be a,03/06/2025,25.7741566,-80.1935973,
03/06/2025 18:56,WEST PALM BEACH,FL,USA,Changing,,,Orb with trail and cluster of orbs blinking around it.,03/06/2025,26.715364,-80.0532942,
03/06/2025 18:30,BRADENTON,FL,USA,Orb,,,Round dense cloud slowly dissipates and white round object comes out,03/06/2025,27.4989278,-82.5748194,
03/06/2025 18:40,BOYNTON BEACH,FL,USA,Fireball,,,Swirling white light with smaller blinking lights ufo circling it as it flew south,03/06/2025,26.5289139,-80.058141,
03/06/2025 18:35,DAVENPORT,FL,USA,Sphere,,,Cloud that formed to spherical object,03/06/2025,28.1614046,-81.6017417,
03/06/2025 19:02,SUNRISE,FL,USA,Changing,,,I watched something flying through the sky.,03/06/2025,26.1666888,-80.2787573,
03/06/2025 18:50,COCONUT CREEK,FL,USA,Orb,,,Bright orb whit twinkling likes moving at a fast pace no sound then separated like in explosion. With bright orange lights,03/06/2025,26.2517482,-80.1789351,
03/06/2025 18:40,DELRAY BEACH,FL,USA,Changing,,,Unknown object materialized near Boca Raton FL,03/06/2025,26.4614625,-80.0728201,
03/06/2025 13:19,JURUPA VALLEY,CA,USA,Triangle,,,"Spotted odd black craft heading SE into clouds, moving fast.",03/06/2025,33.9798472,-117.4515754,
03/06/2025 18:40,FRUITLAND PARK,FL,USA,Unknown,,,"High velocity, no contrail, no sound",03/06/2025,28.8613765,-81.9064705,
03/06/2025 18:40,VENICE,FL,USA,Light,,,A bright white light surrounded by a bright white haze,03/06/2025,27.0998315,-82.4442832,
03/06/2025 15:15,PORT ORANGE,FL,USA,Triangle,,,Flying in triangle formation north to south,03/06/2025,29.1386874,-80.9968286,
03/06/2025 19:36,FRANKLINTON,LA,USA,Triangle,,,I saw 2 triangle shaped craft moving very slowly 20 ft above the treetops,03/06/2025,30.8471283,-90.153141,
03/06/2025 18:40,JACKSONVILLE,FL,USA,Circle,,,Evening sky cloudy suddenly burst of bright light and unknown light,03/06/2025,30.3262247,-81.6579179,
03/06/2025 18:40,DORAL,FL,USA,Changing,,,This unexplained aerial phenomenon was a bright speeding light with a tiny light following in circles its surrounding moves.,03/06/2025,25.8195424,-80.3553302,
03/06/2025 19:47,BRODEK U PŘEROVA,Olomouc Region,Czechia,Orb,,,Observation of two coloured flying objects,03/06/2025,49.4841899,17.3382463,
03/06/2025 20:00,VASHON,WA,USA,Changing,,,"Multi-colored, pulsing light ball that seemed to be moving slightly, but generally stationary.",03/07/2025,47.4208759,-122.4737053,
03/06/2025 21:00,STANDISH,MI,USA,Triangle,,,Notice it watching me from the tree line chase it with car 10-15 miles. Maintain a decent speed. About 67 miles per hour flew along,03/07/2025,43.983076,-83.95888,
03/07/2025 23:50,ANKARA,Ankara,Turkey,Flash,,,Saw a red pulsing triangle shape,03/07/2025,39.9207759,32.8540497,
03/07/2025 19:30,MEKNES,Fez-Meknès,Morocco,Unknown,,,"Driving north on N6 on outskirts of Meknes, Morocco.",03/07/2025,33.8984131,-5.5321582,
03/06/2025 20:36,SPRINGFIELD,MA,USA,Changing,,,I was curious about an object that I noticed in the air flying by with different colors and no sound. I took my iPhone and recorded,03/07/2025,42.1018764,-72.5886727,
03/07/2025 14:47,CLOVIS,CA,USA,Unknown,,,"Distant object caught my eye very far away, watched for 3 minutes, it changed trajectory 90° I have film, but it's difficult.",03/07/2025,36.8252277,-119.7029194,
03/06/2025 17:57,AL AIN,Abu Dhabi,United Arab Emirates,Orb,,,"Saw 3 white, shining orbs revolving around each other, disappeared in less than a minute",03/08/2025,24.2248697,55.7452211,
03/07/2025 21:30,,,Unspecified,Triangle,,,Triangular shape with flickering lights.,03/08/2025,27.1556836,65.6101216,
03/08/2025 20:22,CHAMPLEMY,Bourgogne-Franche-Comté,France,Orb,,,I have been observing for 10 minutes and she continues to move. And the red has turned white and stabilized after ten minutes.,03/08/2025,47.2859024,3.3511,
03/08/2025 21:33,ANTWERP,Flanders,Belgium,Cigar,,,"Metallic, cylindrical UFO hovered over Antwerp for 30 sec then vanished eastward at high speed. No sound or propulsion, odd EM effects",03/08/2025,51.2211097,4.3997081,
03/08/2025 13:10,BAYWOOD-LOS OSOS,CA,USA,Disk,,,Object was floating around outside our dining room window to the north. Wobbling and wiggling sort of and rotating slowly.,03/08/2025,35.3214256,-120.8323427,
03/07/2025 14:30,HONOLULU,HI,USA,Changing,,,Aerostar Thunderhead Balloon Systems ?,03/08/2025,21.304547,-157.855676,
03/08/2025 19:10,LONDONDERRY,NH,USA,Cylinder,,,Multiple sightings moving throughout the skiy.,03/08/2025,42.8650869,-71.3739532,
03/08/2025 19:10,GORDON,GA,USA,Orb,,,"UFO flying very fast with three white lights two green lights in an oval shape, vanished mid air before I could pick up my phone",03/08/2025,34.5019651,-84.8986308,
03/08/2025 22:00,SARKOLA,Pirkanmaa,Finland,Star,,,"In the high night sky, a bright object flashes pulsatingly, rising upward until it faded from view.",03/08/2025,61.4105298,23.2589238,
03/08/2025 21:40,ROUND LAKE HEIGHTS,IL,USA,Orb,,,4 white orbs. Triangle formation. No noise. Disappeared.,03/08/2025,42.3800212,-88.1042489,
03/09/2025 00:04,BETHESDA,MD,USA,Disk,,,Looks like a bright star in the Northwest sky but is very fast. Moving and blinking. Movements are very remarkable.,03/08/2025,38.9812726,-77.1233587,
03/08/2025 23:22,HEMLOCK,NY,USA,Cigar,,,"Saw a massive, stretched egg-shaped object, gray with lights on the bottom. Moved, stopped, moved again in ways nothing should.",03/08/2025,42.7939952,-77.6064219,
03/08/2025 22:04,,Tasmania,Australia,Light,,,Two people witnessed - changed direction and moving very fast no tail flames or lights flashing,03/09/2025,-42.035067,146.6366887,
03/09/2025 04:24,,,Unspecified,Light,,,Different lights in the sky than normal,03/09/2025,27.1556836,65.6101216,
03/05/2025 06:33,TORREÓN,Coahuila de Zaragoza,Mexico,Orb,,,Orb moving in the sky and then disappeared.,03/09/2025,25.542698,-103.410512,
03/09/2025 08:10,SAINT GEORGES,DE,USA,Triangle,,,"Object reflecting light. Looked triangular or rectangle, appeared to be spinning",03/09/2025,39.5509785,-75.6479824,
03/09/2025 22:30,ENFIELD,County Meath,Ireland,Diamond,,,"Diamond/mantaray shape flew low and over the car, was hovering first before flying, no wings, spot lights came on underside mid flight",03/09/2025,53.4161821,-6.8341687,
03/09/2025 17:40,MARTINSBURG,WV,USA,Changing,,,It had no sound.  Has no wings. A bright light was in a different spot in every photo.,03/09/2025,39.4562528,-77.9639604,
03/09/2025 21:20,TIRANË,Tirana County,Albania,Fireball,,,"It was like a orange fireball and i went in my balcony to filmed it because it was moving, then it stopped and disappeared",03/09/2025,41.3281482,19.8184435,
03/08/2025 22:30,AU TRAIN,MI,USA,Unknown,,,Two green stationary lights in the sky that would blink side by side for a minute or two then switch to diagonal,03/09/2025,46.430219,-86.83682,
03/08/2025 16:46,PAHRUMP,NV,USA,Orb,,,Orb slowly approaching moon from underneath,03/09/2025,36.204178,-116.0260261,
03/09/2025 22:25,MAYNOOTH,County Kildare,Ireland,Diamond,,,"First sighting of a stingray/diamond shaped UFO hovering initially then moving over road, then another one 5 minutes later and a third",03/09/2025,53.3830239,-6.5922806,
03/09/2025 20:50,MARKLEVILLE,IN,USA,Triangle,,,"Red, green and white lights not flashing.   Very low and way too quiet.",03/09/2025,39.9778218,-85.6146982,
03/08/2025 21:13,CLONTARF,Queensland,Australia,Other,,,"My Daughter while filming a cyclone event in Brisbane QLD, Australia captured something appearing in the background then shoot off.",03/09/2025,-27.9782975,151.223106,
03/09/2025 21:14,PENN YAN,NY,USA,Cone,,,Weird object in sky hovering,03/09/2025,42.6603037,-77.0540989,
03/09/2025 23:49,CHRISTIANSBURG,VA,USA,Fireball,,,"Noticed large orange object first, then a small white dot darting all around it. Both shot off quickly and disappeared.",03/09/2025,37.1298517,-80.4089389,
03/10/2025 05:00,PITTSBURGH,PA,USA,Formation,,,4 spheres flying in a tight diamond formation,03/10/2025,40.4406968,-80.0025666,
03/10/2025 06:27,VANCOUVER,WA,USA,Light,,,Two blue lights spaced slightly apart moved like a hummingbird,03/10/2025,45.6306954,-122.6744557,
03/10/2025 23:30,RAGLAN,Waikato,New Zealand,Light,,,"I saw 3 or 4 lights above Mt Karioi, they would rise slowly illuminate and shine more before dissapearing. Sometimes together.",03/10/2025,-37.7997729,174.8682464,
03/10/2025 18:07,MONCTON,NB,Canada,Orb,,,Two Swarming objects high up in the sky,03/10/2025,46.0985679,-64.8004265,
03/09/2025 20:35,WINDOM,MN,USA,Light,,,"Bright light was seen, realized it was strange and twinkling in color. Moved side to side for 5-10 minutes.",03/10/2025,43.8663464,-95.1169366,
03/10/2025 20:40,NORWICH,NY,USA,Light,,,"I saw an aircraft following a light that looked like a faint star, both the aircraft and light seemed to be the same altitude.",03/10/2025,42.5311809,-75.5235149,
03/10/2025 20:02,CASPER,WY,USA,Circle,,,We were driving and we saw a yellow and green ball appear moving super fast and then it just went away.,03/10/2025,42.8501191,-106.325138,
03/10/2025 21:49,MORRISTOWN,VT,USA,Orb,,,This happened two nights 3/8 and 3/10,03/10/2025,44.5615499,-72.5982955,
03/10/2025 20:36,NACOGDOCHES,TX,USA,Orb,,,"White Orb, erratic movement, faded away at end.",03/10/2025,31.5970503,-94.5927451,
03/10/2025 23:50,,Surat Thani,Thailand,Circle,,,Watched a yellow light move a great speed,03/10/2025,9.4674663,98.830042,
03/11/2025 19:17,GURUGRAM,Haryana,India,Circle,,,Glowing Orb,03/11/2025,28.4646148,77.0299194,
02/01/2025 18:05,BENGALURU,Karnataka,India,Cigar,,,I went to get my dry cleaned bed sheets from top of my house I saw the object moving at a speed of F-16 800-900 miles per hour,02/01/2025,12.9767936,77.590082,
02/01/2025 19:45,RANDOLPH,VT,USA,Light,,,Hovering cluster of lights,02/01/2025,43.9253287,-72.6659422,
02/01/2025 18:55,FORT SMITH,AR,USA,Circle,,,I saw a bright circle object that my gf thought was a star then it came closer in seconds and then moved so far away I couldn’t see it.,02/01/2025,35.3880338,-94.4265011,
02/01/2025 21:30,GREENACRES,FL,USA,Light,,,"Was stationary, moved east slowly, then west, then maybe a jog, and then straight down until it passed behind trees.",02/01/2025,26.623679,-80.1253213,
02/01/2025 16:44,WESTMINSTER,CO,USA,Sphere,,,Floating metal sphere in westminster co,02/02/2025,39.8366528,-105.0372046,
02/02/2025 02:00,FRANKLIN,NC,USA,Orb,,,Orb or sphere with erratic movement brighter than stars and multiple lights after viewing through binoculars,02/02/2025,36.1028596,-78.2787229,
02/01/2025 17:23,ALLEN,TX,USA,Changing,,,"Observed 4 flying objects that seemed to blink and fade in and out, change direction and accelerate rapidly",02/02/2025,33.1031744,-96.6705503,
02/02/2025 20:27,WELCOME,NC,USA,Circle,,,Driving a door dash we saw a saucer with flashing lights moving very slow. Moved horizontal at a pace of a helicopter at 8:22 at 1-2000,02/02/2025,35.9091368,-80.2540727,
02/01/2025 00:23,,Rio Grande do Sul,Brazil,Fireball,,,I saw a fireball hovering and disappearing for two consecutive days in the same location.,02/02/2025,-29.8425284,-53.7680577,
02/02/2025 21:45,PEMBROKE PINES,FL,USA,Light,,,White light flying high speed under underpass and dogging power lines at over 200 mph guesstimating,02/02/2025,26.0061943,-80.2872086,
02/03/2025 03:03,TIJUANA,Baja California,Mexico,Circle,,,"We were on my house's roof and saw how a light was suspended and shining, and suddenly it disappeared about 900 meters away.",02/03/2025,32.5317397,-117.019529,
02/02/2025 22:00,ARDEN,NC,USA,Changing,,,"Seen one bright object split into two, then three. All stationary low in western sky for a couple minutes til they simply vanished",02/03/2025,35.4661821,-82.5164242,
02/03/2025 20:15,GALGOVO,Zagrebačka županija,Croatia,Disk,,,I was looking at the west side of the sky then i saw red flat disc with lights in a circle that was not moving then it dissapeared,02/03/2025,45.7436947,15.7490376,
02/01/2025 21:07,FREEPORT,Freeport,The Bahamas,Light,,,Saw exceptionally bright light in sky when several smaller lights appeared and moved up into sky,02/03/2025,26.5209334,-78.7663825,
02/03/2025 04:50,RED HOOK,St. Thomas,U.S. Virgin Islands,Light,,,Slow moving large white light then extremely fast small red as it went to the sky,02/03/2025,18.325808,-64.8525521,
02/03/2025 19:50,POWELL,TN,USA,Light,,,Blue wobbling lights. Very high.,02/03/2025,36.0317472,-84.0279677,
02/03/2025 12:00,PHOENIX,AZ,USA,Diamond,,,"Blue diamond shaped object, staying very still in one spot. Very visible, reflecting sun from one of its surfaces",02/03/2025,33.4484367,-112.074141,
02/03/2025 21:30,BONNERDALE,AR,USA,Light,,,Object appears to be flashing ball of electricity. Could be ball lightning but it appears to flare in a pattern.,02/03/2025,34.384816,-93.3818521,
02/01/2025 23:59,BENGALURU,Karnataka,India,Unknown,,,"It looked like a drone ( I thought it was one , emitting white or red light , sometimes green ).",02/03/2025,12.9767936,77.590082,
02/03/2025 21:30,STOCKTON,CA,USA,Teardrop,,,A blue-lighted craft performed zigzag jumps in the sky just below the clouds.,02/03/2025,37.9577016,-121.290779,
02/03/2025 23:00,HENDERSON,NV,USA,Orb,,,"The photo I'm going to upload, they were points of light, and they looked like stars, but they were hovering",02/03/2025,36.0319602,-114.9822716,
02/02/2025 16:10,LECKFORD,England,United Kingdom,Circle,,,Stereotypical UFO that moved above a static plane in the air and vanish in a split second when I glanced for my phone camera,02/04/2025,51.1373322,-1.4651968,
02/03/2025 20:02,CALOURA,Açores,Portugal,Cylinder,,,This área has been a hot spot from many years many locals have deem lights and a craft that comes up from the water in to the SKY,02/04/2025,37.7120417,-25.4993075,
02/04/2025 05:15,LONG BEACH,WA,USA,Cylinder,,,Glowing craft no sound,02/04/2025,46.35232,-124.054331,
02/04/2025 08:38,NEW YORK,NY,USA,Circle,,,I was waking outside and I saw something covering the moon so I grabbed my binoculars to see and I saw two HUGE U.F.Os,02/04/2025,40.7127281,-74.0060152,
02/04/2025 18:40,MUTĚNICE,South Moravian,Czech Republic,Circle,,,Glowing circle flying slow over the trees,02/04/2025,48.9043578,17.0293787,
02/04/2025 18:21,CHESAPEAKE,VA,USA,Cone,,,Object appeared to be bright and slowly move across the sky slowly and disappeared,02/04/2025,36.7168315,-76.2494453,
02/04/2025 20:00,DOVER,DE,USA,Orb,,,It opened a huge black portal and let someone out looked like a huge shadow of a giant and it closed after then disappeared,02/04/2025,39.158168,-75.5243682,
02/04/2025 20:00,MAYSVILLE,NC,USA,Orb,,,A light slowly moving across the sky that was obscured by smoke on a crystal clear night with no clouds and then just vanished,02/04/2025,34.9048814,-77.2313436,
02/04/2025 19:55,WILLIAMSPORT,PA,USA,Light,,,"Saw what looked like a star behind a cloud. Checked sky guide, nothing appeared there. Shortly after, object began to move.",02/04/2025,41.2411556,-77.0011096,
02/04/2025 19:55,WAYNESBURG,PA,USA,Light,,,A light came up over where I was and dispersed what seemed to be a cone shaped cloud of something before moving on,02/04/2025,39.8956327,-80.1848304,
02/04/2025 19:50,SWEETWATER,TN,USA,Circle,,,"Setting on my porch and noticed a white foggy ball coming toward my house, sprayed something then disappeared before my eyes.",02/04/2025,35.6014455,-84.4610552,
02/04/2025 19:57,STOKESDALE,NC,USA,Light,,,Bright light next to Venus,02/04/2025,36.2372048,-79.9793529,
02/04/2025 19:55,HO-HO-KUS,NJ,USA,Light,,,White light emitting “gas” then vanishing,02/04/2025,40.9976524,-74.110284,
02/04/2025 19:55,YORKTOWN HEIGHTS,NY,USA,Circle,,,"Large, blurry bright light with a ring around it that slowly rose up from the horizon and quickly disappeared.",02/04/2025,41.2701781,-73.7753539,
02/04/2025 20:00,STAMFORD,CT,USA,Cross,,,Bright Object Slowly & silently rising. At certain height the light got brighter emitted a ring of smoke & then disappeared,02/04/2025,41.0534302,-73.5387341,
02/04/2025 19:50,CARMEL HAMLET,NY,USA,Formation,,,Three distinct lights in a horizontal line moving slowly towards the north then disappearing,02/04/2025,41.4093705,-73.6902407,
02/04/2025 19:50,CARNESVILLE,GA,USA,Light,,,"Bluish-White Light with halo (no clouds) rising in the west, proceded to watch it arc shakily in a northeasterly direction.",02/04/2025,34.3698266,-83.235155,
02/04/2025 20:00,SPRING GROVE,PA,USA,Light,,,Cloudy star or planet like object moving slowly unblinking,02/04/2025,39.8745437,-76.8658078,
02/02/2025 18:34,SAINT STEPHENS,AL,USA,Cylinder,,,Strange bright light with vertical cylinder with smaller 45 degree pole sticking out in bright light,02/04/2025,31.5435325,-88.0574496,
02/04/2025 22:29,ODUM,GA,USA,Other,,,There was a ball of light that hovered slowly and was followed by another craft shortly after.,02/05/2025,31.6654015,-82.0270426,
02/04/2025 19:56,GRANITE FALLS,NC,USA,Changing,,,Subject floats in sky and throws a circle of lights from it,02/05/2025,35.7965205,-81.4306458,
02/05/2025 03:50,BOZEMAN,MT,USA,Circle,,,We were flying a plane and seeing what looked like stars with lights which would bright and dim zipping around the sky at high altitude,02/05/2025,45.6794293,-111.044047,
02/04/2025 20:00,GREENVILLE,SC,USA,Orb,,,At first we saw a massive “energy ball” that moved slowly a cross the sky and it created like a puff of energy cloud/portal & vanished,02/05/2025,34.851354,-82.3984882,
02/03/2025 22:45,GOODLETTSVILLE,TN,USA,Sphere,,,2 separate spherical/oval formations of lights each containing about 10 lights in the cluster formation.,02/05/2025,36.3231067,-86.7133302,
02/02/2025 19:00,MAIDEN,NC,USA,Light,,,Saw 8 orange lights in the sky,02/05/2025,35.5766048,-81.2139216,
02/06/2025 11:07,CHAPECÓ,Santa Catarina,Brazil,Cross,,,Cross-shaped object flying over the school.  Accelerated to an unimaginable speed and disappeared,02/06/2025,-27.0922364,-52.6166878,
02/05/2025 19:40,JEFFERSON,GA,USA,Light,,,Hovering light that accelerated disappeared within seconds,02/06/2025,33.0380388,-82.436141,
02/05/2025 20:30,PEARBLOSSOM,CA,USA,Light,,,Sitting in the car with my wife we pulled over to rest and an orange light appeared from that light another came out of it making two,02/06/2025,34.5067185,-117.9097865,
02/06/2025 00:40,LAS VEGAS,NV,USA,Circle,,,Green orb traveling at high rate of speed,02/06/2025,36.1674263,-115.1484131,
02/06/2025 05:52,KINGSTON UPON THAMES,England,United Kingdom,Orb,,,"Two white orbs quite high around 70,000ft +",02/05/2025,51.4096275,-0.3062621,
02/05/2025 20:09,VAUGHAN,ON,Canada,Changing,,,Incredible and crazy movement - It was turning from 2 flashing lights into three and then into having green lights as one circle,02/05/2025,43.7941544,-79.5268023,
02/05/2025 20:14,SPRING HILL,FL,USA,Triangle,,,"Fast moving, no sound, solid red",02/05/2025,28.483576,-82.5338633,
02/05/2025 20:30,INDIALANTIC,FL,USA,Chevron,,,"The ufo came from the South, stopped mid air, lit up the bottom with a white light, then the aircraft took off N and went dark",02/05/2025,28.0911921,-80.5679875,
02/05/2025 20:07,LONDON,ON,Canada,Light,,,I looked out the window to see a bright light dropping from the sky with a trail of smoke behind it. it burned out in the air.,02/05/2025,42.9836747,-81.2496068,
02/04/2025 20:00,MAZATLAN,Sinaloa,Mexico,Star,,,"Star like moving objects, high above, far away, 5 nights in a row, always around Venus while is going down to the horizont.",02/06/2025,23.2035785,-106.4208391,
02/06/2025 15:00,TEMPE,AZ,USA,Rectangle,,,Black rectangle with odd movements,02/06/2025,33.4255117,-111.940016,
02/07/2025 12:17,MORVAL,England,United Kingdom,Sphere,,,Very fast moving sphere,02/06/2025,50.3919168,-4.4288343,
02/06/2025 20:45,OGALLALA,NE,USA,Circle,,,Reported from Air Traffic Control. Pilot reported seeing 7 lights move left and right rapidly with light fading in and out.,02/06/2025,41.1248328,-101.7189583,
02/06/2025 20:58,STOCKPORT,IA,USA,Light,,,3-4 lights circling in the western sky for about 20 minutes,02/06/2025,40.8571734,-91.83365,
02/04/2025 19:54,MĠARR,,Malta,Other,,,There was a large spacecraft with multiple subtle blinking lights (and possibly a smaller object if it was not light of the moon),02/07/2025,35.9194409,14.3665109,
02/07/2025 21:59,BOKSBURG,Gauteng,South Africa,Orb,,,Saw an orb that's clearly not a drone or an airplane. It was moving on a horizontal axis fading away and reappearing.,02/07/2025,-26.2124639,28.2617471,
02/07/2025 17:38,PITTSBURGH,PA,USA,Cylinder,,,Noticed what resembled star. It was light out and not moving. I took a Pic on phone.,02/07/2025,40.4406968,-80.0025666,
02/07/2025 21:00,PORT ORANGE,FL,USA,Light,,,When I arrived home the neighbors were watching orbs in sky. Coming east to west.,02/07/2025,29.1386874,-80.9968286,
02/07/2025 20:10,HENDERSON,NV,USA,Light,,,"Unusual maneuvers around a passenger airplane 180 high speed turn. Bright red, white and green changing colors",02/07/2025,36.0319602,-114.9822716,
02/07/2025 17:15,COON RAPIDS,MN,USA,Disk,,,Three dark objects moving around below the overcast cloud cover.,02/07/2025,45.1728923,-93.3023898,
02/07/2025 18:23,WEST VALLEY CITY,UT,USA,Triangle,,,I just woke up! And I usually see outside my windows when I wake up and I saw this triangular prism shaped craft above the trees,02/07/2025,40.6967891,-111.9866954,
02/08/2025 04:15,BOKSBURG,Gauteng,South Africa,Orb,,,Bright orange/white orb flying steadily across the horizon in a north-easterly direction until disappearing over the horizon,02/08/2025,-26.2124639,28.2617471,
02/08/2025 16:20,CAPE TOWN,Western Cape,South Africa,Triangle,,,Flashing star like light in day time,02/08/2025,-33.9288301,18.4172197,
02/08/2025 13:25,FINDLAY,OH,USA,Circle,,,Round silver object sitting in a cloud,02/08/2025,41.0413873,-83.6503982,
02/08/2025 17:35,GLENDALE,AZ,USA,Changing,,,Long black cylinder came up from the hills. It was spinning and dimming out and then getting black. It was big with no wind,02/08/2025,33.5386858,-112.185994,
02/08/2025 20:44,PRESTON,England,United Kingdom,Circle,,,Round circle ball flashing blue at first then two lines from top to bottom red and as it got closer it flashed green,02/08/2025,53.7593363,-2.6992717,
02/07/2025 12:00,SPOKANE,WA,USA,Other,,,"Silver spearhead shape craft flying from west to east, vanished.",02/08/2025,47.6571934,-117.42351,
02/05/2025 21:00,YAKIMA,WA,USA,Orb,,,Saw 3 Orb like crafts take off,02/08/2025,46.601557,-120.510842,
02/09/2025 04:45,CARTAGO,Provincia de Cartago,Costa Rica,Light,,,"Blinking light that cross the sky from east to west , constant speed until it stoped mid air for aprox 30 seconds and then disappeared",02/09/2025,9.864498,-83.9206679,
02/08/2025 21:02,HENDERSONVILLE,NC,USA,Unknown,,,Several objects moving from east to WSW. High in altitude.,02/09/2025,35.3187279,-82.4609528,
02/09/2025 21:05,LIMA,Buenos Aires Province,Argentina,Unknown,,,I was in the backyard of my house watching the sky when suddenly this orange UFO appeared and then disappeared without a trace.,02/09/2025,-34.0446637,-59.196098,
02/09/2025 18:57,MCDONOUGH,GA,USA,Circle,,,The power went out at the gym and when we left we saw 4 lights in one spot in a straight line the disappeared one by one,02/09/2025,33.4473361,-84.1468616,
02/08/2025 19:30,WEAVERVILLE,NC,USA,Orb,,,Multiple craft seen flying over. Some in formation others at random elevation.,02/10/2025,35.6967238,-82.5603625,
02/07/2025 22:15,JOUBERTINA,Eastern Cape,South Africa,Light,,,I saw multiple bright objects flying in different directions at different angles and different speed. Two evenings in a row.,02/10/2025,-33.825,23.857778,
02/09/2025 21:58,,FL,USA,Light,,,"Two white lights (No Strobe lights, just white) seemed to be dancing around each other. Also one strong white/red light pulsating,",02/09/2025,27.7567667,-81.4639835,
02/09/2025 16:05,MANAUS,Amazonas,Brazil,Flash,,,"Well, yesterday on 09/02/2025, I was in my backyard when I looked at the sky and there were many unidentified flying objects.",02/10/2025,-3.1316333,-59.9825041,
02/10/2025 04:00,PRESCOTT,ON,Canada,Orb,,,"Observing through the telescope. Suspected UFO has been sighted in Prescott, Ontario",02/10/2025,44.7184132,-75.5191675,
02/10/2025 01:00,AUCKLAND,Auckland,New Zealand,Changing,,,Looked like stars then darted around flying lower,02/10/2025,-36.852095,174.7631803,
02/10/2025 19:22,NEW PALTZ,NY,USA,Rectangle,,,Sky was not completely black and could see rectangle shape of second craft,02/10/2025,41.7464972,-74.0844894,
02/10/2025 19:40,LOS MOCHIS,Sinaloa,Mexico,Circle,,,"An object was seen emitting light in front, like a lamp illuminating something. It was at night, disappearing and appearing at moments.",02/10/2025,25.7928058,-108.990188,
02/10/2025 18:11,BAKERSFIELD,CA,USA,Circle,,,We were in the backyard around 6pm when my wife saw this thing flying in the sky with a red trail it soon stopped and changed to a blue,02/10/2025,35.3738712,-119.019463,
02/06/2025 19:20,OROVILLE,CA,USA,Cross,,,"It looked like a boomerang, but then I remembered that boomerangs would be spinning, that cross was just there with a faint white light",02/10/2025,39.5137752,-121.556359,
02/10/2025 19:34,LAS VEGAS,NV,USA,Circle,,,"We saw a string of at least eight crafts flying in a straight line, very fast. Then they started to disperse in different directions.",02/10/2025,36.1674263,-115.1484131,
02/10/2025 18:13,MERCED,CA,USA,Changing,,,A zig zag stream of white with a central light moving from it creating a round span of white equidistant from the center and all around,02/10/2025,37.1641544,-120.7678602,
02/10/2025 19:05,PALM HARBOR,FL,USA,Cross,,,It was a huge afterwords a bunch of helicopter. pters and planes came to the area,02/10/2025,28.0856815,-82.756907,
02/10/2025 18:41,FREMONT,CA,USA,Light,,,A light object with a very strange cloud formation extended after it,02/10/2025,37.5482697,-121.988571,
02/03/2025 00:19,DENVER,CO,USA,Orb,,,I went outside to get a delivery and saw a flashing light that was moving. It did a lot more than that.,02/10/2025,39.7392364,-104.984862,
02/07/2025 22:00,NELSON,Nelson,New Zealand,Circle,,,Silent low flying UAP we have 2 videos,02/11/2025,-41.2710849,173.2836756,
02/10/2025 18:15,SOUTHERN PINES,NC,USA,Orb,,,Saw the 3 orbs just above the trees shot off at an extremely high rate of speed in succession.,02/11/2025,35.1740471,-79.3922539,
02/12/2025 21:40,LIGHTSVIEW,South Australia,Australia,Changing,,,Initially looked like a shooting star but entering and breaking up and was very bright and later when walking back bright light seen.,02/11/2025,-34.8619547,138.6273162,
02/11/2025 09:55,CHICAGO,IL,USA,Triangle,,,A red craft moving at a smooth yet fast speed flew across the terminal until I couldn’t see it anymore.,02/11/2025,41.8755616,-87.6244212,
02/05/2025 22:19,BRADNINCH,England,United Kingdom,Circle,,,spinning stationary 'bicycle wheel' of coloured lights,02/11/2025,50.8264662,-3.4237023,
02/08/2025 21:20,ROCA,NE,USA,Light,,,Saw several moving lights in air space that was not like anything I have ever seen before.,02/11/2025,40.657321,-96.662314,
02/11/2025 20:18,SAN DIEGO,CA,USA,Triangle,,,We saw a large black triangle with curved corners flying very fast in the air,02/11/2025,32.7174202,-117.162772,
01/01/2025 12:03,WOLLERT,Victoria,Australia,Circle,,,Very bright fast moving light with no noise,12/31/2024,-37.5939889,145.0337333,
01/01/2025 00:29,LILBURN,GA,USA,Circle,,,"We watched a red, circular light fly over the neighborhood beside ours, then over our back yard and farther then suddenly disappeared.",12/31/2024,33.8901036,-84.1429719,
01/01/2025 00:36,WHITE CLOUD,MI,USA,Light,,,A straight Line of White Light ( stationary ),12/31/2024,43.550297,-85.771997,
01/01/2025 00:20,MANASSAS,VA,USA,Circle,,,3 red orange bright circles,12/31/2024,38.7509488,-77.4752667,
01/01/2025 22:00,TURGUTLU,Manisa,Turkey,Light,,,Three red lights in the sky. They weren't very bright. They were circling around each other in a circular motion.,01/01/2025,38.5000458,27.7084176,
01/01/2025 00:45,,Northern,Rwanda,Disk,,,4 craft inline formation,01/01/2025,-1.5809699,29.9269776,
01/01/2025 17:30,,Wales,United Kingdom,Triangle,,,"There was one large pulsing light that would disappear and move, then when taking a picture we could see another 3",01/01/2025,52.2928116,-3.73893,
01/01/2025 11:58,APOPKA,FL,USA,Orb,,,We saw a shiny orb far in the distance. It would hover around contrails in the sky. It would disappear and then get more visible.,01/01/2025,28.6732806,-81.5116471,
01/01/2025 17:44,SONORA,CA,USA,Other,,,The colors were flowing in a clover shape around the mirror like thing,01/01/2025,37.985304,-120.3835349,
01/01/2025 21:48,EVESHAM,NJ,USA,Changing,,,Noticed strange light that wasn't moving for over 2 weeks. Tonight 3 of us saw it. This time it flew across the sky.,01/01/2025,39.851752,-74.8917412,
01/01/2025 18:00,PRINCETON,IN,USA,Circle,,,Orb like subject moving at a good clip from north horizon to south,01/01/2025,38.355439,-87.5678034,
01/01/2025 02:54,URIAH,AL,USA,Unknown,,,The crafts were stationary and angled upwards. Wings that were angled down more than 2 wings. Above tree tops,01/01/2025,31.3074341,-87.4992164,
01/01/2025 22:18,HARTHA,Sachsen,Germany,Disk,,,Two luminous objects flew slowly for a very long time.,01/02/2025,51.0984539,12.9715576,
01/02/2025 18:55,,South Kivu,Democratic Republic of the Congo,Light,,,"Light moving at SW to NE, changed to SE and stopped. Other light flash around it.",01/02/2025,-3.2968958,28.1674008,
01/02/2025 06:55,MADISON,SD,USA,Cube,,,White flashing lights in sync right over the town of Madison SD,01/02/2025,44.006085,-97.11395,
01/01/2025 21:20,SAN JUAN,San Juan,Puerto Rico,Unknown,,,"Two orange objects flying very fast from west to east at about 5,000ft",01/02/2025,18.465299,-66.116666,
01/02/2025 21:00,,CA,USA,Circle,,,"Bright light, bigger than a star no movement.",01/02/2025,36.7014631,-118.755997,
01/02/2025 17:17,JASTROWIE,Greater Poland Voivodeship,Poland,Unknown,,,Drone like object was flying above the city and was lighting green and red but it was too low for a plane and to big to drone,01/02/2025,53.4205494,16.8150156,
01/01/2025 20:30,ELMA,WA,USA,Circle,,,"UFO appeared to be circular and had different colored lights in the front, and then there were three lights underneath it.",01/02/2025,47.0034291,-123.408769,
01/02/2025 20:00,EDINBURGH,Scotland,United Kingdom,Rectangle,,,"Large, flying, wingless craft spotted over Inverleith Park",01/02/2025,55.9533456,-3.1883749,
01/03/2025 01:05,SUTTON,England,United Kingdom,Circle,,,"Slightly larger than the body of an aircraft at high altitude, but it suddenly disappeared.",01/02/2025,51.3574426,-0.1736053,
01/02/2025 20:45,INNISFAIL,AB,Canada,Orb,,,The orbs were in formation then weaved through the sky,01/02/2025,52.0274651,-113.9502354,
01/02/2025 23:42,CHANHASSEN,MN,USA,Other,,,I was driving and saw a low flying light coming towards me so I took a photo. I zoomed into the photo,01/02/2025,44.8618403,-93.5307207,
01/03/2025 04:02,VORCHDORF,Oberösterreich,Austria,Disk,,,"Ufo seen out of my window after hearing a loud Bang and waking up, shaped like a disk and turning inside.",01/02/2025,48.0035141,13.922837,
01/02/2025 20:00,BRADFORD,OH,USA,Light,,,2 were very high up like a satellite but was moving oddly & 2 were low & hovering/moving slowly.,01/03/2025,40.1321489,-84.4308181,
01/02/2025 18:18,EGREMONT,MA,USA,Circle,,,"A single light getting brighter above treeline and a few minutes later 6:18 about 10 lights in a row, then gone.",01/03/2025,42.1671269,-73.4439496,
01/02/2025 18:30,MURFREESBORO,TN,USA,Unknown,,,Rotating fiery light in front of cloud cover. Moved and then disappeared. Another light appears and blinks into different locations.,01/03/2025,35.8460396,-86.3921096,
01/02/2025 22:00,PRINCE EDWARD,ON,Canada,Light,,,"Looks like continuous fireworks,, blue and white,, variable",01/03/2025,44.031827,-77.246933,
01/03/2025 09:50,DEMING,NM,USA,Other,,,I stayed up in the sky unmoving. No sign of propulsion. It looked like a bowtie,01/03/2025,32.2627416,-107.7581979,
01/02/2025 13:48,PUEBLO,CO,USA,Sphere,,,I looked up and in the far distance I witnessed the spherical object moving in a straight line between clouds.,01/03/2025,38.263995,-104.6141867,
01/03/2025 20:30,ZAVENTEM,Flanders,Belgium,Fireball,,,"A glowing ball, with brutal acceleration and then disappears without a trace.",01/03/2025,50.8806207,4.4730008,
01/02/2025 20:47,NARROWSBURG,NY,USA,Other,,,Huge drone hovered over my house and reacted to me filming,01/03/2025,41.6026904,-75.0593426,
01/03/2025 20:08,BRAUBACH,Rheinland-Pfalz,Germany,Light,,,"Observed a single red blinking light, stationary below thick clouds, which disappeared within seconds after hovering for about one minu",01/03/2025,50.2751222,7.651073,
01/03/2025 18:52,NEWPORT NEWS,VA,USA,Triangle,,,Drone like sighting like stars and a large black triangular craft that blended into the sky with two lights,01/03/2025,36.9775016,-76.42977,
01/03/2025 23:37,,England,United Kingdom,Circle,,,2 circular objects hovering in the sky that exhibited strange purple and aquamarine lights that flashed - seen thru telescope,01/03/2025,52.5310214,-1.2649062,
01/03/2025 18:50,WOODBURY,MN,USA,Cone,,,Strange line seen,01/03/2025,44.919896,-92.9339449,
01/03/2025 20:38,SEBASTIAN,FL,USA,Oval,,,This is a recurring sighting of a multi-color changing shape object always to the east above the ocean about 45° above the horizon.,01/03/2025,27.817357,-80.4694039,
01/03/2025 18:48,KIUNGA,Western,Papua New Guinea,Triangle,,,2 triangular shaped objects with wingtips blinking red and green,01/03/2025,-6.1159886,141.2981755,
01/03/2025 14:53,WASILLA,AK,USA,Circle,,,White circle seemingly stationary over mountain,01/03/2025,61.5824216,-149.442563,
01/03/2025 18:00,ARDEN-ARCADE,CA,USA,Other,,,"I saw a craft that I thought was a plane, but it began ascending and descending then wavering between both, it came toward my car",01/03/2025,38.6039613,-121.3830035,
01/04/2025 03:15,THORNDALE,TX,USA,Cone,,,Saw 4 cone shaped objects . One was moving three more appeared behind it. And they stopped moving.,01/04/2025,30.6139184,-97.2060895,
01/04/2025 04:45,GATLINBURG,TN,USA,Light,,,Lights coming in and out of view off in the distance changing paths and seemed to be chasing each other at times.,01/04/2025,35.714259,-83.5101638,
01/03/2025 17:00,NEWRY,Northern Ireland,United Kingdom,Orb,,,Bright fast moving orb with a trail,01/04/2025,54.1775283,-6.337506,
01/04/2025 18:12,BENGALURU,Karnataka,India,Unknown,,,It looked like it was burning,01/04/2025,12.9767936,77.590082,
01/01/2025 21:00,LENOIR,NC,USA,Orb,,,"I seen an orb in the sky appearing to be a plasmoid then a drone descended from the sky beside of the orb, passing down to the ground",01/04/2025,35.2590371,-77.6484879,
01/04/2025 05:13,CELINA,OH,USA,Circle,,,Bright light circle that moved slightly every once in awhile then dimmed a few times during this then abruptly disappeared,01/04/2025,40.5489358,-84.5702338,
01/04/2025 18:23,MADISON,WI,USA,Light,,,I saw four individual lights in the sky traveling at a high altitude from West to East and North to South.,01/04/2025,43.07469,-89.3841663,
01/04/2025 17:50,MONROE,NJ,USA,Orb,,,My husband and I walked outside and these lights were in the sky moving very quickly in the clouds. They were moving very quickly simu,01/04/2025,41.114541,-74.6340505,
01/04/2025 21:20,JARRELL,TX,USA,Triangle,,,"Noted a stationary solid black triangle not moving, still",01/04/2025,30.8249094,-97.604454,
01/04/2025 18:15,JOPLIN,MO,USA,Changing,,,Triangular completely still hovering then shapeshifting silver or black red orb disk triangle,01/04/2025,37.0841838,-94.5133385,
01/04/2025 22:00,SPARKS,NV,USA,Changing,,,About 3 to 7 lights varying in brightness and order,01/04/2025,39.5404679,-119.7487235,
01/05/2025 02:07,,East Java,Indonesia,Orb,,,"round and rotating as if surrounding something. The rotation was very consistent, and it moved slowly.",01/05/2025,-7.6977397,112.4914199,
01/04/2025 16:36,MOUNT WASHINGTON,KY,USA,Circle,,,"Spotted silvery white round object, went to double look and was gone.",01/05/2025,38.0500627,-85.5457877,
01/05/2025 01:38,STAFFORD,VA,USA,Unknown,,,"I was driving down the road going home and i seen the craft just hovering and i stopped in the middle of the road to record, it flew aw",01/05/2025,38.4167265,-77.4579783,
01/04/2025 20:10,OCEANSIDE,CA,USA,Triangle,,,triangle shaped craft was over the ocean towards San Clemente Island.,01/05/2025,33.1958696,-117.379483,
01/04/2025 22:55,PORTO VELHO,Rondônia,Brazil,Disk,,,It seemed to be looking for something with a slightly bright light underneath the UFO.,01/05/2025,-8.7494525,-63.8735438,
01/03/2025 21:00,PAWLEYS ISLAND,SC,USA,Other,,,UAP non-drone.   It was stationary and silent. There were two bright red flashing lights in what appeared to be a fixed wing.,01/05/2025,33.4293486,-79.1215912,
01/04/2025 20:00,ACTON,CA,USA,Circle,,,What we saw was def a spacecraft. Round yet octagon. The red flashing lights went all around and a red light triangle in center.,01/05/2025,34.4807415,-118.1868379,
01/04/2025 20:45,TALLMADGE,OH,USA,Triangle,,,Loud fast moving aircraft in the dark.,01/05/2025,41.1014616,-81.4417989,
01/05/2025 16:00,DEBARY,FL,USA,Triangle,,,Rotating Metallic Triangle at High Elevation,01/05/2025,28.8830604,-81.3088385,
01/05/2025 10:18,CISCO,TX,USA,Circle,,,Circular pulsating light that dimmed and then disappeared.,01/05/2025,32.3881293,-98.9793386,
01/03/2025 17:26,PALOS VERDES ESTATES,CA,USA,Light,,,UFO flying close to ground with 2 lights very oddly shaped,01/05/2025,33.7872386,-118.401813,
01/03/2025 23:54,TAMPA,FL,USA,Changing,,,It was close to midnight I saw what appeared to be a large metal aircraft of some sort with multicolored lights.,01/05/2025,27.9449854,-82.4583107,
01/06/2025 04:25,BRENTWOOD,CA,USA,Unknown,,,I was driving looked up in the sky at (2x) objects flying synchronously,01/06/2025,37.9317766,-121.696026,
01/01/2025 18:36,GARNETT,KS,USA,Orb,,,We were outside by our spirit trail looking at the stars and we seen them moving fast across the sky,01/06/2025,38.2805772,-95.2419192,
01/06/2025 03:58,AHMEDABAD,Gujarat,India,Cigar,,,Blue Cigar shaped object going up and down in the sky.,01/06/2025,23.0215374,72.5800568,
01/02/2025 17:00,PINOLE,CA,USA,Oval,,,Extremely fast green oval light flew by then stopped on a dime hovered then flashed by and disappeared,01/06/2025,38.0043667,-122.2988587,
01/06/2025 07:05,CATRINE,Scotland,United Kingdom,Triangle,,,"Same as the sightings currently happening in America, low flying ""drone"" with unusual light pattern hovering in the same spot.",01/06/2025,55.5043269,-4.3318299,
01/02/2025 19:02,GREATER SUDBURY,ON,Canada,Triangle,,,Out in a very busy city many people seen.   Low car sized drone with flashing lights.,01/05/2025,46.49272,-80.991211,
01/05/2025 22:12,MORENO VALLEY,CA,USA,Circle,,,I was watching from outside my windows and these crafts continually came up from behind the mountain,01/05/2025,33.9375177,-117.2305791,
01/05/2025 21:35,ROCKLIN,CA,USA,Oval,,,6 oval shaped objects in a triangle formation gliding silently though the night sky,01/05/2025,38.7907339,-121.2357828,
01/05/2025 23:30,SACRAMENTO,CA,USA,Triangle,,,"Flew by me north to south, just to the west of of me. Totally silent, consistent speed.",01/06/2025,38.5810606,-121.493895,
01/05/2025 22:18,SOUTH SIOUX CITY,NE,USA,Oval,,,Bright white with a tint of blue circle moving super fast til it disappeared heading east,01/06/2025,42.4742963,-96.4135909,
01/03/2025 22:00,FORT LAUDERDALE,FL,USA,Light,,,Saw many objects flying in a line from west to east. Like drones from New Jersey not on radar.,01/06/2025,26.1223084,-80.1433786,
01/06/2025 21:50,LONDON,England,United Kingdom,Orb,,,"I was driving home and I thought I saw an airplane with green lights but it didn’t seem to move, when I got home was still stationary.",01/06/2025,51.5074456,-0.1277653,
01/06/2025 05:15,MUSCAT,Muscat Governorate,Oman,Orb,,,"Star like objects following the same zigzagging path, though mostly in a straight line.",01/06/2025,23.6123628,58.5938134,
01/06/2025 23:45,RENNES,Bretagne,France,Light,,,Really low altitude light passing above building,01/06/2025,48.1113387,-1.6800198,
01/06/2025 19:38,MOCOCA,State of São Paulo,Brazil,Cigar,,,Blue cigar shaped UAP spotted in Brazil,01/06/2025,,,
01/06/2025 00:46,UNION CITY,CA,USA,Disk,,,I was sleeping and randomly woke up and to two flying discs.,01/06/2025,37.5872576,-122.0215737,
01/06/2025 18:00,NEW PALESTINE,IN,USA,Orb,,,Hovering / dropping. I was shoveling snow to my sons Rv when I saw a bright red orb like light dropping slowly,01/07/2025,39.7219882,-85.8891471,
01/07/2025 04:12,NORTH STONINGTON,CT,USA,Orb,,,Large white light moving randomly in the sky.,01/07/2025,41.4411845,-71.8812698,
01/07/2025 00:14,FRESNO,CA,USA,Triangle,,,"I went to let my dog outside to go pee, then I heard a sonic boom the engines i looked up and that sucker turned up and disappeared",01/07/2025,36.7394421,-119.78483,
01/06/2025 21:11,ESTAÇÃO,Rio Grande do Sul,Brazil,Teardrop,,,"An object that moved in a strange way, had a white light when it was still but as it gained speed it turned blue.",01/07/2025,-27.9128965,-52.2606058,
01/06/2025 20:00,DE SOTO,IA,USA,Orb,,,I was driving home on the highway when I noticed a pretty bright ball of light in the sky which I could not identify,01/07/2025,41.5318591,-94.0085214,
01/04/2025 11:00,CLYDACH,Wales,United Kingdom,Circle,,,"Silver orb flying at 10 - 20 times faster than a commercial aircraft , roughly the same size as an aircraft",01/07/2025,51.6964314,-3.8916304,
01/06/2025 23:26,EMBRO,ON,Canada,Rectangle,,,Drone like crafts with four white lights in square with a center red light flashing,01/07/2025,43.1546467,-80.9005219,
01/06/2025 16:00,SAN DIEGO,CA,USA,Oval,,,Silver Perpendicular Oval Ring Like Craft,01/07/2025,32.7174202,-117.162772,
01/06/2025 18:28,MYRTLE BEACH,SC,USA,Orb,,,"Multiple white orbs, smaller orange orbs moving similarly across sky, spotted shortly after sunset, near beach",01/07/2025,33.6956461,-78.8900409,
01/06/2025 19:46,ESTAÇÃO,Rio Grande do Sul,Brazil,Cigar,,,An object that moved and shone in a strange way.,01/07/2025,-27.9128965,-52.2606058,
01/04/2025 20:30,SAN ANTONIO,TX,USA,Cube,,,Craft hovered about 45 mins. Disappeared when the clouds ceared,01/07/2025,29.4246002,-98.4951405,
01/05/2025 23:14,CHAPEL HILL,NC,USA,Rectangle,,,Moving rectangular object with 20' x 20' bottom (approx) with red/green lights on opposite sides; other 2 sides had white lights.,01/07/2025,35.9131542,-79.05578,
01/06/2025 14:50,RIDGELAND,MS,USA,Other,,,"It was a long thin black line,maybe half a mile long.",01/07/2025,32.4284761,-90.1323087,
01/02/2025 07:38,WINNIPEG,MB,Canada,Light,,,"Light ball going up into the sky, turning right.",01/07/2025,49.8955367,-97.1384584,
01/07/2025 21:08,UXBRIDGE,England,United Kingdom,Triangle,,,,01/07/2025,51.5449509,-0.4816672,
01/07/2025 16:48,GLASGOW,KY,USA,Circle,,,Driving along the road when I spotted 2 circular lights side by side with no blinking lights indicating a typical aircraft or drone,01/07/2025,36.995906,-85.9124842,
01/07/2025 19:44,CANBY,OR,USA,Diamond,,,Looked up and saw what I believe is not a plane and don’t know what it is,01/07/2025,45.2629088,-122.6925983,
01/07/2025 23:29,POINT LOOKOUT,NY,USA,Unknown,,,Black craft with red and green lights circled point lookout at a low altitude,01/07/2025,40.5898775,-73.5793876,
01/04/2025 19:00,CARROLLTON,TX,USA,Other,,,"Object seen multiple times over the course of an hour, stationary and moving",01/07/2025,32.9515472,-96.9034244,
01/07/2025 22:02,IOWA CITY,IA,USA,Other,,,Mass with surrounding light ring seen through clouds above moon from ground 1/7/25 10:02pm,01/08/2025,41.6612561,-91.5299106,
01/07/2025 19:30,NEW HOPE,PA,USA,Light,,,"Saw a bright light quickly enter the airspace above Trenton Airport, where it stopped and sat above the planes for 30 minutes.",01/08/2025,40.3642728,-74.9512785,
12/01/2024 12:48,SAN DIEGO,CA,USA,Orb,,,Appeared to be a star but it was daylight so it stood out,12/01/2024,32.7174202,-117.162772,
12/01/2024 16:29,SAN DIEGO,CA,USA,Circle,,,Multiple objects forming triangle,12/01/2024,32.7174202,-117.162772,
12/01/2024 23:10,MANOR,TX,USA,Sphere,,,I looked up and so many UFOs. Some gathered in clusters and rotating others moving around quickly and swiveling around the sky.,12/01/2024,30.3420882,-97.555905,
12/01/2024 23:15,COLUMBIA,SC,USA,Other,,,"I have been fortunate experiencing 3 sightings in the early 70s and in 1966 and ""believe"" I saw one last night",12/02/2024,34.000754,-81.0352313,
12/02/2024 06:50,LINDSAY,OK,USA,Cube,,,All of a sudden there was two big square lights stacked,12/02/2024,34.8347959,-97.6025319,
12/01/2024 20:35,FIFE,TX,USA,Orb,,,Slow moving glowing orb then disappeared,12/02/2024,31.3904396,-99.3845005,
12/02/2024 04:40,MAPLETON,UT,USA,Star,,,Saw two stars and one quickly shot off headed East,12/02/2024,40.1302338,-111.578528,
12/02/2024 19:11,CHARLOTTE,NC,USA,Triangle,,,It didn’t move I also saw 2 other flying objects that look like helicopters,12/02/2024,35.2272086,-80.8430827,
12/01/2024 05:00,COLÓN,Colón Province,Panama,Triangle,,,Weird lights in the sky moving in weird formations turning on and off randomly,12/02/2024,9.1929874,-79.6525424,
12/02/2024 16:20,MISSOULA,MT,USA,Light,,,Lights no craft noticed,12/02/2024,46.8701049,-113.995267,
12/01/2024 00:30,TUKWILA,WA,USA,Light,,,Slow-moving light moving low across sky before disappearing.,12/02/2024,47.4627356,-122.2559156,
12/01/2024 17:49,SPRINGFIELD,MO,USA,Circle,,,Bright round white object is stationary then moves until a smaller orb absorbs into it causing the object to change red.,12/02/2024,37.2081729,-93.2922715,
12/02/2024 09:35,CHICAGO,IL,USA,Chevron,,,"I was walking west 95th, when a bright white chevron 50x faster than a jet flew south 4 secs before disappearing in clear night sky",12/02/2024,41.8755616,-87.6244212,
12/02/2024 17:00,KELLOGG,ID,USA,Orb,,,2nd sighting within two weeks,12/02/2024,47.5382349,-116.118887,
12/02/2024 19:20,SOUTH PLAINFIELD,NJ,USA,Sphere,,,Spherical craft with red and green lights. Looked smooth and shiny.,12/03/2024,40.5792701,-74.4115401,
12/02/2024 20:49,BUDAPEST,,Hungary,Formation,,,Weird floating UAPs,12/03/2024,47.4978789,19.0402383,
12/03/2024 05:00,SPRINGDALE,AR,USA,Changing,,,I was sitting in a planet fitness parking lot when I was what I thought was a helicopter but it had a long waving tail and no lights,12/03/2024,36.1867442,-94.1288142,
12/02/2024 21:37,KANPUR,Uttar Pradesh,India,Changing,,,Blinking lights could have been Morse code,12/03/2024,26.4609135,80.3217588,
12/03/2024 08:20,NORWALK,CT,USA,Unknown,,,Appeared stationary then moved faster than a boat around in the sky. Left after 30 minutes and then returned for another 20 minutes,12/03/2024,41.1175966,-73.4078968,
12/02/2024 19:00,OAK RIDGE,NC,USA,Circle,,,Hovering UAP/Drone?,12/03/2024,36.1736211,-79.9892172,
12/03/2024 03:18,HOT SPRINGS,SD,USA,Circle,,,I’m driving on us18 headed towards hot springs SD and I see what I thought was 2 shooting stars coming down from space,12/03/2024,43.431646,-103.474363,
12/02/2024 17:50,BROADMOOR,CA,USA,Triangle,,,I was driving & in the sky I saw a triangular shaped object. Going slow & hovering. Not high up. 3 lights,12/03/2024,37.6910683,-122.4824564,
12/03/2024 01:00,MAHWAH,NJ,USA,Disk,,,"If you pause & look closely in the video, the lights are not separated but all from 1 huge craft the size of 2 planes.",12/03/2024,41.0887072,-74.1437552,
12/02/2024 14:20,LOS ANGELES,CA,USA,Orb,,,Los Angeles ORB SIGHTING 12.2.25,12/03/2024,34.0536909,-118.242766,
12/01/2024 20:15,TONOPAH,NV,USA,Cigar,,,A 3 football field long cigar shaped craft that cloaked to nothingness after 3 minutes of being visible,12/03/2024,38.100063,-117.2250609,
12/03/2024 17:34,BUFFALO,NY,USA,Orb,,,White orb over Lake Erie,12/03/2024,42.8864163,-78.8781493,
12/03/2024 17:56,PHOENIXVILLE,PA,USA,Orb,,,Saw approximately 12 or more white orbs in the sky moving in various directions,12/03/2024,40.1303822,-75.5149128,
12/03/2024 18:25,ENGLEWOOD,NJ,USA,Unknown,,,Witnessed two craft flying low and slow in a large circle,12/03/2024,40.8929329,-73.9726508,
12/03/2024 18:04,DANVILLE,PA,USA,Circle,,,"Several round objects were circling each other passing each other back-and-forth, stopping starting then all of a sudden they were gone",12/03/2024,40.9664806,-76.6131474,
12/03/2024 19:31,KERNERSVILLE,NC,USA,Circle,,,Circular object floating above houses that then shot extremely fast vertically into the sky.,12/03/2024,36.1198589,-80.0736533,
12/03/2024 18:00,KINTNERSVILLE,PA,USA,Star,,,20+ stars moving smoothly in all directions around the sky. No distinct pattern. Some in formations.,12/03/2024,40.5570457,-75.179619,
12/02/2024 03:45,ALMONT,MI,USA,Light,,,Moving lights in the sky identical to sighting on December 13 2023 and October 2 2024,12/03/2024,42.9205842,-83.0449348,
12/03/2024 17:58,ABINGDON,MD,USA,Light,,,10-20 fast moving white lights that appeared to be satellites at first but changed directions mid-flight before fading away,12/03/2024,39.4636817,-76.2727147,
12/03/2024 18:00,EASTON,PA,USA,Light,,,"UFOs began swirling in circles. More and more appeared, coming in from all directions and joining the chaotic flight pattern.",12/03/2024,40.6916081,-75.2099866,
12/03/2024 22:49,LEBANON,NJ,USA,Triangle,,,"Lights in sky. Not planes or helicopters, didn't move like drones",12/03/2024,40.6417683,-74.8359987,
12/03/2024 18:30,ORLANDO,FL,USA,Star,,,Stargazing with Binoculars,12/03/2024,28.5421218,-81.379045,
12/04/2024 20:29,HENDERSON,NV,USA,Formation,,,Enormous Objects in the Sky,12/04/2024,36.0319602,-114.9822716,
12/03/2024 17:10,NEW HAMPTON,NH,USA,Light,,,Blue light/object emerged from high cloud cover,12/04/2024,43.6056221,-71.655096,
12/03/2024 17:45,ROSE LODGE,OR,USA,Other,,,Just weird.,12/04/2024,45.0216687,-123.9058935,
12/03/2024 18:13,WAGENER,SC,USA,Rectangle,,,Large lit floating object in sky,12/04/2024,33.6523712,-81.3612142,
12/04/2024 03:00,PONCA CITY,OK,USA,Triangle,,,Unknown shape with red green and white strobe like lights on aft and nose aswell as lateral on traditional wingswing position.,12/04/2024,36.703647,-97.081898,
12/04/2024 00:28,ALSEA,OR,USA,Light,,,Strange Flashes in the southern sky.,12/04/2024,44.3815098,-123.5964942,
12/03/2024 22:01,PORTLAND,OR,USA,Disk,,,Observed UFO space battle!,12/04/2024,45.5202471,-122.674194,
12/04/2024 12:45,GOLDEN VALLEY,AZ,USA,Triangle,,,"UAP at 9000-10,000 moving slow like an aircraft, abrupt 90 degree turn, accelerated then disappeared",12/04/2024,35.2233329,-114.223013,
12/04/2024 20:12,CORBIN,KY,USA,Light,,,"Close to 10 tiny lights passing over the clouds, with 2 bright lights to the left and right of them.",12/04/2024,36.9486986,-84.0968761,
12/04/2024 02:10,DUMBARTON,Scotland,United Kingdom,Flash,,,Massive stretch of light going at at least 500mph,12/04/2024,55.9432443,-4.5708479,
12/04/2024 19:30,PIPESTONE,MT,USA,Star,,,4 light in a precise linear formation. One by one disappeared then reappeared. Something flew to one and left. They all reappeared agai,12/04/2024,45.8965933,-112.2313901,
12/04/2024 06:10,CAPE CANAVERAL,FL,USA,Triangle,,,Boomerang shaped UFO in photo,12/04/2024,28.4513556,-80.5283059,
12/03/2024 18:00,PORT ORCHARD,WA,USA,Changing,,,Bright yellowish light,12/04/2024,47.5315625,-122.6384056,
12/04/2024 17:45,LONGMONT,CO,USA,Formation,,,We observed what looked like a dim semi circular line. moving through the sky headed southwest.,12/04/2024,40.1672117,-105.101928,
12/04/2024 21:35,LINCOLN,NE,USA,Fireball,,,"Comet-like UAP shot across low in the sky, no higher than tall oak tree height",12/04/2024,40.8088861,-96.7077751,
12/03/2024 21:21,AUSTIN,TX,USA,Unknown,,,Incredibly fast yellow-white light moving and Illuminating clouds from above.,12/04/2024,30.2711286,-97.7436995,
12/04/2024 19:26,LAKEWOOD,NJ,USA,Changing,,,"This object flipped around in the sky, changed shapes, different colors.",12/04/2024,40.0940995,-74.2149889,
12/05/2024 04:13,WOODBRIDGE,VA,USA,Oval,,,Seen crashing from the sky at last few moments into the woods,12/05/2024,38.636447,-77.2676335,
12/04/2024 15:22,LONDON,England,United Kingdom,Teardrop,,,I was walking home from work and I saw a teardrop shaped object within the atmosphere over my location.,12/05/2024,51.5074456,-0.1277653,
12/04/2024 21:00,OCEANSIDE,CA,USA,Orb,,,"Magnificent yellow/orange colored light foil hovered and lingered and moved slowly not in a straight path, then vanished.",12/05/2024,33.1958696,-117.379483,
12/05/2024 00:30,WEST MIFFLIN,PA,USA,Orb,,,"12:30am woken up by thunder, looked out bedroom window across the valley I observed 3 orbs in a triangle formation.",12/05/2024,40.3634026,-79.8664375,
12/01/2024 18:00,BOSCOBEL,WI,USA,Orb,,,I saw a line of lights that remained in formation and moved at speeds beyond mankind.,12/05/2024,43.1346751,-90.7057398,
12/04/2024 09:30,DISHFORTH AIRFIELD,England,United Kingdom,Circle,,,Circle very shiny metallic in the sky then disappeared,12/05/2024,54.1376258,-1.4164275,
12/04/2024 18:20,GLENVIEW,IL,USA,Triangle,,,"saw 3 bright balls like points on a triangle, not stars, hovering over neighbors roofline,& a 2nd set coming up",12/05/2024,42.0700662,-87.8114044,
12/05/2024 21:05,GARVAGH,Northern Ireland,United Kingdom,Circle,,,In air. Silver circle object zooming through sky and disappeard,12/05/2024,54.982536,-6.6877148,
12/01/2024 17:44,RIPLEY,TN,USA,Flash,,,"The flying objects were in the sky and they were moving so fast, but it was dark so I could not see them well.",12/05/2024,35.7453551,-89.5297973,
12/05/2024 18:33,MAYNARD,MA,USA,Light,,,Light colored craft moved at outstanding speed overheard without any noise,12/05/2024,42.4321064,-71.4539683,
12/05/2024 18:07,NEW BRUNSWICK,NJ,USA,Circle,,,My friend has been sending me videos of these blinking lights in the sky we’re not sure if it’s just stars or if it’s a ufo,12/05/2024,40.4951365,-74.4439254,
12/03/2024 19:00,BLYTHEWOOD,SC,USA,Circle,,,Went from light in sky to giant craft hovering with red green and white lights above me then slowly moved away over trees,12/05/2024,34.2143159,-80.973977,
12/05/2024 18:30,GASTONIA,NC,USA,Triangle,,,"Multiple ""drone-like"" objects hovering and flying across the sky.",12/05/2024,35.2622654,-81.1838186,
12/05/2024 21:30,HUGHESVILLE,MD,USA,Light,,,Driving home saw the objects and continued to see them,12/05/2024,38.537151,-76.7856046,
12/05/2024 22:01,NORMAN,OK,USA,Light,,,Saw 5 stationary craft hovering at more than 10k’,12/05/2024,35.2225717,-97.4394816,
12/06/2024 01:55,LOCKHART,TX,USA,Circle,,,It was moving fast then stopped instantly and went directly up,12/06/2024,29.8832105,-97.6736292,
12/06/2024 02:11,VIENNA,VA,USA,Changing,,,Unknown object flashing light and flying erratically,12/06/2024,38.9013729,-77.2651762,
12/06/2024 07:43,WHITEHALL,OH,USA,Cylinder,,,"There was a cylindrical object in the sky with no inscription or wings like a plane, which moved at a high speed and stopped abruptly.",12/06/2024,39.9667308,-82.8854559,
12/06/2024 06:45,CANDY KITCHEN,NM,USA,Circle,,,"It looked like a rocket, trail behind it and all.",12/06/2024,34.9245164,-108.4749944,
12/05/2024 18:00,SAN DIEGO,CA,USA,Sphere,,,Shot straight up into sky,12/06/2024,32.7174202,-117.162772,
12/05/2024 10:30,NORTH CHARLESTON,SC,USA,Cigar,,,"Saw a long silver flashing object that appeared to be leaving the sun, flashed a few times then disappeared. It wasn’t a plane",12/06/2024,32.8546197,-79.9748103,
12/05/2024 21:43,TOMBALL,TX,USA,Triangle,,,Silent Flight towards the airport then it came back above the trees on my house in an instant was low as trees,12/06/2024,30.0971621,-95.6160549,
12/05/2024 19:55,SADDLEBROOKE,AZ,USA,Triangle,,,V Shaped formation flying in a mist/cloud,12/06/2024,32.5347527,-110.880573,
12/03/2024 17:57,LA PINE,OR,USA,Orb,,,Multiple orbs crossing each other and going into straight line formation and disappearing,12/06/2024,43.6703995,-121.503636,
12/03/2024 21:39,WINTHROP,MA,USA,Circle,,,Observed hovering then moving slowly for approximately 25 minutes,12/06/2024,42.3746525,-70.9825807,
12/06/2024 19:03,PHILLIPSBURG,NJ,USA,Triangle,,,This is the second time in two week sighting the uaps,12/06/2024,40.6915611,-75.1952543,
12/06/2024 18:15,GREENSBURG,PA,USA,Light,,,No physical object seen fast spinning light in circular motion,12/06/2024,40.3024514,-79.5443274,
12/05/2024 06:17,NEWPORT,VA,USA,Light,,,I see these a lot between 3-6 am sometimes 8 or ten following one another,12/06/2024,38.5787326,-78.5964028,
12/06/2024 18:30,BRIDGEVILLE,PA,USA,Chevron,,,I was sitting in traffic because of an accident. It flew slowly over the highway,12/06/2024,40.3561805,-80.1100556,
12/06/2024 03:40,ESCALON,CA,USA,Orb,,,A white pulsating orb traveling east at approximately 1000-1500ft altitude,12/07/2024,37.7974273,-120.9966033,
12/03/2024 16:30,GIG HARBOR,WA,USA,Orb,,,Orb hovered for 30 min as the sun set and very slowly flew away.,12/07/2024,47.3259697,-122.5878659,
12/06/2024 20:25,STATE COLLEGE,PA,USA,Orb,,,"Multiple orbs appeared in the sky, moved in a variety of patterns, and followed me as I walked and attempted communication.",12/06/2024,40.7944504,-77.8616386,
12/06/2024 19:00,LOOKINGGLASS,OR,USA,Other,,,This object seemed to be knowing where I was going in a sense. It flew and stayed over the mountain behind my house for twenty minutes.,12/06/2024,43.1784485,-123.4861887,
12/06/2024 19:20,MORRIS PLAINS,NJ,USA,Disk,,,Recently across Morris & Somerset County New Jersey drones have been flying across Picatinny Military Base & Trumps golf course.,12/06/2024,40.8364845,-74.4781885,
12/06/2024 21:15,,PA,USA,Sphere,,,"The three that we saw continued East. Two somewhat together and 1 falling a few mins behind, but all heading East.",12/06/2024,40.9699889,-77.7278831,
12/06/2024 00:19,PROVINCETOWN,MA,USA,Orb,,,Multiple orbs,12/06/2024,42.0525612,-70.1858639,
12/06/2024 17:25,SAN JOSE,CA,USA,Triangle,,,Viewed 3 lights which appeared to form a craft,12/06/2024,37.3361663,-121.890591,
12/07/2024 09:55,NASHVILLE,TN,USA,Disk,,,"Several discs flying back and forth in perfect unison on a clear, sunny day",12/07/2024,36.1622767,-86.7742984,
12/07/2024 11:42,ST. GEORGE,UT,USA,Orb,,,"In car, saw a star in daylight. It moved with no contrail and disappeared.",12/07/2024,37.1098772,-113.5832063,
12/07/2024 12:19,SOUTH BRUNSWICK TOWNSHIP,NJ,USA,Triangle,,,Nodular Metallic Unidentified Flying Object,12/07/2024,40.4600521,-74.3984982,
12/07/2024 11:00,ESSEX,MD,USA,Chevron,,,"I was looking at the tree line, birdwatching and clearly saw this very black object with lights on four sides crossover from the south",12/07/2024,39.301059,-76.4424869,
12/07/2024 18:00,BRISTOL,CT,USA,Circle,,,First it looked like strobe lights . Then two became 4 and formed a circle then just kept circling around coming back and disapearing,12/07/2024,41.6711752,-72.9430128,
12/07/2024 13:00,SAN DIEGO,CA,USA,Sphere,,,Multiple sphere shaped objects,12/07/2024,32.7174202,-117.162772,
12/07/2024 02:15,SEASIDE,FL,USA,Light,,,Lighted object making rapid zig-zag and other movements not associated with standard aircraft,12/07/2024,30.3201987,-86.1376671,
12/07/2024 19:00,BELVUE,KS,USA,Disk,,,Uap/drone appeared and performed evasive maneuver,12/08/2024,39.216664,-96.178051,
12/06/2024 19:15,STERLING FOREST,NY,USA,Unknown,,,They flew over my house and hovered over the lake for a few minutes then headed towards Vernon,12/08/2024,41.1825949,-74.3187622,
12/06/2024 15:55,EDMONTON,AB,Canada,Disk,,,While I was taking pictures on my balcony two disks floated across the sky without noise they were in sync,12/08/2024,53.5462055,-113.491241,
11/01/2024 01:05,WAUSAU,WI,USA,Light,,,"Bright light, like a star moving erratically",10/31/2024,44.9597858,-89.6272791,
11/01/2024 08:13,SEAFORD,DE,USA,Light,,,Bright light in sky in broad daylight.,11/01/2024,38.6413452,-75.6114584,
11/01/2024 19:05,HASTINGS,MI,USA,Triangle,,,Triangle ufo-There were some shooting stars possibly beforehand this could be a regular aircraft,11/01/2024,42.6484514,-85.2895235,
11/01/2024 20:30,EUREKA SPRINGS,AR,USA,Chevron,,,"Saw chevron of lights travel at high speed, no sound or doppler effect.",11/01/2024,36.4000796,-93.7392419,
11/01/2024 21:10,MILAN,IL,USA,Light,,,"Watching for landing aircraft, noticed lights on the final approach",11/01/2024,41.453089,-90.5720803,
11/01/2024 21:45,PARRISH,FL,USA,Light,,,Static red light viewed,11/01/2024,27.5875357,-82.4250941,
11/01/2024 21:30,ROME,OR,USA,Unknown,,,Two lights maneuvering quickly on the horizon,11/02/2024,42.8382959,-117.6285163,
11/02/2024 19:53,FORT LIBERTY,NC,USA,Light,,,Object emitting light seems to be moving at a significantly fast a steady speed across sky and then vanishes,11/02/2024,35.140311,-79.1541465,
11/02/2024 20:20,CHARLOTTESVILLE,VA,USA,Orb,,,Three purple lights hovering heading east,11/02/2024,38.029306,-78.4766781,
11/01/2024 19:00,ESTILLFORK,AL,USA,Other,,,Saw a T shaped light low in SW sky for about 10 minute.,11/02/2024,34.910086,-86.1705399,
11/02/2024 19:19,RAMEH,North District,Israel,Light,,,Glowing object goes up fast while a thunder storm,11/03/2024,32.9379719,35.3675664,
11/02/2024 23:00,RED LION,PA,USA,Star,,,3 or 4 lights that first appeared to be stars but they were moving back and forth and up and down,11/02/2024,39.9009334,-76.6058001,
11/03/2024 19:00,BOUS,Remich,Luxembourg,Unknown,,,"A large, silent, unidentified flying object with white and red lights appeared above our car and then disappeared",11/03/2024,49.5472242,6.3450396,
11/02/2024 19:20,PORTLAND,ME,USA,Formation,,,Saw 3 lights to the SE in a huge triangle formation,11/03/2024,43.6573605,-70.2586618,
11/03/2024 17:40,MCMINNVILLE,OR,USA,Triangle,,,"3 Triangle Light cluster formation over McMinnville, OR",11/03/2024,45.2100367,-123.194463,
11/03/2024 18:00,MCMINNVILLE,OR,USA,Formation,,,4 craft in formation moved slowly west to east,11/03/2024,45.2100367,-123.194463,
11/03/2024 03:00,LAKEWOOD,WA,USA,Other,,,I reported ufo/alien sightings and then one came and tried to scare me. From reporting.,11/04/2024,47.1717649,-122.518458,
11/01/2024 21:20,LAKEVIEW,OR,USA,Light,,,Bright white light moving at very high speeds,11/04/2024,42.1887721,-120.345792,
11/03/2024 14:30,POUGHKEEPSIE,NY,USA,Sphere,,,Observed small metallic sphere fly low directly overhead.,11/04/2024,41.7065539,-73.9283672,
11/02/2024 20:37,,CA,USA,Triangle,,,"Triangular formation of lights, Pyramid, sustained interaction.",11/04/2024,36.7014631,-118.755997,
11/04/2024 17:39,NEW YORK,NY,USA,Triangle,,,Ufo or Uap seen in sky around New York,11/05/2024,40.7127281,-74.0060152,
11/04/2024 17:32,COMMACK,NY,USA,Circle,,,They have intelligence,11/05/2024,40.8393515,-73.2858994,
11/03/2024 05:37,MARGATE,FL,USA,Orb,,,I have a video I filmed myself,11/05/2024,26.2445263,-80.206436,
11/04/2024 20:25,CHILLOWIST,WA,USA,Light,,,Commercial aircraft reported three triangular lights above their position at FL360,11/04/2024,48.304039,-119.6370008,
11/04/2024 21:35,INGLIS,FL,USA,Rectangle,,,"It was glowing like a rocket but then the flames seemed to die out as the object slowed to almost a complete stop. Then, the sky lit up",11/04/2024,29.0302514,-82.6687161,
11/01/2024 22:28,KNOXVILLE,TN,USA,Light,,,A white light moved in a tight circle at a slow speed for more than an hour according to witnesses that pointed it out to me.,11/04/2024,35.9603948,-83.9210261,
11/04/2024 21:40,HILTON HEAD ISLAND,SC,USA,Changing,,,"Saw an orange, shimmering, shifting, maybe even gaseous, ball of light traveling across the sky.",11/04/2024,32.1618488,-80.7512616,
11/04/2024 18:20,BOARDMAN,OR,USA,Light,,,"Saw what we thought was a shooting star, but it was MUCH too big/bright and traveled straight into the horizon.",11/04/2024,45.839855,-119.700583,
11/01/2024 20:00,DOURO-DUMMER,ON,Canada,Cone,,,Saw UFO with flashing ring lights on HW 28,11/05/2024,44.4502138,-78.1052348,
11/02/2024 20:01,SAINT JOHNS,FL,USA,Triangle,,,"Triangle with one light in each corner, every light was a different color crossing east to west",11/05/2024,29.9032284,-81.4145468,
11/04/2024 03:54,MILLCREEK,UT,USA,Flash,,,The light appeared in my camera frame and stayed in view until it passed my house,11/05/2024,40.6992918,-111.855583,
11/05/2024 23:00,CASTELO BRANCO,Castelo Branco District,Portugal,Unknown,,,I saw a wall of light rainbow,11/05/2024,39.8266322,-7.4919318,
11/06/2024 07:50,DILLSBURG,PA,USA,Oval,,,"I was at the bus stop with daughter and she points out the craft. It made no sound, didn’t appear to be any army or normal craft.",11/06/2024,40.1109413,-77.0358059,
11/06/2024 20:32,PANAMA CITY,FL,USA,Circle,,,Hovered above the tree line in the south southwestern sky far away and after about 45 seconds it started moving towards the south,11/06/2024,30.1586518,-85.6602936,
11/06/2024 21:30,DELAFIELD,WI,USA,Circle,,,"Saw a non moving blue light with a bell-shaped object inside the light, didn’t move for at least 3 hours",11/06/2024,43.0594237,-88.4040172,
11/04/2024 21:45,OTTSVILLE,PA,USA,Cigar,,,"Appearing through the trees, the light held our attention and then got sucked up skywards and disappeared, only to reappear to the left",11/06/2024,40.4731586,-75.1610067,
11/06/2024 07:14,COLVILLE,WA,USA,Chevron,,,From middle of valley to mountain,11/06/2024,48.5465695,-117.905537,
11/07/2024 01:08,SCAPPOOSE,OR,USA,Changing,,,"Light in SE sky that is multi colored, bobbing around, stay in same place, occasionally flashes, thru binoculars is almost churning",11/07/2024,45.7572997,-122.8743589,
11/07/2024 08:00,PITTSFORD,VT,USA,Cylinder,,,Sentient phenomena experiences time line of events,11/07/2024,43.70636,-73.0277504,
11/07/2024 22:13,MURRIETA,CA,USA,Other,,,"Collection of small bright lights hovering, moving, dispersing, and coming back together.... would disappear together and come back",11/07/2024,33.560832,-117.210656,
11/07/2024 15:46,VERONA,OH,USA,Cigar,,,A silver metallic object was sighted moving at incredibly slow speeds and then disappeared into thin air.,11/07/2024,39.901729,-84.50492,
11/07/2024 18:48,BEMIDJI,MN,USA,Orb,,,Bizarre light's moving in a line.,11/07/2024,47.4723148,-94.8832791,
11/07/2024 19:49,ST. CLAIR SHORES,MI,USA,Sphere,,,"Small blue orb, initially thought it was a drone, but there was no sound coming from it and it moved way too fast",11/07/2024,42.4969652,-82.8890965,
11/07/2024 21:17,HOPKINS,MN,USA,Formation,,,U shaped formation of lights moving quickly across the sky shifting inwards and outwards,11/07/2024,44.9243986,-93.4114487,
11/08/2024 00:35,SPARKS,NV,USA,Unknown,,,I was looking at the stars then I turning around and a weird shaped object flew over around 60 ft over me and disappeared around 90 ft,11/08/2024,39.5404679,-119.7487235,
11/08/2024 05:25,RUSSELL,MA,USA,Other,,,Visually Chelyabinsk scale formation from star-like dot that traveled a minimum of ten time faster than a MIRV.,11/08/2024,42.1898446,-72.8559729,
11/07/2024 21:00,SOUTH BRISTOL,ME,USA,Cube,,,Bright lites in night sky at approx 25 degrees elevation distance 5-10 miles circular shape,11/08/2024,43.8639192,-69.5588188,
11/09/2024 05:42,MARLBOROUGH,MA,USA,Formation,,,Potentially airplane lights but would have to be close to 5 times the size of a commercial airplane,11/09/2024,42.3468589,-71.5525188,
11/08/2024 22:15,OCEANSIDE,CA,USA,Oval,,,Saw likely helicopter shine phosporescent light quickly then to its southeast a dimly lit large object move away quickly,11/08/2024,33.1958696,-117.379483,
11/03/2024 19:27,FRANKLINTON,NC,USA,Light,,,"Ovular white light, pulsating in intensity, maybe 100 ft above the tree line.",11/08/2024,36.1018163,-78.4580543,
11/07/2024 12:00,SEASIDE,OR,USA,Triangle,,,Cloaking While Scanning Me/My House,11/08/2024,45.993246,-123.920213,
11/07/2024 16:00,PETALUMA,CA,USA,Cylinder,,,A slow moving cylinder either emitting white light or highly reflective shimmer.,11/08/2024,38.2325829,-122.636465,
11/08/2024 20:35,WEST DEPTFORD,NJ,USA,Fireball,,,A fireball traveling in the night,11/08/2024,39.832362,-75.1888708,
11/09/2024 11:30,SANDIA PARK,NM,USA,Oval,,,"Saw object above a SWA flight. It turned to follow A/C for 3-4 secs, then transited South. Some heading changes. Very fast",11/09/2024,35.1679513,-106.365385,
11/08/2024 19:45,VALDOSTA,GA,USA,Circle,,,Flashing green circular object flying erratically in the sky at high rates of speed doubling back and changing altitudes in an instant,11/09/2024,30.8327022,-83.2784851,
11/09/2024 22:37,NYKARLEBY,,Finland,Unknown,,,Standing on its place on a very high altitude to the west of my location very high in sky! Looked at it for 5 min then it disappeared!,11/09/2024,63.5222473,22.5284347,
11/07/2024 19:15,WHITEFIELD,ME,USA,Unknown,,,Myself and one other person witnessed two separate blinks in three seperate intervals.,11/09/2024,44.1700735,-69.6253223,
11/09/2024 17:10,EL PASO,TX,USA,Rectangle,,,Two white rectangular shapes approached each other and continued course in opposite direction,11/09/2024,31.7601001,-106.4870476,
11/09/2024 19:05,BUFFALO,NY,USA,Light,,,"Bright, silent light making multiple right angle turns in the sky",11/10/2024,42.8864163,-78.8781493,
11/10/2024 05:45,SOUTHINGTON,CT,USA,Light,,,"I saw a distant light in the sky traveling west to east directly overhead and going at a very rapid speed, followed by 10 more.",11/10/2024,41.6005435,-72.8782941,
11/10/2024 00:06,DURANT,OK,USA,Circle,,,I was out stargazing and looking for any UFO’s I didn’t expect to actually see one. Three circles in the sky defying gravity and physic,11/09/2024,33.9919761,-96.3776762,
11/05/2024 09:33,CHEPES,La Rioja Province,Argentina,Light,,,"Mutilated animals were found, and townspeople also reported sightings (strange lights in the sky).",11/09/2024,,,
11/08/2024 18:33,IRONWOOD,MI,USA,Unknown,,,Object moving south to north looking west of Ironwood,11/09/2024,46.4555673,-90.1684371,
11/04/2024 21:38,ATLANTIC CITY,NJ,USA,Oval,,,Silient dark object traveling through mist over the ocean.,11/09/2024,39.3642852,-74.4229351,
11/09/2024 03:00,WRENTHAM,MA,USA,Circle,,,"Woke up to see lights through skylights, got up, went outside, looked up to the sky, and saw multiple lights crisscrossing each other",11/09/2024,42.0667652,-71.3281114,
11/09/2024 21:37,BROCKTON,MA,USA,Circle,,,Metallic circular with a bulge at the top similar to a jetson mobile,11/10/2024,42.0834335,-71.0183787,
11/10/2024 16:32,LANCASTER,KY,USA,Sphere,,,"Orb came from behind two odd Hovered over the river 15 feet from me, it expanded then contracted like it was breathing then flew off",11/10/2024,37.6195246,-84.5779957,
11/10/2024 17:00,DUCHESS LANDING,OK,USA,Diamond,,,It kept going from point a in the sky to point b and back and back,11/10/2024,35.3953045,-95.4156265,
11/01/2024 17:18,HOUSTON,TX,USA,Disk,,,"I saw a disk like craft, it was silver and then it was followed up by two black flying objects that looked like bats.",11/10/2024,29.7589382,-95.3676974,
11/10/2024 18:40,GRAND LEDGE,MI,USA,Circle,,,At least 10 circular white lights flying in a triangle pattern very high up in the sky.,11/10/2024,42.7524401,-84.7463572,
11/10/2024 18:00,,IA,USA,Unknown,,,Something passed under plane and did not look like a plane,11/10/2024,41.9216734,-93.3122705,
11/10/2024 19:21,CHWITER,Marrakech-Safi,Morocco,Orb,,,Orbs of light with changing colors which moved fast afterwards,11/10/2024,31.5766491,-7.8107131,
11/10/2024 14:38,FORT COLLINS,CO,USA,Orb,,,"1-15 metallic light orbs formed triangles and pulsed light, appearing and disappearing",11/10/2024,40.5871782,-105.0770113,
11/10/2024 21:35,BRADENTON,FL,USA,Formation,,,Four lights moving four times the speed of a commercial jet if not more,11/10/2024,27.4989278,-82.5748194,
11/10/2024 18:45,SCOTTSDALE,AZ,USA,Star,,,While walking my dog I noticed a flash near some stars that then looked like a moving star,11/10/2024,33.4942189,-111.926018,
11/07/2024 07:40,SHELBY,OH,USA,Unknown,,,I saw what looked like a massively oversized B-17 flying fortress that moved and existed impossibly.,11/10/2024,40.3491604,-84.1593008,
11/01/2024 16:30,ATLANTA,GA,USA,Circle,,,Interesting small circular crafts flying near Delta Flight 1362 from Dayton to Atlanta.,11/10/2024,33.7544657,-84.3898151,
11/10/2024 20:23,HAGARSTOWN,IL,USA,Diamond,,,Sighted in sky westbound 3 objects in triangle formation,11/10/2024,38.943379,-89.1684029,
11/10/2024 19:06,GILBERT,AZ,USA,Orb,,,6 Glowing Red Orbs,11/10/2024,33.3527632,-111.789037,
11/10/2024 22:20,SEVIERVILLE,TN,USA,Light,,,"Moving light slowly zigzagging and wobbling, sometimes doubling back to a previous position",11/10/2024,35.8672932,-83.5657167,
11/10/2024 19:00,CARROLL,IA,USA,Light,,,Object headed west at high rate of speed,11/10/2024,42.0193628,-94.860335,
11/02/2024 20:40,HARMAN,WV,USA,Formation,,,Formation of lights over mountain,11/11/2024,38.9224357,-79.5251648,
11/10/2024 12:33,BALNEÁRIO CAMBORIÚ,State of Santa Catarina,Brazil,Circle,,,White object making sharp direction changes behind building.,11/11/2024,,,
11/11/2024 02:14,PHILADELPHIA,PA,USA,Light,,,I saw a very bright light coming from the sky as I was in my house. It made no noise at all. I went outside and it was gone.,11/11/2024,39.9527237,-75.1635262,
11/11/2024 09:34,FALLBROOK,CA,USA,Sphere,,,High altitude aircraft impossible maneuvering,11/11/2024,33.3663105,-117.2232672,
11/10/2024 19:20,MALINALCO,Mexico,Mexico,Circle,,,Hovering over a pyramid that can be seen from our balcony,11/11/2024,18.893826,-99.4941623,
11/10/2024 18:30,ARROYO HONDO,NM,USA,Orb,,,"Saw object in western sky, then it moved rapidly to eastern sky as if it knew I was watching it",11/11/2024,36.5358733,-105.669725,
11/11/2024 13:00,PHOENIX,AZ,USA,Other,,,"I saw an S shaped object with no wings or engine I could see flying past my plane. We were descending at about 20,000 feet.",11/11/2024,33.4484367,-112.074141,
11/10/2024 11:45,RIO VISTA,CA,USA,Oval,,,"Object traveled at great speed of about 80-90 mph, at a height of about 10 ft from the ground approx. 15 ft from where I stood",11/11/2024,38.1557502,-121.6913439,
11/09/2024 02:56,LINCOLN PARK,MI,USA,Other,,,"Crescent shape moving eastward, about cloud line moving at a decent speed",11/11/2024,42.2505943,-83.1785361,
11/11/2024 19:47,CLINTON TOWNSHIP,MI,USA,Cone,,,light traveling slow north to south,11/11/2024,42.5869782,-82.9200047,
11/11/2024 19:16,PAWTUCKET,RI,USA,Light,,,Orange light went from stationary for over an hour to moving then shoot off,11/11/2024,41.8789531,-71.3821203,
11/09/2024 21:15,MONTPELIER,ID,USA,Triangle,,,"Fast moving lights fairly low flying , no noise.",11/11/2024,42.3221498,-111.2977044,
11/11/2024 20:23,CALERA,OK,USA,Changing,,,"It flew straight across the sky, then very quickly backwards, then shot straight forward past viewpoint while morphing in shape.",11/11/2024,33.9345433,-96.4286022,
11/06/2024 02:47,KNOXVILLE,TN,USA,Rectangle,,,Craft was diving 2 long blue lights seemed to be bottom of craft I thought it was gonna crash then changed direction and was gone,11/11/2024,35.9603948,-83.9210261,
11/11/2024 18:16,WILLASTON,Nantwich,United Kingdom,Disk,,,We saw over 20 of these discs flying in the air and they had a few green lights flashing. One or two sped up to catch the rest of them.,11/12/2024,53.0677791,-2.4795012,
11/10/2024 23:30,AQUINO,Lazio,Italy,Circle,,,"The object was a perfect circle, similar in size to a car wheel.",11/12/2024,41.491119,13.70471,
11/11/2024 21:58,CHESTER-LE-STREET,England,United Kingdom,Triangle,,,In the dark looking at stars waiting for my bus and saw a purple triangular shaped aircraft with bright LED circular lights,11/12/2024,54.8543237,-1.5750431,
11/01/2024 13:56,LOMBARD,IL,USA,Egg,,,Small object about size of a light bulb reflecting the sun off the surface of it. Observed for about 4-5 blocks as car was traveling.,11/12/2024,41.8864687,-88.0201536,
11/12/2024 19:10,VENDAS NOVAS,Distrito de Évora,Portugal,Light,,,Bright and high light in the sky,11/12/2024,38.6773855,-8.4552427,
10/01/2024 19:00,SAINT ALBANS,WV,USA,Orb,,,It was huge yellow orb hovering behind cloud . Sun was at 86 degrees sww.,10/01/2024,38.3856488,-81.836241,
10/01/2024 20:30,MILLIKEN,CO,USA,Triangle,,,Triangle shape with three reddish lights flying fast west no sound 300ish yards above us,10/01/2024,40.3294268,-104.85525,
10/01/2024 23:05,WEST ALLIS,WI,USA,Changing,,,"Wow, don't know if each light was a craft or the 7 lights was 1 because the formation was perfect.",10/01/2024,43.0166806,-88.0070315,
10/02/2024 00:57,DESTIN,FL,USA,Chevron,,,I looked up and saw this huge slightly bright orange arrow moving across sky then saw it again though further away going the other way,10/01/2024,30.3935337,-86.4957834,
10/02/2024 05:19,SPOKANE,WA,USA,Star,,,"Looking north, beginning a morning stretch and 'ping!' ""bogey!"" to the West",10/02/2024,47.6571934,-117.42351,
10/02/2024 21:32,PALMYRA,NY,USA,Light,,,"Strange moving light in the sky to the north and slightly west. Definitely not an airplane, drone, satellite or Chinese lantern.",10/02/2024,43.0636531,-77.232256,
10/02/2024 22:15,ELLSWORTH,ME,USA,Rectangle,,,Saw a green object that was very high rate of speed. Then became stationary. Just set there and than the object began blinking .,10/03/2024,44.5414596,-68.4243599,
10/01/2024 19:30,ARIVACA,AZ,USA,Light,,,A number of high altitude lights that appeared to be exiting the atmosphere.,10/03/2024,31.5769832,-111.3306751,
10/03/2024 19:19,WHITEHAVEN,England,United Kingdom,Light,,,Four lights over 5 minutes travelling from south east to north west - no sound whatsoever,10/03/2024,54.5474199,-3.5885335,
10/02/2024 03:30,ALMONT,MI,USA,Light,,,Moving lights in the sky identical to sighting on December 13 2023,10/03/2024,42.9205842,-83.0449348,
10/04/2024 15:10,SOUTH OCKENDON,England,United Kingdom,Light,,,Saw a light in the sky and watched it caught it on camera and video,10/04/2024,51.5093771,0.2827942,
10/04/2024 19:40,VIRAR,Maharashtra,India,Circle,,,"Bigger and bright than comet, speedier than rocket. Vanished in thin air in 2-3 secs. Sky was not cloudy.",10/04/2024,19.4497996,72.8120613,
10/03/2024 21:53,NORFOLK,VA,USA,Sphere,,,"I saw a white and green object falling from the sky, moving relatively fast, no sound or trail. One solid light. Round.",10/04/2024,36.8493695,-76.2899539,
10/03/2024 19:15,MECHANICSBURG,PA,USA,Light,,,From parking lot around Commerce drive a light was visible which I thought was an aircraft on approach to HIA.,10/04/2024,40.2101972,-77.0047276,
10/03/2024 05:08,ROME,NY,USA,Disk,,,It was the size of 2 rice grains on top of each other.,10/04/2024,43.2102196,-75.4583956,
10/03/2024 00:06,HOOFDDORP,North Holland,Netherlands,Orb,,,Light orbs moving in two circuits for a long time period,10/05/2024,52.305554,4.6926644,
10/05/2024 03:17,DALLAS,TX,USA,Changing,,,Stationary object,10/05/2024,32.7762719,-96.7968559,
10/03/2024 19:37,SEASIDE,OR,USA,Triangle,,,"200' el S-N, approach, 2 bright lights on far points of triangular base, 3rd light, large, convex retreating flying backwards, NO sound",10/05/2024,45.993246,-123.920213,
10/05/2024 22:28,PULTNEYVILLE,NY,USA,Oval,,,UFOs during the Aurora Borealis,10/05/2024,43.2749612,-77.1822734,
10/05/2024 20:50,ROCKWALL,TX,USA,Cigar,,,"An oddly-shaped metallic object, with no lights on, and no sound, flew overhead at a steady, moderately fast pace, in a straight line.",10/05/2024,32.8923464,-96.4066987,
10/05/2024 20:03,MARYSVILLE,WA,USA,Orb,,,I saw a bright amber orb in the sky that vanished from sight as if flew in a southern heading for 45 seconds.,10/05/2024,48.0517429,-122.1768209,
10/05/2024 19:55,TUCSON,AZ,USA,Fireball,,,3-5 fireball like crafts in the southern sky that flipped around each other & then disappeared,10/05/2024,32.2228765,-110.974847,
10/05/2024 23:35,STOCKTON,CA,USA,Circle,,,"There were no clouds in sky and no wind. I saw a cloud shape circle moving quickly in the sky, not too high up.",10/06/2024,37.9577016,-121.290779,
10/05/2024 20:15,MOLINE,IL,USA,Orb,,,My wife and I saw a red light slowly moving across the sky to the south of us moving in an eastward direction. Haze shrouded clear sky.,10/06/2024,41.5062584,-90.5162558,
10/06/2024 19:06,HAMIRPUR,Himachal Pradesh,India,Chevron,,,Chevron shape but its arms were long thin and have little curve in it,10/06/2024,31.6539866,76.5403633,
10/05/2024 22:15,MENLO PARK,CA,USA,Star,,,Like a little star going a a constant speed pulling a u turn at zooming off at high speeds,10/06/2024,37.4519671,-122.177992,
10/05/2024 11:45,LOUISVILLE,OH,USA,Cylinder,,,Our cameras captured on 3 different cameras a ufo landing in the woods behind our house. After it landed we saw lights in the woods.,10/06/2024,40.8375307,-81.2595731,
10/06/2024 13:00,WARMINSTER,PA,USA,Circle,,,"At about 1:00 pm, I was walking my dog. I heard a small plane overhead and looked up and saw distance small white circle in the sky.",10/06/2024,40.2067751,-75.0996159,
10/06/2024 11:40,ARLINGTON,WA,USA,Unknown,,,"I was walking out the front door, taking my dog out when I saw a very shiny object high in the sky.",10/06/2024,48.1896827,-122.1288887,
10/06/2024 16:35,BLAIR,NE,USA,Circle,,,My sons and I were playing in our backyard when we spotted the UAP’s,10/06/2024,41.5438035,-96.1360014,
10/06/2024 20:24,HANSON,KY,USA,Unknown,,,Two bright white lights flashing and not flying in a straight line.,10/06/2024,37.4172671,-87.4808336,
10/05/2024 21:35,BROOKFIELD,IL,USA,Flash,,,Facing east I witnessed a comet like shape long green flash of light descending low in the sky,10/06/2024,41.8228378,-87.848085,
10/06/2024 08:00,WALDPORT,OR,USA,Light,,,"Seen multiple bright, distant object shining periodically in the sky that was not detected by satellite or flight radar, even vanishing",10/06/2024,44.4270215,-124.0672101,
10/07/2024 06:58,DECATUR,GA,USA,Circle,,,It kept hovering around..as if it was searching for something,10/07/2024,30.8736613,-84.5740953,
10/06/2024 21:15,MOLALLA,OR,USA,Other,,,A bright light traveling above a commercial aircraft.,10/07/2024,45.1473445,-122.577032,
10/03/2024 21:45,ELOY,AZ,USA,Changing,,,Pulsating eratic movements,10/07/2024,32.7551703,-111.553493,
10/06/2024 21:15,MOLALLA,OR,USA,Other,,,A bright light traveling above a commercial aircraft.,10/07/2024,45.1473445,-122.577032,
10/07/2024 22:31,LAFAYETTE,IN,USA,Orb,,,Sighted by my cousin and some of his coworkers just outside Lafayette e Indiana,10/07/2024,40.4191229,-86.8919011,
10/08/2024 00:45,GOLDEN,CO,USA,Orb,,,I started to hear weird humming noises and multiple aircrafts flying over head,10/08/2024,39.7546349,-105.22058,
10/07/2024 22:40,DESTIN,FL,USA,Chevron,,,Very large V shaped craft,10/08/2024,30.3935337,-86.4957834,
10/08/2024 09:30,ROCHESTER,IN,USA,Rectangle,,,This was not a physical sighting. It was observed in a Doppler radar return,10/08/2024,41.0648846,-86.2159959,
10/07/2024 22:00,BOISE,ID,USA,Oval,,,White blinking light,10/08/2024,43.6166163,-116.200886,
10/08/2024 08:19,LOS ANGELES,CA,USA,Circle,,,I woke up and then I looked out my window and I saw a circular aircraft with gray and green lights.,10/08/2024,34.0536909,-118.242766,
10/08/2024 05:10,SPRING HILL,FL,USA,Disk,,,I was outside with dog and looked up at the sky and saw a disc shaped object with about 10-15 orange/yellow lights in the sky.,10/08/2024,28.483576,-82.5338633,
10/08/2024 19:22,WARREN PARK,IN,USA,Diamond,,,Not sure if UFO or spy balloon,10/08/2024,39.7819866,-86.0502615,
10/08/2024 09:59,LEXINGTON,KY,USA,Star,,,"I was looking at, what I thought was a formation of 3 stars. 2 moved, I then saw 3 other star like lights.",10/08/2024,38.0464066,-84.4970393,
10/08/2024 20:10,LAGRANGE,GA,USA,Sphere,,,"2 different colored hovering and zig zagging UAPs spotted in Lagrange, GA",10/08/2024,33.039291,-85.0313269,
10/09/2024 00:35,HUNTINGTON,WV,USA,Cube,,,Very bright light with white and blue in eastern sky about 45 degree angle.,10/08/2024,38.4192496,-82.445154,
10/08/2024 03:52,VISTA,CA,USA,Unknown,,,"Saw dozens of light brightening and dimming seemed to be descending into the atmosphere, no navigation lights viewed through telescope",10/09/2024,33.2021425,-117.2424805,
10/09/2024 20:56,SINGAPORE,,Singapore,Teardrop,,,Teardrop shaped object circled sun and moved on in northwards direction,10/09/2024,1.2899175,103.8519072,
10/06/2024 17:46,HODGE'S COVE,NL,Canada,Oval,,,"I was driving and saw this object. Looked like white painted metal. No wings, nor lights. No visible windows, No audible sound no trail",10/09/2024,48.0128739,-53.7413005,
10/05/2024 21:03,KASOAG,NY,USA,Light,,,This sighting included multiple lights with unusual behavior and formation patterns,10/09/2024,43.461459,-75.9235274,
10/04/2024 07:32,POMPANO BEACH,FL,USA,Cube,,,At 7:30 on the morning of 10/4/2024 observed stationary object in the sky that was white with a rectangular cubed shape,10/09/2024,26.2378597,-80.1247667,
10/07/2024 21:30,MONTEREY,CA,USA,Chevron,,,"~7 lights in shape of 120 triangle/chevron, was very high, travelled very fast, silent, lights were similar to satellites",10/09/2024,36.2231079,-121.387742,
10/09/2024 19:53,ZAGREB,,Croatia,Light,,,Formation flying in circle.,10/09/2024,45.8130967,15.9772795,
10/08/2024 19:50,FLORENCE,MS,USA,Unknown,,,Snapped a photo of the sky and noticed the object after the fact in the picture,10/09/2024,32.1534836,-90.1311971,
10/09/2024 19:45,NORTH MANKATO,MN,USA,Orb,,,Two blinking orange orbs,10/09/2024,44.1732916,-94.0338055,
10/10/2024 00:45,FREDERICK,MD,USA,Orb,,,"Responded to our asking? ""Jumping"" movements, along with slow but steady 'gliding'. Many videos taken.",10/09/2024,39.415779,-77.4127562,
10/06/2024 13:24,EAST ISLIP,NY,USA,Orb,,,Looking at hawks circle and captured a bright stationary orb.,10/10/2024,40.722918,-73.1834256,
10/07/2024 22:16,FLAT ROCK,NC,USA,Orb,,,"Witnessed 3-4 UAP with varying flight patterns (left-right, up-down). Lights would brighten then dim. 1 larger ship, 2-3 smaller orbs",10/10/2024,35.271228,-82.441508,
10/08/2024 19:45,FLAT IRON,IN,USA,Light,,,Four lights seen appeared to be a pair of cloaked/camouflaged crafts each with two propulsion exhausts disappear/reappear further away,10/10/2024,40.0533708,-87.4900163,
10/11/2024 01:15,DAYTONA BEACH,FL,USA,Cylinder,,,Moved at the speed of a satellite but it didn’t shine light back,10/10/2024,29.2108147,-81.0228331,
10/11/2024 12:30,CHELMSFORD,England,United Kingdom,Disk,,,Seen on video whilst trying to capture northern lights,10/11/2024,51.7345329,0.4730532,
10/11/2024 00:26,MARYSVILLE,WA,USA,Triangle,,,5 objects in arrow formation moving 10x faster than any satellites.,10/11/2024,48.0517429,-122.1768209,
10/10/2024 22:45,RICHMOND,BC,Canada,Chevron,,,A chevron with 5 lights pointing towards ground flew by for about 10 seconds low flying at an incredible speed.,10/11/2024,49.163168,-123.137414,
10/11/2024 14:15,OWINGS MILLS,MD,USA,Other,,,About 80 feet above the trees right next to the highway I noticed a long grey tube floating. Seen while driving nowhere to pull over,10/11/2024,39.4041967,-76.7956745,
10/10/2024 20:15,SILVERDALE,KS,USA,Circle,,,"There were 3 objects, changing colors, and sometimes they moved fast and erractically and sometimes they were stationery.",10/11/2024,37.0434307,-96.9033458,
10/10/2024 16:05,MISSISSAUGA,ON,Canada,Egg,,,Following an aircraft on final approach to Pearson Airport,10/11/2024,43.5884727,-79.643658,
10/11/2024 03:30,RANCHO MURIETA,CA,USA,Other,,,"Traveling West 1500 ft Elevation, decending. Shape of Fat Polliwog. Lite white lights one blinking. No Engine noise.",10/11/2024,38.5100621,-121.0650471,
10/07/2024 20:40,SHELBYVILLE,KY,USA,Triangle,,,"Greyish, triangular, 3 lights, no sound, extremely fast",10/11/2024,38.2110702,-85.217294,
10/10/2024 23:04,OAK HARBOR,WA,USA,Orb,,,I was out looking at the Aurora Borealis and up out of the Dugualla Bay water pops up this Blueish Gray circular Orb.,10/11/2024,48.2931559,-122.643224,
10/11/2024 19:30,THORNDON,England,United Kingdom,Formation,,,Formation very fast,10/12/2024,52.2860565,1.1292616,
10/11/2024 22:35,ŁÓDŹ,Województwo łódzkie,Poland,Other,,,The object in the shape of a V moving slowly above the building.,10/12/2024,51.7728245,19.4784857,
10/12/2024 13:30,URBANA,IL,USA,Rectangle,,,It was hovering then shot up and disappeared.,10/12/2024,40.1117174,-88.207301,
10/12/2024 17:53,BATUMI,Adjara,Georgia,Oval,,,"One object, metallic colour, was moving slowly above the sea, far in the sky, above the planes and clouds.",10/12/2024,41.6509502,41.6360085,
10/11/2024 20:00,NORWALK,CT,USA,Orb,,,"Two orbs of light at a fixed distance apart, too far to be a plane's wing tips - descending/gliding away from any airport into a valley",10/12/2024,41.1175966,-73.4078968,
10/10/2024 07:20,DARLINGTON,SC,USA,Cigar,,,Happened to see a bright white dot moving across the sky that was very noticeable,10/12/2024,34.3609331,-79.9438572,
10/09/2024 22:00,LUWEERO,Central Region,Uganda,Circle,,,They lifted me up and the crafts were moving around us while we were seated onto an object like a moon,10/12/2024,0.8456457,32.601848,
10/10/2024 20:55,JOSHUA TREE,CA,USA,Chevron,,,Three chevron shaped crafts extremely close together in a line flew across a portion of the sky before disappearing,10/13/2024,34.123375,-116.3128656,
10/12/2024 23:58,ALVA,FL,USA,Light,,,"Very slowly moved across the sky for about 5 seconds, stopped for 20, slowly got dim, then abruptly flew away and disappeared.",10/12/2024,26.720693,-81.6239914,
10/11/2024 19:15,WILMAR,AZ,USA,Orb,,,This has showed up 3 nights in a row along with a flash of light in another area.,10/14/2024,33.6268264,-91.9298018,
10/12/2024 20:45,LAUREL,MD,USA,Light,,,White circular orbs/lights in sky,10/13/2024,39.0984317,-76.8485094,
10/13/2024 21:32,BROKEN ARROW,OK,USA,Triangle,,,"Faint white line, in the shape of a wide V, silent, flying from north to south at approximately 5k feet",10/13/2024,36.0525993,-95.7908195,
10/03/2024 20:35,SMITHSBURG,MD,USA,Flash,,,"Flash of light, object appeared out of nowhere and flew off.",10/13/2024,39.6548186,-77.5727681,
10/06/2024 16:50,COLORADO SPRINGS,CO,USA,Sphere,,,"BI looked, 70 angle and saw a big sphere object stationary. Then it flickered off blended to blue. Saw outline 5 more seconds",10/13/2024,38.8339578,-104.825348,
10/10/2024 20:45,JOSHUA TREE,CA,USA,Chevron,,,"The ship was otherworldly. It wasn’t just a metal structure, it wasn’t just orbs of light - it looked like it was from a sci-fi movie.",10/14/2024,34.123375,-116.3128656,
10/14/2024 14:50,PITTSBURG,KS,USA,Changing,,,White flashing circle (?),10/14/2024,37.4108841,-94.70496,
10/14/2024 19:14,GEORGETOWN,TX,USA,Cigar,,,Noticed the trail in the sky so got my phone out and zoomed in and took the photo.,10/14/2024,30.6370152,-97.6775634,
10/10/2024 20:53,TAYLORSVILLE,GA,USA,Light,,,Five drone looking crafts creating a circle formation then drifting off and going back to a circle formation,10/14/2024,34.0862938,-84.9878581,
10/14/2024 23:04,BIXBY,OK,USA,Light,,,Extremely high lights in a triangular formation,10/14/2024,35.9420431,-95.8833235,
10/14/2024 11:30,SANTA ROSA,CA,USA,Chevron,,,"I was looking out my bedroom window when I saw two alien looking spacecrafts shoot right by, they were completely silent.",10/15/2024,38.4404925,-122.7141049,
10/15/2024 02:13,BLUFFTON,SC,USA,Triangle,,,Extremely large ship flying high and straight.,10/15/2024,32.2371465,-80.8603868,
10/12/2024 19:50,MARSHALL,TX,USA,Orb,,,Initial 3 colors of light. Then changed colors as it seemed to pulse.,10/15/2024,32.5447756,-94.3661004,
10/15/2024 19:40,FORT ANN,NY,USA,Orb,,,"Two white orbs, one eastbound, the other westbound.",10/15/2024,43.4143073,-73.4879808,
10/15/2024 19:39,STOUGHTON,WI,USA,Cigar,,,"my son and I were outside. We both saw it clearly, although it was dark and not illuminated no sound no lights direct path over our hea",10/15/2024,42.9167389,-89.2178997,
10/15/2024 18:10,NEW YORK,NY,USA,Unknown,,,Fast moving object,10/15/2024,40.7127281,-74.0060152,
10/02/2024 23:25,GLENDALE,CA,USA,Sphere,,,"An unknown luminous object flew parallel to my car, about 500 meters away",10/15/2024,34.1469416,-118.2478471,
10/26/2024 18:40,MEDFORD,OR,USA,Rectangle,,,Slow moving rectangular ufo,10/27/2024,42.3264181,-122.8718605,
10/27/2024 11:40,MILLIKEN,CO,USA,Cigar,,,"Two of them in the sky, very far. Had to zoom in with my Phone Galaxy",10/27/2024,40.3294268,-104.85525,
10/26/2024 16:30,WEST HOLLYWOOD,CA,USA,Circle,,,Observed black circular object.,10/27/2024,34.0923014,-118.3692894,
09/01/2024 01:16,SAEGERTOWN,PA,USA,Fireball,,,Fireball falling from sky then bright green flash,08/31/2024,41.7189447,-80.1475583,
09/02/2024 08:00,MOUNT VERNON,TX,USA,Circle,,,Bright light going fast then slow on different directions,09/02/2024,33.1890841,-95.2214564,
09/01/2024 01:33,LAKE STEVENS,WA,USA,Changing,,,"A fire-bright object appeared in the sky, changed intensity of brightness and vanished within a few seconds while going straight up",09/01/2024,48.0197794,-122.0660914,
09/02/2024 21:00,CRAWFORD CORNERS,OH,USA,Disk,,,I was driving north on Highway 71 and watched it for 3 minutes till i drove past.,09/02/2024,41.0100557,-82.0545938,
09/02/2024 00:20,CHELYAN,WV,USA,Changing,,,Driving S on Rt. 61 I noticed the clouds towards the SE were emitting this almost neon/electric blue color from behind it. Got a video,09/02/2024,38.1967725,-81.4875812,
09/02/2024 22:39,BEACH HAVEN,NJ,USA,Light,,,Flashing lights hovering,09/03/2024,39.5629516,-74.2405522,
09/03/2024 07:20,PAYSON,UT,USA,Other,,,Shiny object stationary in sky for at least 30 mins,09/03/2024,40.0443989,-111.7321518,
09/02/2024 18:35,KINNEGAD,County Westmeath,Ireland,Chevron,,,Watch the object as it crossed the sky until it went out of view,09/03/2024,53.4548146,-7.1011946,
09/03/2024 12:15,BELLWOOD,IL,USA,Teardrop,,,"Very similar to weather or research balloon, but no record found.",09/03/2024,41.8814184,-87.88319,
09/04/2024 01:01,RAIPUR,Chhattisgarh,India,Unknown,,,"Fast Moving , circular pattern , moving in swirls extreme fast , disappeared after unknown path within 15 minutes like vanish",09/03/2024,21.2380912,81.6336993,
09/04/2024 19:06,HANOVER,NJ,USA,Other,,,"Saw a small, silent, and fast object in the sky. It had a dark, flashing bottom line.",09/04/2024,40.8174216,-74.3954057,
09/03/2024 20:30,NORTHAMPTON,MA,USA,Diamond,,,Sighting of a black diamond shaped flying object about 30' wide with lights on each corner,09/04/2024,42.3178989,-72.6311006,
09/01/2024 23:19,OLANCHA,CA,USA,Changing,,,Witnessed a light flickering and glowing red/blue/green and moving the sky in a single area moving erratically.,09/04/2024,36.2702572,-117.9998312,
09/04/2024 23:50,GRAYSLAKE,IL,USA,Orb,,,Diffuse white light much larger than stars slowly appeared on a clear night.,09/05/2024,42.3433518,-88.0412192,
09/05/2024 20:00,BURNSVILLE,MN,USA,Chevron,,,"Altitude 5-6K feet, silent, no lights, very fast",09/06/2024,44.7670567,-93.2773887,
09/05/2024 14:45,NEW YORK,NY,USA,Fireball,,,I was filming myself skateboarding and noticed a UAP in the video afterwards. It crosses the length of the frame in an erratic path.,09/06/2024,40.7127281,-74.0060152,
09/01/2024 21:00,FALMOUTH,MA,USA,Light,,,Twin white lights moving in a mirror like exactness at high speed,09/06/2024,41.5514979,-70.6147519,
09/05/2024 19:33,NASHVILLE,TN,USA,Triangle,,,Floating lights with seemingly see through aircraft connected to them,09/05/2024,36.1622767,-86.7742984,
09/05/2024 20:25,SANTA CRUZ,CA,USA,Triangle,,,Saw triangle of lights hover over Bay (lifted up and then didn’t move again) and then fade into darkness,09/05/2024,37.050096,-121.99059,
09/05/2024 19:10,GALLATIN,TN,USA,Cigar,,,"Large, solid, cigar/pill shaped object spotted moving at slow rate of speed",09/05/2024,36.3883031,-86.4475898,
09/03/2024 12:05,SPALDING,MI,USA,Orb,,,It was about 500 ft from the ground going towards Escanaba at a constant speed.,09/05/2024,45.695833,-87.510438,
09/05/2024 20:00,SIKESTON,MO,USA,Light,,,White light in sky going north abruptly stopped mid flight and went upwards as if leaving atmosphere.,09/05/2024,36.876719,-89.5878579,
09/05/2024 20:23,BETHEL PARK,PA,USA,Orb,,,Fading Bright Orb,09/05/2024,40.3275697,-80.0394977,
09/05/2024 18:15,BRIAR CREEK,PA,USA,Cigar,,,"Cigar shaped craft, bright light, no noise, strange movements, seemed to appear and reappear.",09/06/2024,41.0459185,-76.2821589,
09/06/2024 13:00,DENVER,CO,USA,Unknown,,,Stationary white object west of Denver or front range,09/06/2024,39.7392364,-104.984862,
09/05/2024 20:16,MORENO VALLEY,CA,USA,Light,,,"I was taking a picture of the moon , still focusing for it , I took a test picture and notice the light .",09/06/2024,33.9375177,-117.2305791,
09/03/2024 20:28,ENFIELD,CT,USA,Light,,,2 lights slowly moving over car,09/06/2024,41.9767721,-72.5917113,
09/05/2024 18:00,LIVERPOOL,England,United Kingdom,Orb,,,3 Metallic orbs moving slowly and abruptly disappear,09/07/2024,53.3933411,-2.9166389,
09/05/2024 08:35,PAWLEYS ISLAND,SC,USA,Oval,,,Viewed with a witness in open sky with little cloud coverage,09/07/2024,33.4293486,-79.1215912,
09/07/2024 09:57,MELLE,Vlaams Gewest,Belgium,Circle,,,3 lights behind clouds turning around each other and then suddenly dissapeared,09/07/2024,,,
09/06/2024 20:51,CARBONDALE,CO,USA,Triangle,,,Three bright white lights forming a triangle with a slightly darker shade within the shape.,09/07/2024,39.4005647,-107.2112407,
09/07/2024 22:00,DEVINE,TX,USA,Circle,,,Thought it was a star at first,09/07/2024,29.1399633,-98.905306,
09/08/2024 00:57,ALGEMESÍ,Valencian Community,Spain,Circle,,,"There was a flying machine, with small flying machines around it, and then it experienced extreme acceleration, and there was no sound",09/08/2024,39.190758,-0.4357471,
09/08/2024 14:42,HAMPTON,VA,USA,Diamond,,,I saw a small dark diamond teardrop UAP,09/08/2024,37.0264414,-76.3442846,
09/08/2024 19:09,ASHBURN,VA,USA,Unknown,,,3 objects moved and disappeared.,09/08/2024,39.029784,-77.4744148,
09/05/2024 11:37,OCEANSIDE,CA,USA,Cigar,,,Tic tac shaped object that’s completely seamless with no visible signs of propulsion,09/08/2024,33.1958696,-117.379483,
09/08/2024 09:38,,,International Waters,Unknown,,,Flying from xianyang airport to London I was taking photos from the window and the object was moving fast in a weird pattern.,09/09/2024,-6.1817263,106.8159505,
09/08/2024 14:45,BERTRAM,TX,USA,Cigar,,,It only lasted a minute and it was a gray tube like thing. It was gliding along and it just faded quickly.This was not an airplane.,09/09/2024,30.7437645,-98.0554349,
09/09/2024 14:45,PIKEVILLE,KY,USA,Triangle,,,I was driving along Radio Rd when a large triangular craft flew across my line of vision and cast a half acre shadow across the ground,09/09/2024,37.4792672,-82.5187629,
09/10/2024 05:32,WASHINGTON,DC,USA,Light,,,Single bright light traveled across the sky,09/10/2024,38.8950982,-77.0363849,
09/10/2024 05:32,SMYRNA,DE,USA,Circle,,,Saw tiny bright dot with bright tail moving across the sky,09/10/2024,39.2998339,-75.6046494,
09/10/2024 05:30,NEW YORK,NY,USA,Cone,,,"An illuminated cone shape with trail — no sound, lost sight after it was obstructed by building and trees, moved in a smooth manner.",09/10/2024,40.7127281,-74.0060152,
09/10/2024 05:30,JARETTSVILLE,MD,USA,Orb,,,Single orb of light no blinking. Surrounded by haze on clear night.,09/10/2024,,,
09/10/2024 05:30,BRADLEY BEACH,NJ,USA,Cigar,,,Noticed object in sky to the east. A bright light illuminated the sky appeared to be scanning the area I was heading.,09/10/2024,40.2023355,-74.0120814,
09/10/2024 05:30,THOMASTON,CT,USA,Changing,,,Hovering object with 3-4 lights. Lights closed up and object darted across the sky. Only some fog/smoke was left behind.,09/10/2024,41.6739862,-73.073164,
09/10/2024 05:40,QUAKERTOWN,PA,USA,Circle,,,"Unidentified, brilliant, white circular object",09/10/2024,40.4417682,-75.3415667,
09/11/2024 10:00,NEW YORK,NY,USA,Orb,,,Orb seen traveling north from NYC.,09/11/2024,40.7127281,-74.0060152,
09/10/2024 20:56,SAN DIEGO,CA,USA,Orb,,,"I’m a Sky watcher, noticed a Color Orb Moving , started recording & when I zoomed in it was Changing colors like a star",09/11/2024,32.7174202,-117.162772,
09/06/2024 21:50,BENSON,AZ,USA,Light,,,Lights/orbs observed to the NW of property around 10pm every night since Sept. 6th.,09/11/2024,31.9679895,-110.2943314,
09/11/2024 19:25,QUESTA,NM,USA,Other,,,Observed a figure 8 shaped object as bright as the moon with binoculars and naked eye for 25 minutes in Northen New Mexico 7:25 MST.,09/11/2024,36.7042198,-105.5949,
09/11/2024 18:00,ARDEN HILLS,MN,USA,Formation,,,Formation of black rectangles low and fast across highway. No visible wings or tail fins,09/11/2024,45.0761409,-93.1666945,
09/12/2024 05:39,CHISAGO CITY,MN,USA,Light,,,Bright object drifting northeast from our home,09/12/2024,45.3735757,-92.8899376,
09/11/2024 08:31,HARRISON,AR,USA,Circle,,,Three very large perfectly round solid orange lights.,09/12/2024,36.2297936,-93.1076765,
09/09/2024 23:30,THEOTOKOS,,Greece,Orb,,,At 11:30pm I saw a green light in the sky and started recording on my phone.,09/12/2024,36.1171204,28.0654278,
09/12/2024 06:40,FISHERS,IN,USA,Light,,,Light with cone shaped cloud,09/12/2024,39.9555928,-86.0138729,
09/12/2024 05:38,ELMHURST,IL,USA,Orb,,,"Non moving hazy orb, split off and descended",09/12/2024,41.8994745,-87.9403418,
09/12/2024 05:35,MANKATO,MN,USA,Circle,,,It started as 1 white light with a haze around it then it started to pulse it got a little bigger a beam of light came straight down,09/12/2024,44.1658533,-94.0028013,
09/10/2024 21:00,GEORGINA,ON,Canada,Orb,,,"Orb slowly glided through atmosphere from West to East, no noise. Orb faded into dark then shot off to the South like a meteor",09/12/2024,44.2280235,-79.4644446,
09/05/2024 19:05,POUGHKEEPSIE,NY,USA,Chevron,,,Aircraft seen descending behind mountains in Hudson Valley,09/12/2024,41.7065539,-73.9283672,
09/12/2024 06:55,CONVERSE,IN,USA,Rectangle,,,Object with spot lights,09/12/2024,40.5779114,-85.8726173,
09/12/2024 05:35,NORTH AURORA,IL,USA,Orb,,,"Bright diffused light much larger than stars slowly moving Northeast, beams of light radiated off of orb, then disappeared.",09/12/2024,41.8061399,-88.3272952,
09/12/2024 21:30,SAN ANTONIO,TX,USA,Chevron,,,"Clear dark night, fast flashing white lights, very bright, from SW, two ufo dancing each other, irregular movement, 90 turn, back south",09/13/2024,29.4246002,-98.4951405,
09/13/2024 05:40,WAXAHACHIE,TX,USA,Other,,,Bright white wider than normal Star Trek Logo. 60 feet wide. 150 feet up. Shrunk into a sharper arrow shape. Shadow of cylinder(?),09/13/2024,32.3944908,-96.8439365,
09/09/2024 21:23,IMLAY CITY,MI,USA,Formation,,,"Random flashing lights traveling north to south, spread out over a distance with no sound.",09/13/2024,43.0247496,-83.0777153,
09/06/2024 11:00,WEST CHICAGO,IL,USA,Triangle,,,Bright object seen moving in an unconventional manner.,09/13/2024,41.8847507,-88.2039607,
09/13/2024 20:02,POLAND,NY,USA,Changing,,,There was a bright white light somewhat stationary but jiggling that move vertically then to the west followed by a red and white light,09/13/2024,43.225693,-75.06134,
09/13/2024 21:23,LEAVENWORTH,KS,USA,Chevron,,,Was hovering over cattle field with big spotlight then it moved quick with no sound.,09/13/2024,39.3113257,-94.922759,
09/09/2024 11:00,HOOSICK FALLS,NY,USA,Cigar,,,Just happened to notice this object flying maybe 100 mph over my neighbor's property from my property.,09/13/2024,42.9006863,-73.3516087,
09/12/2024 16:44,TACOMA,WA,USA,Unknown,,,Object at high altitude flashing silver/white light as if rotating not moving.,09/14/2024,47.2455013,-122.438329,
09/13/2024 12:50,LUMMI ISLAND,WA,USA,Unknown,,,Heard engine similar to that made by small float plane.,09/14/2024,48.6945706,-122.6699819,
09/13/2024 23:00,ALLISON,TX,USA,Orb,,,These were lights fading in and out following irregular patterns identical to Marfa lights,09/14/2024,35.6079433,-100.101283,
09/14/2024 21:00,PELZER,SC,USA,Orb,,,"Lights in Sky Going in Pattern, Pausing Then Moving Again",09/14/2024,34.6423372,-82.4559598,
09/14/2024 19:00,MESA,AZ,USA,Triangle,,,A phenomenon that appeared in the stratosphere moved slowly west to east and faded from view as civil twilight ended.,09/14/2024,33.4151005,-111.831455,
09/11/2024 16:20,CWMBRAN,Wales,United Kingdom,Disk,,,I saw a craft hovering and moving through the sky for 2 to 3 minutes. It moved steadily and looked to have external lights.,09/15/2024,51.6536438,-3.0208217,
09/13/2024 15:30,CLIFTON,CO,USA,Unknown,,,A stationary white dot in the sky that stayed for several hours.,09/15/2024,39.0919255,-108.4489784,
09/13/2024 12:46,GLASGOW,Scotland,United Kingdom,Cylinder,,,I noticed a pill shaped object in the sky which at first I though was a plane and then realised it was moving in a strange way,09/15/2024,55.861155,-4.2501687,
09/14/2024 19:41,OKLAHOMA CITY,OK,USA,Changing,,,Sighted a Black floating craft that appeared to be changing shape but the still frames look as though it didn't,09/15/2024,35.4729886,-97.5170536,
09/14/2024 19:53,NIJKERK,Gelderland,Netherlands,Disk,,,i was sitting then saw an unknow aircraft that didn’t made sence to me,09/15/2024,52.2148536,5.4781463,
09/15/2024 18:06,BRIGHTON AND HOVE,England,United Kingdom,Changing,,,Two orbs with visible propulsion. Dancing and making fast turns and huge acceleration,09/15/2024,50.8454126,-0.1497239,
09/09/2024 19:40,LONDON,England,United Kingdom,Circle,,,Orb flickering,09/15/2024,51.5074456,-0.1277653,
09/15/2024 06:36,SAINT CHARLES,MO,USA,Orb,,,"A very bright white round light , no craft of any kind , very clear view. It was ONLY a bright white light.",09/15/2024,38.783855,-90.481677,
09/15/2024 18:20,TRENTON,TN,USA,Other,,,Bright shining mirror like object stationary in sky just below clouds. Didn't move for a minute or two then in an instant it disappe,09/15/2024,35.9808073,-88.9416829,
09/16/2024 08:30,EBSDORFERGRUND,Hessen,Germany,Cylinder,,,Jellyfish like UAP,09/16/2024,50.7340548,8.8336271,
09/15/2024 21:30,BEXLEYHEATH,England,United Kingdom,Orb,,,Orbs/Drones Appear Every Night Between 9PM-Midnight,09/16/2024,51.4634854,0.1480552,
09/12/2024 09:10,FREMONT,MI,USA,Sphere,,,"Fuzzy sphere of light that had a fuzzy light around it.  Two smaller lights that were very bright, crisp and sharp white",09/16/2024,43.467517,-85.942001,
09/15/2024 16:43,INDIANAPOLIS,IN,USA,Unknown,,,Object moved silently over our heads while we were in the drive through,09/16/2024,39.7683331,-86.1583502,
09/15/2024 19:01,MERRIMACK,NH,USA,Formation,,,2 pictures taken quickly and how far it traveled from the position of power lines. passed behind lines even tho it looks like in front,09/16/2024,43.3260376,-71.6854725,
09/16/2024 21:17,CIDRA,Cidra,Puerto Rico,Orb,,,It shines for a minute then fades away then comes back around and it's still flying around the area,09/16/2024,18.1757164,-66.1609235,
09/12/2024 06:38,SCOTTVILLE,MI,USA,Orb,,,Fishing early morning and friend and I saw this rod just over a tree line to the north.,09/16/2024,43.954728,-86.280079,
09/01/2024 20:41,EVERETT,WA,USA,Unknown,,,Turning different color clusters of lights and separating as I watched longer than the video,09/16/2024,47.9793437,-122.2127011,
09/16/2024 00:15,NEWCASTLE,WA,USA,Light,,,N30E azimuth 30 degrees from horizontal duration 15 minutes at 10:00PM ended observation on unmoving scintillating light. Re 12:10 AM,09/17/2024,47.5395736,-122.1563331,
09/14/2024 22:30,EAST LOS ANGELES,CA,USA,Light,,,Three Orange Lights,09/17/2024,34.0239015,-118.172015,
09/17/2024 04:51,CASA GRANDE,AZ,USA,Light,,,Hundreds of satellites all moving in same direction toward south,09/17/2024,32.8772834,-111.7536818,
09/16/2024 20:10,BURLINGTON,VT,USA,Light,,,"Saw what looked like a very bright shooting star, but then it stopped, sat in place, and started flashing for about 15 seconds.",09/17/2024,44.4761601,-73.212906,
09/17/2024 10:59,NEW YORK,NY,USA,Circle,,,Small white ball that moves fast in the air,09/17/2024,40.7127281,-74.0060152,
09/17/2024 14:25,REEF STATION,CA,USA,Cylinder,,,Gray cylinder passing 10ft underneath military aircraft,09/17/2024,35.9015012,-120.0554519,
09/17/2024 05:14,PONTE VEDRA BEACH,FL,USA,Egg,,,Quick but clearly seen,09/17/2024,30.2274645,-81.3800824,
09/16/2024 23:45,OBERLIN,OH,USA,Disk,,,"Walking home heard cries of what I thought was a woman, saw it, it slowly backed off and I ran like hell to get back once I realized",09/17/2024,41.2939386,-82.2173786,
09/16/2024 01:01,TUCSON,AZ,USA,Circle,,,I went outside to smoke a cigarette. I looked up to the sky like always n the first thing I see I this bright thing moving.,09/17/2024,32.2228765,-110.974847,
09/02/2024 20:27,SHKODËR,Shkodër County,Albania,Light,,,"Flashing green light object appears to understand morse code messages from flashing camera light, object moved with intelligent design",09/17/2024,42.0681371,19.5121437,
08/01/2024 15:21,CEPHALONIA,Ionian Islands,Greece,Triangle,,,Object glided silently across the sky,08/01/2024,38.2660322,20.5373903,
08/01/2024 21:57,MANAVGAT,Antalya,Turkey,Light,,,A star that shouldn't be there moved from one spot to another in a split second.,08/01/2024,36.7870124,31.4406667,
08/01/2024 09:25,JACKSONVILLE,FL,USA,Diamond,,,Looking SW at a group of lights stacked on top of each other. Some lights flashing and some weren't. Object hovered in place,08/01/2024,30.3262247,-81.6579179,
08/01/2024 20:42,LIBERTY,MO,USA,Circle,,,"Stationary object to the east, ballon like silver, appeared similar to a jellyfish.",08/01/2024,39.246479,-94.419079,
08/01/2024 00:25,SYLVAN LAKE,AB,Canada,Triangle,,,A triangle craft with 5 circle lights around flew over my house slowly.,08/01/2024,52.3102136,-114.0974155,
08/02/2024 03:45,CALDWELL,ID,USA,Cigar,,,Was outside noticed in my peripheral the object as it was full of light so I grabbed my phone and recorded as best i can for 20 seconds,08/02/2024,43.6678736,-116.689415,
08/01/2024 22:15,WEEDVILLE,PA,USA,Changing,,,Blimp shaped object in night sky,08/02/2024,41.2767268,-78.4916872,
08/02/2024 03:35,LIVINGSTON,MT,USA,Cigar,,,A bright cigar-shaped craft traveled slowly across the night sky until it was hidden by the local hills,08/02/2024,45.6623873,-110.5615899,
08/02/2024 02:40,SAGLE,ID,USA,Cylinder,,,Translucent blue cylinder crossing the sky,08/02/2024,48.203207,-116.5655947,
08/02/2024 20:35,MALVERN,PA,USA,Fireball,,,I was biking and it suddenly appeared.,08/02/2024,40.036202,-75.5138959,
08/02/2024 18:56,CRAIG,CO,USA,Sphere,,,"Shiny round object in sky, not moving",08/02/2024,40.5152491,-107.5464541,
08/01/2024 21:53,WASHINGTON TOWNSHIP,NJ,USA,Orb,,,Multiple yellow orbs observed in rural New Jersey,08/02/2024,40.9884843,-74.0652437,
08/03/2024 06:38,DURANT,OK,USA,Circle,,,It looked like a ying yang symbol or a sideways 69 as my wife pointed out. It looked like a torus in shape with a hole in the center.,08/03/2024,33.9919761,-96.3776762,
08/03/2024 00:40,NAPLES,FL,USA,Rectangle,,,"It was bright, shaped like a rectangle but with indentions on the sides..front and back smooth, moved accordian-like and very fast!",08/03/2024,26.1421976,-81.7942944,
08/02/2024 03:15,MENOMONIE,WI,USA,Rectangle,,,Narrow rectangular lighted object in the northern sky.,08/03/2024,44.8765289,-91.9278716,
08/01/2024 06:15,DENVER,CO,USA,Sphere,,,Weather balloon ? didn't move like it.,08/03/2024,39.7392364,-104.984862,
08/03/2024 14:01,EAST ROCKHILL TOWNSHIP,PA,USA,Diamond,,,Black shape Dimond steady speed 2-4 knots 5-10000 feet straight line fly by,08/03/2024,40.2374712,-77.899746,
08/02/2024 23:30,MCDANIELS,KY,USA,Changing,,,They were kind of what I would describe as dancing back and forth it was really weird.,08/03/2024,37.6067229,-86.4249784,
08/03/2024 20:46,AMAGANSETT,NY,USA,Light,,,"Stationary flashing 2 color , single point source. Appeared stationary, then sudden rapid descent towards earth disappearing below my",08/03/2024,40.981545,-72.1332197,
08/03/2024 18:00,GREELEY,CO,USA,Circle,,,White ball in sky doesn't appear to be moving. Maybe a balloon.,08/03/2024,40.4233142,-104.7091322,
08/03/2024 20:39,HOLLEY,NY,USA,Changing,,,"Large dark line cut thru clouds and black spinning object creating trails straight up, then turned bright white elongated triangle tail",08/03/2024,43.226806,-78.027155,
08/03/2024 21:03,MISSION VIEJO,CA,USA,Light,,,Yellow Orange light seen over Mission Viejo slowing moving hovered and dissapeared,08/03/2024,33.5965685,-117.659405,
08/03/2024 19:22,ALAJUELA,Alajuela Province,Costa Rica,Circle,,,"Circular craft above our vehicle with 6 lights underneath, disappeared after 30 seconds with no lights to be seen",08/04/2024,10.0165053,-84.2138674,
08/02/2024 03:50,HAZELWOOD,MO,USA,Formation,,,"Multiple lights, orbs, unilliminated dark spheres, and orb formations. Saw 20-100 of them moving very fast. Also saw military jets.",08/04/2024,38.7761446,-90.3715909,
08/04/2024 00:27,ONTARIO,CA,USA,Fireball,,,"Was seen approx. 1 mile in sky, object lit up like a ball of orange and fire, shot off towards the left, stopped and faded in place.",08/04/2024,34.065846,-117.64843,
08/01/2024 03:57,BOISE,ID,USA,Changing,,,Irregularly shaped white light seeing moving,08/04/2024,43.6166163,-116.200886,
08/03/2024 19:00,CEDAR GROVE,NJ,USA,Diamond,,,Black - oddly shaped aircraft,08/04/2024,40.8517662,-74.229035,
08/04/2024 01:01,GRAND HAVEN,MI,USA,Circle,,,Saw 2 objects move in directions and accelerate and stop at a phenominal rate,08/04/2024,43.0630734,-86.2283864,
08/02/2024 20:00,SCOTTSDALE,AZ,USA,Circle,,,Bright white light initially mistaken for aircraft landing lights disappeared and reappeared in different locations,08/04/2024,33.4942189,-111.926018,
08/04/2024 22:00,BRAMHALL,England,United Kingdom,Circle,,,2 Craft moved above our garden -seemed to be following each other occasionally merging,08/04/2024,53.3686407,-2.1593962,
08/01/2024 23:50,POINT PLEASANT BEACH,NJ,USA,Oval,,,Beach sighting. Object moved too fast to be a plane and was too big to be a star.,08/04/2024,40.0919203,-74.0482024,
08/04/2024 16:40,EDMONDS,WA,USA,Orb,,,White balloon shape with payload hanging off the bottom.,08/04/2024,47.8105738,-122.3774952,
08/05/2024 00:06,ASTON,PA,USA,Fireball,,,Floating burning orbs appeared and followed one another east . Odd movements and vanishing. 1 plummeted to the trees it looked like,08/04/2024,39.8726542,-75.4405473,
08/05/2024 00:05,ASTON,PA,USA,Fireball,,,.,08/04/2024,39.8726542,-75.4405473,
08/03/2024 19:37,GREELEY,CO,USA,Oval,,,"With the naked eye it just looked like a white speck, and remained in place for over an hour. It could also be seen from 6 miles away.",08/04/2024,40.4233142,-104.7091322,
08/05/2024 12:53,MONACA,PA,USA,Changing,,,I saw multiple colors flashing in the sky was not moving for 15-20 mins & now its gone.,08/04/2024,40.6872885,-80.2714505,
08/04/2024 22:11,KIMBERLY,ID,USA,Fireball,,,Super fast light over the city,08/04/2024,42.5338019,-114.364756,
08/04/2024 09:59,İZMIR,İzmir,Turkey,Circle,,,"A circle craft appeared and changing colors went through the sky to the east. It was very bright , solid , moving",08/05/2024,38.4192537,27.128469,
08/04/2024 20:00,COLBY,KS,USA,Circle,,,"Very high and large, white possible balloon.",08/05/2024,39.3959655,-101.0526881,
08/04/2024 23:00,SAINT-VINCENT-DES-BOIS,Normandy,France,Rectangle,,,"Luminous, transparent, bluish, long rectangular object with myriad of lights moving silently across the night sky.",08/05/2024,49.0698677,1.3981644,
08/04/2024 21:15,EL SOBRANTE,CA,USA,Rectangle,,,Saw fast-moving rectangle move vertically in sky,08/05/2024,37.9744635,-122.3057294,
08/05/2024 10:30,VENTURA,CA,USA,Unknown,,,Looked like fog/cloud. Moving very fast. Low above ocean. Approx 200 yards out.,08/05/2024,34.4458248,-119.0779359,
08/03/2024 16:27,JEFFERSON,CO,USA,Teardrop,,,Moving east to west high altitude 2 sec motion picture captured,08/05/2024,39.5699803,-105.2561919,
08/05/2024 09:00,DONNELLY,ID,USA,Circle,,,Looked up at the sky and directly above me at a high altitude I sawthe ufo.,08/05/2024,44.7325107,-116.0775155,
08/05/2024 20:18,NORFOLK,NE,USA,Circle,,,"Round balloon , with bright lights alll the way around",08/05/2024,42.0283379,-97.4169964,
08/04/2024 20:25,DAVENPORT,WA,USA,Orb,,,"White orb sighting between Davenport, WA and Harrington, WA",08/05/2024,47.6540456,-118.149973,
08/06/2024 01:08,LINCOLN PARK,NJ,USA,Cigar,,,I was smoking in the gallery when I suddenly saw something in the sky falling just blueish white lights,08/05/2024,40.9242652,-74.3020933,
08/02/2024 21:00,TORONTO,ON,Canada,Unknown,,,I had seen a unusual wave of light and heard an unusual frequency. I thought it was because of the long weekend and people celebrating.,08/06/2024,43.6534817,-79.3839347,
08/03/2024 02:33,MILLERTON,NY,USA,Orb,,,It turned around and left when I yelled and told it to,08/06/2024,41.9538304,-73.5105225,
08/06/2024 00:00,TOOELE,UT,USA,Unknown,,,"Object in the sky with red and white lights moving from my right to left. Object moved very quickly horizontally, and vertically.",08/06/2024,40.4062872,-113.1966394,
08/06/2024 19:16,JACAREÍ,State of São Paulo,Brazil,Orb,,,I was walking through the backyard when an orb passed about 30 meters above the ground.,08/06/2024,,,
08/06/2024 21:57,CLAIRTON,PA,USA,Light,,,Just walk outside look up at shy off my back porch,08/06/2024,40.2922938,-79.8817181,
08/06/2024 20:00,OOSTENDE,West Flanders,Belgium,Circle,,,Shimmering light in the distance,08/06/2024,51.2258565,2.919496,
08/03/2024 01:53,ROSWELL,GA,USA,Changing,,,"A mysterious orb in Roswell, GA, split into smaller orbs, communicated through symbols, then transported me into a vortex of visions",08/07/2024,34.02332,-84.360022,
08/07/2024 05:00,LAWTON,MI,USA,Circle,,,Thought it was a satellite but it flashed bright light (only) twice.,08/07/2024,42.1672629,-85.8469539,
08/07/2024 15:13,LIPAN,TX,USA,Changing,,,For the last several years I have been noticing unidentified objects in the sky,08/07/2024,32.5184682,-98.0458732,
08/07/2024 18:40,BURBANK,IL,USA,Unknown,,,Walking my dog and noticed a stationary light in the sky. It slowly moved west and stopped.It hovered in place and disappeared.,08/07/2024,41.741406,-87.7686078,
08/04/2024 01:35,ANTIOCH,CA,USA,Star,,,"Star like craft moving, hovers, changes direction",08/07/2024,38.0093296,-121.8106925,
08/07/2024 22:45,CHILLICOTHE,OH,USA,Formation,,,A series of white lights in perfect line spaced perfectly apart until they rose into the sky and disappeared,08/07/2024,39.3331197,-82.9824019,
08/07/2024 21:35,ELLENTON,FL,USA,Fireball,,,Flame in the sky,08/07/2024,27.517143,-82.548708,
08/07/2024 21:32,TAUNTON,MA,USA,Formation,,,Bright pulsating object. Split into three Bright objects the formed a diamond and disappeared. This happened over a 2-3min span,08/08/2024,41.9019257,-71.0931485,
08/07/2024 20:54,RIO RANCHO,NM,USA,Diamond,,,Smaller light gets absorbed by larger light and then just disappears.,08/08/2024,35.3108227,-106.6847453,
08/01/2024 03:40,FORT EDWARD,NY,USA,Cigar,,,Bright green cigar shaped craft flies past our plane,08/08/2024,43.267206,-73.584709,
08/08/2024 16:00,WINTHROP,ME,USA,Sphere,,,Highly reflective spherical object following a passenger aircraft at a high altitude,08/08/2024,44.3072643,-69.9712542,
08/02/2024 23:08,WOODBURY,MN,USA,Orb,,,I was outside standing by the bonfire when I noticed white orbs hovering together,08/08/2024,44.919896,-92.9339449,
08/05/2024 21:15,CONCORDIA,KS,USA,Orb,,,I was walking due south on my property and heard whistling noise. They looked just like roman candles. No homes around us.,08/09/2024,39.571543,-97.661141,
08/08/2024 06:58,PLATTSBURGH,NY,USA,Cylinder,,,Observed silver cylinder while going in to work. Thought it was a plane at first but it had no wings.,08/09/2024,44.6960855,-73.4542915,
08/09/2024 20:26,NEW CENTERVILLE,ID,USA,Circle,,,Round ball. Looks translucent through binoculars. Has bright lights around the entire edge.,08/09/2024,43.8810043,-115.9101129,
08/09/2024 21:33,SIOUX CITY,IA,USA,Light,,,8 lights?,08/09/2024,42.4966815,-96.4058782,
08/09/2024 22:30,LYNCHBURG,VA,USA,Light,,,Seen 4 separate times in past 2 weeks. It is not a drone or plane or any identifiable aircraft,08/09/2024,37.4137536,-79.1422464,
08/08/2024 22:43,BLOOMINGTON,IN,USA,Light,,,30 or 40 lights were seen ascending in a line very slowly and very far apart.,08/09/2024,39.1670396,-86.5342881,
08/08/2024 22:25,TANGENT,OR,USA,Light,,,"Red Star became a Red Light & swiftly moved away, not like any plane or star could ever be capable of.",08/09/2024,44.5440387,-123.109291,
08/03/2024 21:31,NORWOOD YOUNG AMERICA,MN,USA,Circle,,,Circle of round white solid lights with what appears to be at least 2 other lights not in circles formation that blink in and out,08/09/2024,44.7735732,-93.9216348,
08/02/2024 22:59,ELIZABETHTOWN,KY,USA,Orb,,,I seen a very medium sized ufo moving at i guessed 200+ mph that quickly went across the sky flashing green and white.,08/10/2024,37.693952,-85.8591285,
08/10/2024 21:48,ATHY,County Kildare,Ireland,Circle,,,This was no satellite.,08/10/2024,52.9923938,-6.9835926,
08/10/2024 19:11,SURPRISE,AZ,USA,Cigar,,,"No con trail at high altitude. Another jet, 40 seconds later gave con trails at same altitude. Pure white glow.",08/10/2024,33.629247,-112.3681428,
08/10/2024 20:30,PARADISE HOT SPRINGS,ID,USA,Circle,,,Bright white ring stationary in the sky for 40+ minutes.,08/10/2024,,,
08/10/2024 11:30,MIDDLEBOROUGH,MA,USA,Light,,,Pulled up to a stop light and this object was hovering near planes without movement or any other lights,08/10/2024,41.8931576,-70.9111517,
08/10/2024 22:22,MAPLEWOOD,WA,USA,Disk,,,I was standing on my balcony watching the moon and then I saw it.,08/10/2024,47.3651705,-122.5687688,
08/04/2024 01:00,VANCOUVER,BC,Canada,Formation,,,3 separate formations all within 30-40 minutes,08/11/2024,49.2608724,-123.113952,
08/10/2024 20:52,MICHIGAN CITY,IN,USA,Light,,,Each craft was moving independently of the others. Very far in the distance. They each appeared to be “jumping” around very rapidly.,08/11/2024,41.7075394,-86.8950297,
08/11/2024 20:32,ALTAMURA,Apulia,Italy,Sphere,,,"Avvistato in direzione nord da Altamura, immobile e dissolvenza finale con uno spostamento verso destra",08/11/2024,40.8285595,16.5527314,
08/11/2024 04:10,NEWARK,NY,USA,Triangle,,,Took dog out saw one UAP went in and got phone videoed at least six,08/11/2024,43.0467301,-77.0952516,
08/11/2024 00:00,CALISTOGA,CA,USA,Orb,,,Orbs of light appearing/disappearing,08/11/2024,38.5787966,-122.579705,
08/09/2024 19:45,CYPREMORT POINT,LA,USA,Unknown,,,While watching the sunset the 3 objects appeared. At first it looked like clouds not moving - than 5 minutes later they all disappeared,08/11/2024,29.7185433,-91.8717869,
08/12/2024 00:00,NORTH JAVA,NY,USA,Circle,,,it was a circular shape with a dot right in the middle right on top of my tree lines,08/11/2024,42.6836721,-78.3377941,
08/11/2024 19:21,ELOY,AZ,USA,Light,,,A large white light hovering above the hill West of the loves truck stop. The light did not move.Not a star.Spotted just before sunset.,08/11/2024,32.7551703,-111.553493,
08/11/2024 23:30,FORT WORTH,TX,USA,Light,,,"Slow-moving light from south to north, glowing, flashing, changing from white to reddish. Not sure what it was, unusual sighting.",08/11/2024,32.753177,-97.3327459,
08/12/2024 01:30,BRADFORD,AR,USA,Orb,,,25 orbs over Arkansas,08/12/2024,35.4231381,-91.4559649,
08/11/2024 22:00,BARRY,Wales,United Kingdom,Circle,,,Two unidentified flying objects.,08/12/2024,51.4065052,-3.2666925,
08/12/2024 07:35,ST. PETERSBURG,FL,USA,Cylinder,,,Before it disappeared the front and back of turned into bright ball and the middle stayed silver.,08/12/2024,27.7712264,-82.6340259,
08/11/2024 19:00,CHICAGO,IL,USA,Unknown,,,"Hovering at 300 degrees NW, the object flew toward 141 degrees SE. The object hovered, flew, rotated, rolled, lit up and split into 2.",08/12/2024,41.8755616,-87.6244212,
08/08/2024 18:59,,Pará,Brazil,Triangle,,,Objeto triangular e foi sumindo lentamente.,08/12/2024,-4.7493933,-52.8973006,
08/12/2024 22:10,BRAȘOV,Brașov,Romania,Light,,,It was like a falling star,08/12/2024,45.6525105,25.6105654,
08/11/2024 20:30,LAFLIN,PA,USA,Light,,,While driving down the highway we saw 2 very bright lights that stayed in position. No movement at all,08/12/2024,41.2889696,-75.8054718,
08/12/2024 05:09,KAILUA-KONA,HI,USA,Cylinder,,,Bluish lights moving in sequence.,08/12/2024,19.641941,-155.996933,
08/11/2024 23:25,MESCAL,AZ,USA,Circle,,,Noticed an aircraft approaching from the NE as so many often do either for Tucson International Airport or Davis Monthan AFB-different,08/12/2024,31.9900824,-110.4353531,
08/11/2024 17:52,LAMAR,CO,USA,Cylinder,,,Saw something from plane,08/12/2024,38.0872306,-102.620749,
08/12/2024 20:28,AUBURN,AL,USA,Triangle,,,3 red lights in a triangle with a strong amber light out front,08/12/2024,32.6098566,-85.4807825,
08/12/2024 19:09,CHICAGO,IL,USA,Orb,,,"6 bright lights over downtown Chicago, and a 7th flew by as well",08/12/2024,41.8755616,-87.6244212,
07/01/2024 02:30,COMER,GA,USA,Star,,,They are mostly visible with night vision except the brighter ones. This is my first time seeing a pair together. Reproducing maybe?,07/02/2024,34.0637227,-83.1254261,
07/01/2024 22:10,SWITZ CITY,IN,USA,Chevron,,,Bright white light with rotating orange and green light.,07/02/2024,39.035,-87.053,
07/02/2024 16:06,SEVILLA,Seville,Spain,Oval,,,Just look into the coordinates. Its a picture take by Google Earth Satelite.,07/02/2024,37.3886303,-5.9953403,
07/02/2024 09:30,MOLINE,IL,USA,Disk,,,UFO emerged from a lightning storm.,07/02/2024,41.5062584,-90.5162558,
07/03/2024 05:10,JACKSONVILLE,FL,USA,Circle,,,Anomaly breaking through earths atmosphere,07/03/2024,30.3262247,-81.6579179,
07/03/2024 05:02,SUMTER,SC,USA,Egg,,,I was riding down the road with my girlfriend and she said look at that what is that and I looked up and I saw the UFO.,07/03/2024,33.9204354,-80.3414693,
07/03/2024 05:00,OCEAN CITY,MD,USA,Circle,,,"White circle seen falling, with white vapors coming from the bottom and flowing back around and behind the object",07/03/2024,38.3315412,-75.0874151,
07/02/2024 20:30,MADISON,SD,USA,Circle,,,"2 halo like circled hovered, then ever so slowly ascended away.",07/03/2024,44.006085,-97.11395,
07/01/2024 01:05,CORTLAND,IL,USA,Light,,,Ring captures odd light craft,07/03/2024,41.9200288,-88.6886963,
07/05/2024 23:45,DETROIT,MI,USA,Diamond,,,Ufo circling the area,07/05/2024,42.3315509,-83.0466403,
07/05/2024 21:45,WEIRTON,WV,USA,Orb,,,Blue Orb came out of treeline.,07/06/2024,40.4002396,-80.5899788,
07/06/2024 01:11,NOVOSIBIRSK,Novosibirsk Oblast,Russia,Fireball,,,"Object suddenly changed direction to the opposite side (285° from the north) and within a few seconds, reached an extremely high speed",07/06/2024,55.0288307,82.9226887,
07/06/2024 00:50,NOVOSIBIRSK,Novosibirsk Oblast,Russia,Unknown,,,"Lines consisting of links, each ending in a sphere. The objects emit a white glow.",07/06/2024,55.0288307,82.9226887,
07/05/2024 17:00,MIDDLETOWN TOWNSHIP,NJ,USA,Changing,,,"A Blackhawk helicopter passed over at less than 1000ft, during which I noticed me a bright white object several thousand above.",07/06/2024,40.384263,-74.089879,
07/06/2024 23:03,LANGLEY,WA,USA,Fireball,,,Flaming fireball,07/06/2024,48.0399806,-122.4094051,
07/07/2024 01:49,ENTERPRISE,NV,USA,Orb,,,Circular orb floating back and forth forth for 2 hours,07/07/2024,36.0127849,-115.2173341,
07/07/2024 01:49,ENTERPRISE,NV,USA,Orb,,,Black orbs in the sky,07/07/2024,36.0127849,-115.2173341,
07/06/2024 01:50,KUDLOVICE,Zlín Region,Czechia,Unknown,,,"Not see, but hear high air flow and stable sound in background reminding bad metallic flute.",07/07/2024,49.1437437,17.4518593,
07/06/2024 21:45,PINE BLUFF,AR,USA,Light,,,UFO appeared in the S,07/07/2024,34.2228884,-92.004334,
07/04/2024 21:30,JOHNSTOWN,PA,USA,Other,,,"Observed oblong-triangular shaped with 3 bright lights, one at each point hovering above.",07/07/2024,40.3267407,-78.9219698,
07/01/2024 06:10,SHREVEPORT,LA,USA,Disk,,,The feeling was unreal this is my 4th sighting in 63 years.,07/07/2024,32.5135356,-93.7477839,
07/07/2024 21:08,FORT MILL,SC,USA,Triangle,,,Please see my report,07/07/2024,35.0073697,-80.9450759,
07/06/2024 19:50,ERUMELI,Kerala,India,Light,,,A bright white star like object moviing faster than the speed of a plane.,07/07/2024,9.4862866,76.8477388,
07/07/2024 22:19,SUNSET BEACH,NC,USA,Orb,,,Me and my cousin were sitting in a balcony talking and we saw an orb very far in the sky pulsating different colors,07/07/2024,33.880728,-78.512231,
07/07/2024 16:00,PORT TOWNSEND,WA,USA,Circle,,,"White Round Object in sky, seen from backyard.",07/07/2024,48.1179702,-122.769544,
07/08/2024 21:00,MORLEY,England,United Kingdom,Star,,,"Object hovered over house, looked like a star, police dismissed as possible drone due to height. Couldn't find telescope, object disapp",07/08/2024,53.7440745,-1.5988598,
07/07/2024 20:10,ROME,GA,USA,Light,,,Was looking at the storm off in distance and I saw a light with a small light underneath moving in a line across the sky,07/08/2024,34.257038,-85.1646726,
07/08/2024 12:05,ELLICOTTVILLE,NY,USA,Unknown,,,Small dark object moving through the sky with speed,07/08/2024,42.2751873,-78.6727799,
07/08/2024 21:30,DUNS,Scotland,United Kingdom,Other,,,"Travelling at speed and silent, from the South of Duns in an South Easterly direction.",07/08/2024,55.777842,-2.3438476,
07/07/2024 20:45,BLOOMSBURG,PA,USA,Disk,,,"Three silent discs, all the same size, moving slowly and then speeding up and disappearing into an unusual cloud.",07/08/2024,41.0044958,-76.4537302,
07/04/2024 20:15,CHICAGO,IL,USA,Changing,,,Two crafts spotted at high altitude using O'Hare landing route as reference. One was a shaped as an S or the other uknown.,07/08/2024,41.8755616,-87.6244212,
07/05/2024 01:10,REISTERSTOWN,MD,USA,Oval,,,Circular Drone type Craft with 2 green blinking lights to the rear of the drone or craft.,07/08/2024,39.4695489,-76.8294213,
07/03/2024 23:00,LELAND,MI,USA,Light,,,"Over Lake MI, 5 bright white lights appeared, slightly different speeds & altitudes. They slowed, then stopped and disappeared.",07/09/2024,45.0228754,-85.7601164,
07/08/2024 21:15,DATIL,NM,USA,Oval,,,"Object moved faster than a commercial jet , no sound from south to north at a constant speed .",07/09/2024,34.1450333,-107.8433562,
07/09/2024 23:19,OBERSTDORF,Bavaria,Germany,Changing,,,"While observing the night sky over Oberstdorf, a bright light was seen moving from left to right. Initially, it appeared as a single br",07/09/2024,47.3708539,10.3119292,
07/10/2024 00:10,ELNIŠKIAI,Panevėžys County,Lithuania,Unknown,,,"UFOseen from Lithuania, Kupiskis, video attached",07/09/2024,55.9687145,25.0554038,
07/08/2024 22:13,HOUMA,LA,USA,Light,,,It was flying in the sky about 5 minutes from my eye site have video,07/09/2024,29.5957696,-90.7195348,
07/07/2024 22:00,EASTAMPTON TOWNSHIP,NJ,USA,Light,,,We were both so outside talking & we seen a fast light shoot then it disappeared,07/09/2024,39.999126,-74.7645995,
07/09/2024 23:50,SALADO,TX,USA,Oval,,,"I was looking west, it came out of the clouds above and went nw into the clouds again. I could see a constellation behind it",07/09/2024,30.9468791,-97.5371631,
07/10/2024 01:00,HOUSTON,TX,USA,Disk,,,Spouse and I are outside in the car trying to stay cool. Houston has been hit by hurricane. No lights in neighborhood.,07/10/2024,29.7589382,-95.3676974,
07/10/2024 01:00,SHORELINE,WA,USA,Light,,,Red Orange ball of light emitting other objects,07/10/2024,47.7564667,-122.3437497,
07/09/2024 23:55,LEAKEY,TX,USA,Cylinder,,,Outside my house when I see it flying across the sky at a high speed,07/10/2024,29.726525,-99.7624496,
07/06/2024 05:20,LAKEWOOD,CO,USA,Formation,,,"Sunrise with a clear sky, no clouds and there was something in the sky that looked like it was hovering. It was gone within 2 minutes.",07/10/2024,39.7085736,-105.0846694,
07/09/2024 21:45,SARASOTA,FL,USA,Triangle,,,"Slow moving, hovering low, just above the telephone poles and tree line. Solid black triangle with 3 lights on the bottom.",07/10/2024,27.3365805,-82.5308545,
07/09/2024 23:23,BOWIE,MD,USA,Other,,,Saw it moving from the sky downward,07/10/2024,39.0080601,-76.7797899,
07/04/2024 23:00,STEVENSVILLE,MT,USA,Orb,,,Saw 2 red orbs moving when no fireworks were in the air,07/10/2024,46.510407,-114.094385,
07/04/2024 21:22,MASSAPEQUA PARK,NY,USA,Fireball,,,Appeared to be a flaming orb moving south to north high altitude,07/10/2024,40.6803785,-73.4551241,
07/10/2024 23:30,NUNEATON,England,United Kingdom,Fireball,,,Very large orange blob of light,07/10/2024,52.5227973,-1.4679663,
07/11/2024 05:29,HENDERSON,NV,USA,Sphere,,,"A unusually bright light appeared and was stationary in the sky. It became 2 distinct lights, then turned black, and faded out",07/11/2024,36.0319602,-114.9822716,
07/12/2024 00:08,SATHYAMANGALAM,Tamil Nadu,India,Light,,,10 mints,07/11/2024,11.5523741,77.2653758,
07/10/2024 20:30,HEMET,CA,USA,Oval,,,"I took three photos, in the 3rd I noticed a streak across the sky, 3 dots visible in 2 photos, 2 in the other",07/11/2024,33.7475203,-116.9719684,
07/05/2024 13:54,ALBANY,NY,USA,Cone,,,Floating in a linear path with four pointed extensions at the top.,07/11/2024,42.6511674,-73.754968,
07/08/2024 20:58,VANCOUVER,WA,USA,Disk,,,"Saw black disk flying southbound, 1000ft, 200kts, roughly 10-20 feet big.",07/11/2024,45.6306954,-122.6744557,
07/11/2024 19:40,HILL CITY,SD,USA,Sphere,,,There was a circular disc in the sky that had a S in the center of it.,07/11/2024,43.932486,-103.575193,
07/11/2024 22:00,CLEVELAND,OH,USA,Light,,,"Blue pulsing orb, hovering then zipped away",07/11/2024,41.4996574,-81.6936772,
07/11/2024 21:21,JACKSON,TN,USA,Light,,,Thought it was the INSS it was not.,07/11/2024,35.6144446,-88.8177418,
07/11/2024 22:49,PINE HILL,NJ,USA,Orb,,,Orb traveling South from airport region to North,07/11/2024,39.7842813,-74.9921108,
07/11/2024 11:45,BALTIMORE,MD,USA,Orb,,,Three Silver Orbs Flying from the North Over the Inner Harbor Towards the East,07/12/2024,39.2908816,-76.610759,
07/12/2024 03:30,BULLHEAD CITY,AZ,USA,Orb,,,It was only 2000 feet up foot down the hwy path it paused once before continuing on,07/12/2024,35.1449998,-114.5627804,
07/06/2024 23:00,NEW BUFFALO,MI,USA,Cigar,,,Cigar shaped crafts in a chevron pattern,07/12/2024,41.7952562,-86.7444526,
07/12/2024 21:30,GAINESVILLE,FL,USA,Oval,,,2 solid 2 flashing orange lights drifting across sky and bright. Moved relatively quick.,07/12/2024,29.6519684,-82.3249846,
07/12/2024 19:30,LISBON,ME,USA,Light,,,"Small spot of light, looked like a star, but then started moving",07/12/2024,43.9966919,-70.0606087,
07/05/2024 23:00,RACINE,WI,USA,Fireball,,,"I noticed an Orange, fiery orb flying through the sky. I thought it was a possible airplane that was on fire",07/12/2024,42.7313756,-87.7834769,
07/12/2024 23:14,ROCHESTER,MN,USA,Sphere,,,"I saw a quite bright light out the window moving, went outside to record it on video. Not on flight radar.",07/12/2024,44.0234387,-92.4630182,
07/13/2024 05:10,WINTER HAVEN,FL,USA,Light,,,Series of lights going north. One light going east,07/13/2024,28.0222435,-81.7328568,
07/13/2024 01:00,STANWOOD,WA,USA,Disk,,,"It was rotating , and it vanished into thin air like a portal",07/13/2024,48.24216,-122.3520327,
07/12/2024 11:00,EAGLE GROVE,IA,USA,Rectangle,,,20 foot drone-like box.,07/14/2024,42.6641418,-93.9046225,
07/14/2024 20:47,KANSAS CITY,KS,USA,Unknown,,,Bright red object above moon,07/14/2024,39.1134562,-94.626497,
07/14/2024 00:50,LINCOLN CITY,OR,USA,Orb,,,Two bright moving orbs seen moving strangely before disappearing into Big Dipper.,07/14/2024,44.9617922,-124.0159522,
07/14/2024 22:00,LEBANON,TN,USA,Triangle,,,"Unmoving at first, then flew at us and hovered over the car and froze. Then flew away slowly to the right and out of sight.",07/14/2024,36.2079779,-86.2910945,
07/11/2024 22:06,RENSSELAER,NY,USA,Circle,,,White ball of light moving,07/15/2024,42.7091389,-73.5107732,
07/15/2024 13:30,KENT,WA,USA,Cigar,,,Metallic object traveling from the north to south,07/15/2024,47.3826903,-122.2270272,
07/15/2024 21:28,ROCHESTER,MN,USA,Orb,,,Saw an orb appear out of thin air and slowly travel across the sky over 5 minutes,07/15/2024,44.0234387,-92.4630182,
07/12/2024 20:00,SCARBOROUGH,ME,USA,Cylinder,,,Cylinder or capsule shaped object in the early evening sky.,07/15/2024,43.590148,-70.3344722,
07/15/2024 23:50,MURFREESBORO,TN,USA,Light,,,Star acting strange in sky.,07/15/2024,35.8460396,-86.3921096,
07/15/2024 18:08,ZIELONA GÓRA,Lubusz Voivodeship,Poland,Circle,,,Craft (presumably) flew slowly out of sight losing sparks in the process.,07/16/2024,51.9275737,15.5490421,
07/12/2024 22:44,LENOIR,NC,USA,Circle,,,Two orbs flying around me,07/16/2024,35.2590371,-77.6484879,
07/16/2024 17:47,LOS ANGELES,CA,USA,Sphere,,,"UFO Spawned, and then Unspawned within a few seconds.",07/16/2024,34.0536909,-118.242766,
07/16/2024 22:15,ROCHESTER,MN,USA,Orb,,,Orb captured in the vicinity of fixed wing aircraft with proof that the fixed wing was the only object transponding,07/16/2024,44.0234387,-92.4630182,
07/14/2024 23:30,MEDICAL LAKE,WA,USA,Light,,,Sighted a floating orb of light that stood out as one of them is very well versed in stars. Looked back and it was gone.,07/16/2024,47.5727104,-117.682391,
07/16/2024 21:45,HUATABAMPO,Sonora,Mexico,Cigar,,,Vessel leaves stormy cloud,07/17/2024,26.6048776,-109.2320627,
07/17/2024 04:00,CONROE,TX,USA,Other,,,Could distanctly notice movement was not normal,07/17/2024,30.3118769,-95.4560512,
07/09/2024 23:00,NETÍN,Vysočina Region,Czechia,Circle,,,Strange flying light object over the Vysočina region in the Czech Republic,07/17/2024,49.4129102,15.9506487,
07/13/2024 22:45,SEFFNER,FL,USA,Star,,,Unknown lights north of Tampa,07/17/2024,27.998541,-82.274884,
07/17/2024 07:15,GRANITE FALLS,MN,USA,Cylinder,,,Tic tac,07/17/2024,44.8099575,-95.5455752,
07/13/2024 15:00,MINNEAPOLIS,MN,USA,Changing,,,Unknown craft changing shape as it flies in low altitude,07/17/2024,44.9772995,-93.2654692,
07/17/2024 13:45,NEWINGTON,VA,USA,Sphere,,,"Riding in a friends Tesla, I looked up through the sunroof which slightly tinted the sun. I saw this sphere flying past",07/17/2024,38.7391565,-77.2075989,
07/17/2024 20:25,FOLSOM,CA,USA,Disk,,,I was sitting on my porch with my mom and I looked up to see a grey circle with a bright white spot in the middle flying by,07/17/2024,38.6779591,-121.176058,
07/17/2024 21:28,ROCHESTER,MN,USA,Orb,,,"An orb appeared in the middle of the sky, slowly traversed East SE performed a big S shape maneuver and then vanished",07/17/2024,44.0234387,-92.4630182,
07/18/2024 12:19,TORONTO,ON,Canada,Sphere,,,"Object travelled North to south, straight line (no deviation from trajectory)",07/18/2024,43.6534817,-79.3839347,
07/18/2024 20:25,NAZARETH,PA,USA,Sphere,,,Glass sphere in clouds,07/18/2024,40.7423309,-75.3112095,
07/14/2024 03:00,MAYODAN,NC,USA,Light,,,Lights moving around in sky,07/18/2024,36.4123597,-79.9669857,
07/18/2024 20:27,DISH,TX,USA,Unknown,,,"Strange, random, peaceful, lots of aircraft and wind",07/18/2024,33.1334086,-97.301297,
07/18/2024 23:06,UTICA,IN,USA,Triangle,,,On way home and seen what I thought was typical aircraft until I noticed it was stationary.,07/18/2024,38.3336795,-85.6535729,
07/19/2024 19:58,MAPLE RIDGE,BC,Canada,Circle,,,Round object. Shiny on one side towards the sunlight.,07/19/2024,49.2197345,-122.599707,
07/19/2024 19:50,WESLEY CHAPEL,FL,USA,Light,,,Pulsating light going West to East,07/19/2024,28.1866014,-82.366121,
07/19/2024 23:35,WATERVLIET,NY,USA,Cylinder,,,"Cylindrical / Pill shaped object with a reddish/blueish lights hovering, no sound, rapidly left",07/19/2024,42.7300784,-73.7012299,
07/19/2024 17:19,ST. PETERSBURG,FL,USA,Oval,,,Floating slowly progressing upwards.,07/20/2024,27.7712264,-82.6340259,
07/18/2024 23:41,EAGLE RIVER,WI,USA,Orb,,,Formation of orbs moving erratically,07/20/2024,45.9153992,-89.2507968,
07/15/2024 01:30,WARRINGTON,England,United Kingdom,Disk,,,Large disk shaped craft numerous smaller lights and triangle shaped objects almost transparent hovering then moving fast,07/20/2024,53.4015716,-2.5681941,
06/03/2024 23:00,BAXTER,TN,USA,Orb,,,"An orb like object luminated white, or light yellow light intensely, close to the surface.",06/03/2024,36.1537731,-85.643399,
06/02/2024 22:40,OMAHA,NE,USA,Orb,,,"Orb dimming and brightening, then making high speed maneuvers.",06/02/2024,41.2587459,-95.9383758,
06/02/2024 19:30,DAVENPORT,CA,USA,Diamond,,,In daylight a black object stopped in the sky,06/02/2024,37.015423,-122.190712,
06/02/2024 18:30,BLOOMINGTON,IN,USA,Orb,,,Caught on Drone Video,06/02/2024,39.1670396,-86.5342881,
06/01/2024 22:20,ASHBY-DE-LA-ZOUCH,England,United Kingdom,Other,,,Spinner S Shape like a boomerang.,06/01/2024,52.7471344,-1.4712148,
06/01/2024 12:45,HAMBURG,NJ,USA,Flash,,,High altitude stationary object reflecting sunlight every few seconds.,06/01/2024,41.1534294,-74.5762713,
06/01/2024 14:13,PERKASIE,PA,USA,Cigar,,,Cigar shaped and slow moving then silver sun reflection disappearing into low lying clouds,06/01/2024,40.372048,-75.292676,
06/01/2024 07:16,NAPLES,FL,USA,Triangle,,,Unknown object,06/01/2024,26.1421976,-81.7942944,
06/03/2024 22:45,OLATHE,KS,USA,Formation,,,A line of hovering blinking lights,06/03/2024,38.8838856,-94.81887,
06/03/2024 01:37,MARATHON CITY,WI,USA,Changing,,,"Red non blinking, completely silent light that turned into 3",06/03/2024,44.931529,-89.8401886,
06/03/2024 06:10,NASHVILLE,TN,USA,Changing,,,Morphing UAP,06/04/2024,36.1622767,-86.7742984,
06/05/2024 08:30,NATHDWARA,Rajasthan,India,Circle,,,We were seeing laser show at Statue of Belief and suddenly we saw in the 6 circle like discs going high in the sky.,06/05/2024,24.9121863,73.9137489,
06/05/2024 01:30,ROCK ISLAND,WA,USA,Cylinder,,,I saw a large white cylinder in the sky over Rock Island Washington,06/05/2024,47.3770731,-120.143952,
06/04/2024 02:00,MERRILL,IA,USA,Orb,,,Fast moving orbs of light,06/04/2024,42.7196653,-96.2481127,
06/03/2024 15:50,LAGUNA,NM,USA,Triangle,,,2 triangular (like a paper airplane) flying objects,06/05/2024,35.040423,-107.4266284,
06/05/2024 01:00,GOLDEN,CO,USA,Disk,,,We saw a large disc shaped craft with three levels of windows. It hovered silently and then disappeared into thin air.,06/05/2024,39.7546349,-105.22058,
06/05/2024 13:30,FORT LEAVENWORTH,KS,USA,Cylinder,,,While looking at vultures circling above I noticed something glinting sunlight above at approximately 65-70° that was silver and silent,06/05/2024,39.3603878,-94.9253096,
06/05/2024 09:20,SPOKANE,WA,USA,Other,,,"Zooming at a blistering speed, a streak in the sky",06/05/2024,47.6571934,-117.42351,
06/05/2024 21:53,CEDARTOWN,GA,USA,Light,,,A strange light arrangement that is not seen on normal aircraft,06/05/2024,34.0124425,-85.2559398,
06/01/2024 20:12,HUNTSVILLE,TX,USA,Disk,,,Made strange movements then went 90 degrees right then 90 degrees left in about a second.,06/06/2024,30.7235263,-95.5507771,
06/05/2024 00:02,LAKEWOOD,CO,USA,Changing,,,Crazy maneuvering,06/06/2024,39.7085736,-105.0846694,
06/01/2024 19:40,EAST HARTFORD,CT,USA,Oval,,,"Large craft seen in the sky on Main Street in East Hartford, CT. Craft seen changing directions and hovering.",06/06/2024,41.767914,-72.644512,
06/06/2024 12:39,TIGARD,OR,USA,Cylinder,,,Observed a TicTac,06/06/2024,45.4307473,-122.771933,
06/07/2024 04:02,ORANGEVALE,CA,USA,Triangle,,,Craft sighted two nights in row now,06/07/2024,38.6785145,-121.2257818,
06/07/2024 19:36,NORTH ARLINGTON,NJ,USA,Disk,,,I look up for one second to look outside and I see a flying donut.,06/07/2024,40.788434,-74.1331988,
06/01/2024 01:15,TACOMA,WA,USA,Disk,,,It was seen by two people and it was the best feeling ever,06/08/2024,47.2455013,-122.438329,
06/08/2024 01:11,MCBRIDE,BC,Canada,Formation,,,A lime green line traveling south west towards north eastish,06/08/2024,53.304196,-120.1640704,
06/07/2024 22:15,CALVERTON,NY,USA,Disk,,,Small grey arc got closer and closer and seemed to become gigantic disk shaped object,06/08/2024,40.9117907,-72.7709709,
06/08/2024 03:45,COLORADO SPRINGS,CO,USA,Light,,,Steady Horizontal Light,06/08/2024,38.8339578,-104.825348,
06/07/2024 21:15,MANISTIQUE,MI,USA,Orb,,,Was gazing out window and saw strange lights over the lake,06/08/2024,45.95779,-86.246419,
06/07/2024 17:00,PORTLAND,OR,USA,Sphere,,,"I was sitting on my back porch looking north, and I saw a shimmering object standing still, and then it flew over my apartment.",06/08/2024,45.5202471,-122.674194,
06/08/2024 16:30,SUMMERVILLE,SC,USA,Oval,,,I saw one irregular black object. My picture shows up to 11 maybe more,06/08/2024,33.0186699,-80.1762704,
06/08/2024 22:11,BOONE,NC,USA,Cigar,,,Craft moved rapidly lighting up on and off,06/08/2024,36.2187873,-81.684004,
06/04/2024 22:23,KITTY HAWK,NC,USA,Cigar,,,Family noticed a slow moving object with no sound. The object was red and faint to the eye. No sound and slow moving,06/08/2024,36.0664318,-75.6935448,
06/08/2024 21:05,CORONA,CA,USA,Light,,,"Light appears, bright, catching my attention…. Disappears instantly",06/08/2024,33.8752945,-117.566444,
06/07/2024 12:35,SALT LAKE CITY,UT,USA,Rectangle,,,3 photos taken seconds apart all timed stamped 12:35,06/08/2024,40.7596198,-111.886797,
06/08/2024 21:00,WILLOW CANYON,AZ,USA,Circle,,,"A long blue nebula like haze was spotted while driving down Mt. Lemmon, it turned into white lights (12-16) which rotated around a disc",06/08/2024,32.3886863,-110.6987011,
06/09/2024 01:14,COOPERSVILLE,MI,USA,Light,,,"8-12 white lights in a straight, horizontal line just above the trees.",06/09/2024,43.0639112,-85.9347667,
06/09/2024 13:00,NOVOSIBIRSK,Novosibirsk Oblast,Russia,Fireball,,,"The sphere appeared as a fireball, initially hovering in the air, and then it flew (right to left)",06/09/2024,55.0288307,82.9226887,
06/09/2024 03:01,SATELLITE BEACH,FL,USA,Oval,,,I saw an oblong shaped white object above to my left that was low altitude moving from E to W with slight more westerly direction.,06/09/2024,28.1760051,-80.5904623,
06/08/2024 04:26,BROOKSVILLE,FL,USA,Light,,,Moving light shining down on me,06/09/2024,28.5552719,-82.3878709,
06/05/2024 02:00,YUMA,AZ,USA,Circle,,,Craft flew over hesitated long enough for brief video,06/09/2024,32.7254216,-114.6198088,
06/10/2024 03:15,LA PINE,OR,USA,Orb,,,Orb shape that flickered or pulsed (visible to the naked eye) in the western sky as it moved erratically and randomly.,06/10/2024,43.6703995,-121.503636,
06/09/2024 17:20,NEW YORK,NY,USA,Sphere,,,silver sphere or disc hovering and rotating,06/10/2024,40.7127281,-74.0060152,
06/10/2024 06:00,AGUA DE CASTILLA,Departamento de Potosí,Bolivia,Circle,,,"A flying object with flashes of various colors was spotted at about 10,000 feet and was descending",06/10/2024,-19.7722452,-65.9863159,
06/09/2024 20:18,NEW YORK,NY,USA,Oval,,,Viewed 2 parallel objects one above the other going same speed.,06/10/2024,40.7127281,-74.0060152,
06/11/2024 00:15,MARTINSBURG,WV,USA,Other,,,"Looked like bottom right curve of moon, was soft red and orange.",06/11/2024,39.4562528,-77.9639604,
06/08/2024 14:00,CONOVER,NC,USA,Sphere,,,Huge Eagle flew down close to us and then the UAP was seen for 15 seconds.,06/11/2024,35.7065004,-81.2184383,
06/11/2024 21:45,WINSTON-SALEM,NC,USA,Light,,,Witnessed two flashing objects moving very erratically,06/11/2024,36.0998131,-80.2440518,
06/11/2024 21:30,PAWLEYS ISLAND,SC,USA,Light,,,"Bright, orange lights over the ocean seen with erratic, white lights.",06/11/2024,33.4293486,-79.1215912,
06/11/2024 23:40,ROUND HILL,VA,USA,Orb,,,"Lights near the Big Dipper appear, travel with constant velocity, brighten to yellow and dim to white before disappearing.",06/11/2024,39.132723,-77.7686273,
06/12/2024 00:38,ORLANDO,FL,USA,Light,,,While driving back into town from the north I noticed a luminous craft over Downtown Orlando or slightly East of.,06/12/2024,28.5421218,-81.379045,
06/12/2024 02:08,PACIFICA,CA,USA,Orb,,,Triangle shaped aircraft made up of 3 bright blinking lights and one very faint light,06/12/2024,37.5980374,-122.4995234,
06/10/2024 20:49,GLENNVILLE,GA,USA,Cylinder,,,Strange object caught on my home camera shooting across the sky.,06/12/2024,31.9365917,-81.9284501,
06/10/2024 21:00,OCALA,FL,USA,Changing,,,Group observed a helicopter circling a lighted object for several minutes. Object changed shape and departed rapidly to the east.,06/12/2024,29.1871986,-82.1400923,
06/10/2024 23:30,SUMMERFIELD,NC,USA,Triangle,,,Bright Triangle Craft Hovering Next to Cloud,06/12/2024,36.2087468,-79.9047583,
06/11/2024 22:23,COOKEVILLE,TN,USA,Changing,,,Red and green lights were expanding and contracting repeatedly while also remaining in the same position in the sky,06/12/2024,36.1623886,-85.4997057,
06/13/2024 00:10,WILLS POINT,TX,USA,Flash,,,"Walking home I seen white lights flash for an instant, above and in front of the moon.",06/13/2024,32.7092955,-96.0083018,
06/11/2024 21:28,PORTLAND,OR,USA,Light,,,Three bright lights in a triangle shape,06/13/2024,45.5202471,-122.674194,
06/11/2024 00:30,LEE,NH,USA,Light,,,Saw a light come into my yard,06/13/2024,43.12354,-71.011505,
06/13/2024 20:30,PITTSBURGH,PA,USA,Light,,,Very bright light. It was still light out. The light stayed around for 5 to 10 minutes and then just disappeared,06/13/2024,40.4406968,-80.0025666,
06/13/2024 21:13,BOOTHBAY,ME,USA,Unknown,,,Heard a giant boom then saw this very bright slowly rise up behind the trees. It got faster and faster.,06/13/2024,43.8751684,-69.6338532,
06/12/2024 21:30,SEATTLE,WA,USA,Unknown,,,Dark object that seems to have multiple shapes and genetic makeup (smokey yet also partly physical object),06/13/2024,47.6038321,-122.330062,
06/14/2024 04:40,OLDTOWN,KY,USA,Circle,,,It came down from the clouds then disappeared over the tree line heading almost true North .,06/14/2024,38.4403582,-82.8982241,
06/09/2024 14:38,HILLSBORO,OR,USA,Oval,,,"Oval shaped object circled around directly above, then dipped down, changed form, became obscured by blurry air and disappeared.",06/14/2024,45.5228939,-122.989827,
06/14/2024 19:15,OTTAWA,ON,Canada,Egg,,,Silver static egg liked object hovered in the distance. Sun reflected off it. It pulsed with a light and then disappeared into thin air,06/14/2024,45.4208777,-75.6901106,
06/14/2024 19:30,LOS ANGELES,CA,USA,Disk,,,We were laying in the front yard and looking up in the sky and my friend saw something shinny and bright and round.,06/14/2024,34.0536909,-118.242766,
06/15/2024 02:25,DILLINGHAM,AK,USA,Light,,,2 light naked eye thought they were stars but they moved,06/15/2024,59.0398598,-158.4604177,
06/05/2024 16:35,RAYTOWN,MO,USA,Other,,,Flying object,06/15/2024,39.0089226,-94.4622103,
06/12/2024 09:46,CHARLOTTE,NC,USA,Sphere,,,"Viewed 4 metallic objects shaped like a football, smaller than a plane, but bigger than a car.",06/15/2024,35.2272086,-80.8430827,
06/16/2024 00:20,BATTLE CREEK,MI,USA,Oval,,,I saw a oval object with a very bright light zoom from behind me then stopped and disappeared.,06/15/2024,42.3192548,-85.1824269,
06/15/2024 16:45,PALMER,AK,USA,Disk,,,My wife and I were leasing at Jim Lake near Palmer and saw this object and then we saw it in a picture I took.,06/15/2024,61.5995703,-149.11109,
06/08/2024 01:12,LANGLEY TOWNSHIP,BC,Canada,Unknown,,,I was just outside having a smoke and saw it. Not sure what it was have video,06/16/2024,49.1202942,-122.659331,
06/15/2024 21:20,WATERBORO,ME,USA,Light,,,"A small bright light in the sky that appeared suddenly then faded away with no trail, and was moving slowly for ~5 seconds",06/16/2024,43.5359817,-70.714599,
06/15/2024 21:56,FOREST CITY,NC,USA,Triangle,,,"Triangle shape, solid glow. No sound.",06/16/2024,35.3337279,-81.8649245,
06/16/2024 13:25,SACRAMENTO,CA,USA,Light,,,Green “meteor” enters atmosphere,06/16/2024,38.5810606,-121.493895,
06/15/2024 22:55,TROY,MI,USA,Light,,,"Saw 2 flying objects that looked like planes, but were stopping and turning randomly in different directions.",06/16/2024,42.6055893,-83.1499304,
06/16/2024 17:35,MONTCLAIR,NJ,USA,Orb,,,Just noticed this in the sky while laying in the yard. It slowly moved across the sky until disappearing behind a tree.,06/16/2024,40.8164458,-74.2210643,
06/15/2024 21:30,ALAMOGORDO,NM,USA,Light,,,White orb hovering over mountain.,06/16/2024,32.8998822,-105.9602081,
06/17/2024 03:21,WESTLAND,MI,USA,Unknown,,,Tail-like lights whipping and floating up and down.,06/17/2024,42.3238056,-83.4005321,
06/04/2024 09:00,SPOKANE,WA,USA,Orb,,,Seen by naked eye and thru camera lens with pictures. Then all of a sudden the camera froze and turned darker blue,06/17/2024,47.6571934,-117.42351,
06/16/2024 19:19,OYSTER BAY,NY,USA,Orb,,,Looked like 2 orbs spinning around each other. And reflecting sunlight as it’s spinning. No sound and floating like balloons very high,06/17/2024,40.7696568,-73.4998608,
06/17/2024 21:50,GUNNISON,CO,USA,Light,,,Multiple craft flying in multiple directions even from straight up from the ground. Cows are losing it right now.,06/17/2024,38.6476702,-107.0603126,
06/08/2024 20:21,ORLANDO,FL,USA,Oval,,,We were sitting on our balcony and looked up to see 3 oval/spherical objects flying in a triangular formation. .,06/17/2024,28.5421218,-81.379045,
06/17/2024 23:14,BAINBRIDGE,NY,USA,Changing,,,"It changed shape from square to zigzag, changed direction and ht, in my barnyard. Faced the coop and moved to front of my wood shed.",06/17/2024,42.2935152,-75.4792592,
06/15/2024 00:11,RICHMOND,CA,USA,Orb,,,Three orbs in a line coming up from the ground,06/18/2024,37.9357576,-122.347748,
06/17/2024 22:50,OTTAWA,ON,Canada,Orb,,,"Glowing orange orb that moved swiftly at about 3,000ft from west to east on a very straight path. Observed through binoculars.",06/18/2024,45.4208777,-75.6901106,
06/17/2024 23:05,SACRAMENTO,CA,USA,Light,,,Comet like object,06/18/2024,38.5810606,-121.493895,
06/17/2024 23:56,DEER PARK,WA,USA,Unknown,,,It was about the length of a school bus shot straight up in the air and shot off to the north while getting very bright and left trail,06/18/2024,47.9543679,-117.4768479,
06/15/2024 08:45,WEST MILFORD,NJ,USA,Disk,,,Saw a large disk hovering -flying over the mountain top really close to the tree line and went up and over bearfort mountain.,06/18/2024,41.1312069,-74.3673748,
06/18/2024 20:40,WASHINGTON,DC,USA,Circle,,,Round silver shining object,06/18/2024,38.8950982,-77.0363849,
06/18/2024 20:50,LEAWOOD,KS,USA,Circle,,,"Initially seen by naked eye, but slowly elevated and was out of sight within 30 minutes.",06/18/2024,38.966673,-94.6169012,
06/17/2024 23:00,SPICER CITY,CA,USA,Light,,,Have video of white light/formation. Then 7 star like lights sped away 30 second intervals,06/18/2024,35.5010719,-119.6045681,
06/18/2024 17:07,BOISE,ID,USA,Sphere,,,"Adult male and 9 year old child watched a orb/sphere move slowly in the sky, and it looked like there was propulsion out of bottom.",06/18/2024,43.6166163,-116.200886,
06/17/2024 22:00,YAKIMA,WA,USA,Triangle,,,"Strange craft ""swimming"" in sky",06/18/2024,46.601557,-120.510842,
06/18/2024 20:20,LEE'S SUMMIT,MO,USA,Oval,,,"Two Lights in Lee's Summit, MO SW Sky, One Disappeared while other Remained for 45 min.",06/18/2024,38.9107156,-94.3821295,
06/19/2024 04:45,JACKSONVILLE,FL,USA,Triangle,,,Black triangle very low no noise,06/19/2024,30.3262247,-81.6579179,
06/06/2024 19:15,LEAVENWORTH,IN,USA,Disk,,,UFO above the river.,06/19/2024,38.1997869,-86.3441439,
06/18/2024 20:44,SAN DIEGO,CA,USA,Circle,,,In the Starlink tail first one object are seen and recorded playing in the tail of the satellite then a second object appeared.,06/19/2024,32.7174202,-117.162772,
06/17/2024 06:50,DEL REY,CA,USA,Cigar,,,Silver then changed to translucent,06/19/2024,36.6559911,-119.5989345,
05/01/2024 11:20,NASHVILLE,TN,USA,Diamond,,,White glow in center. Floating high. Not a plane or helicopter. It was looping erratically then dissappeared,05/01/2024,36.1622767,-86.7742984,
05/01/2024 22:30,,Delhi,India,Star,,,Saw 20-30 stars emerge in from the Auriga constellation and travel and turned conspicuously east of Star Capella,05/01/2024,28.6138954,77.2090057,
05/01/2024 21:45,CLEVELAND,OH,USA,Orb,,,I saw an orange orb in the sky moving for approximately 9-12 seconds.,05/01/2024,41.4996574,-81.6936772,
05/02/2024 01:00,LAVINIA,TN,USA,Orb,,,3 lights get bright and dim then repeat,05/01/2024,35.8498258,-88.6606235,
05/01/2024 13:00,,,Unspecified,Cigar,,,Cigar shaped object flickered and then disappeared.,05/02/2024,27.1556836,65.6101216,
05/02/2024 21:07,PHOENIX,AZ,USA,Oval,,,Oval shaped Hazy white light object in sky,05/02/2024,33.4484367,-112.074141,
05/02/2024 21:06,BULLHEAD CITY,AZ,USA,Oval,,,Saw a massive light in the sky that seemed masked by clouds yet it is a cloudless night,05/02/2024,35.1449998,-114.5627804,
05/02/2024 21:16,BARSTOW,CA,USA,Other,,,Unlike anything I have seen.,05/02/2024,34.8986215,-117.0244313,
05/02/2024 21:15,HEMET,CA,USA,Cone,,,Saw object with cone shaped lights emanating from the sides of the object,05/02/2024,33.7475203,-116.9719684,
05/02/2024 21:10,TEMPE,AZ,USA,Sphere,,,Slight illumination that went to a sold almost invisible black,05/02/2024,33.4255117,-111.940016,
05/02/2024 22:08,CLIFF,NM,USA,Light,,,Large bright white light,05/02/2024,32.9622918,-108.6111649,
05/02/2024 22:10,GLENDALE,UT,USA,Unknown,,,"A bright light appeared over the horizon, came toward us, and then disappeared overhead. It then reappeared across the valley.",05/02/2024,37.3177609,-112.597154,
05/02/2024 20:06,BUCKEYE,AZ,USA,Light,,,"Flying westbound at 43000’ object was opposite direction, appeared to be orbital alt and speed, large aura around object.",05/03/2024,33.3703197,-112.583776,
05/03/2024 05:14,CLAYTON,NC,USA,Orb,,,Multiple orbs floating in the sky moving around silently,05/03/2024,35.650711,-78.4563914,
05/02/2024 21:10,MORRISTOWN,AZ,USA,Circle,,,"Light coming from the west going east, when it came closer it appeared to look like a blurry cloud of light.",05/03/2024,33.8550559,-112.6134132,
05/01/2024 21:50,LAKELAND,FL,USA,Orb,,,Light recorded on SD ring doorbell,05/03/2024,28.0394654,-81.9498042,
05/02/2024 21:20,RIO VERDE,AZ,USA,Orb,,,Large orb like luminous mist moved across the sky,05/03/2024,33.7249997,-111.6688292,
05/02/2024 21:07,MOAPA VALLEY,NV,USA,Circle,,,"We seen a air craft in the sky, that was not a airplane, it just vanished",05/03/2024,36.606137,-114.4548576,
05/03/2024 10:15,MYRTLE BEACH,SC,USA,Cylinder,,,It was flying away from airport and looked like very small craft but quickly disappeared into space. Very cloudy above it but I quickly,05/03/2024,33.6956461,-78.8900409,
05/02/2024 21:05,GOLETA,CA,USA,Light,,,"Bright white light, no noise, lower in sky over neighborhood. Changes direction, stops & winks out.",05/03/2024,34.4358295,-119.8276389,
05/03/2024 13:40,CAROLINA,Carolina,Puerto Rico,Unknown,,,"Small object was caught flying during a slow motion recording of the lightning, the object flew very fast going south.",05/03/2024,18.3808516,-65.9570244,
05/03/2024 21:39,LAFAYETTE,LA,USA,Orb,,,Driving northwest at the corner of Kaliste Saloom Rd and Kensington looked up and saw a string of about 9 orbs in a straight line,05/03/2024,30.2262187,-92.0178202,
05/03/2024 23:30,NOBLESVILLE,IN,USA,Circle,,,Green Circle/Oval Witness in Sky Zooms Quickly Away in Noblesville Indiana,05/03/2024,40.0460881,-86.0139854,
05/03/2024 23:37,ANN ARBOR,MI,USA,Fireball,,,We saw a glowing blue green fireball travel across the night sky,05/03/2024,42.2813722,-83.7484616,
05/02/2024 21:07,MORGAN HILL,CA,USA,Fireball,,,"Looked up when in yard. Saw hazy cloud w/bright center. Tried to take video, but picture instead. As soon as picture taken, it vanished",05/03/2024,37.130408,-121.6544974,
05/04/2024 04:30,MATHISTON,MS,USA,Circle,,,lights shooting across sky in perfect sync. Unidentified by radars.,05/04/2024,33.5392629,-89.1255502,
05/03/2024 23:35,DETROIT,MI,USA,Light,,,"The ufo moved very fast, change direct, then quickly moved away at a steeper angle",05/05/2024,42.3315509,-83.0466403,
05/05/2024 02:40,,GA,USA,Light,,,"Object with no strobes, characteristic of a light bulb on a dimmer switch, stationary.",05/05/2024,32.3293809,-83.1137366,
05/04/2024 19:10,MANGALURU,Karnataka,India,Light,,,Bright light object looked like a satellite. Moving at the speed of a satellite. But irregular patterns,05/04/2024,12.8698101,74.8430082,
05/04/2024 21:30,ALPHARETTA,GA,USA,Other,,,15-20 lights. Straight line.7000’ high. Maybe 1 mile length,05/04/2024,34.0755962,-84.2945964,
05/03/2024 23:00,GREENFIELD,NH,USA,Orb,,,"Slow moving objects suddenly glew extremely bright, dimmed, then continued WNW on a non elliptical path",05/04/2024,42.9506384,-71.8723003,
05/04/2024 20:24,SARASOTA,FL,USA,Other,,,Gray bell shaped object spotted flying,05/05/2024,27.3365805,-82.5308545,
05/05/2024 20:47,LOS ANGELES,CA,USA,Orb,,,"I saw the light when I was in my backyard just on my phone, it was zooming in the sky from the east to west.",05/05/2024,34.0536909,-118.242766,
05/05/2024 21:15,JACKSONVILLE,FL,USA,Formation,,,"Several lights on arched trajectory, staying in place before quickly accelerating away",05/06/2024,30.3262247,-81.6579179,
05/06/2024 16:30,GOSHEN,CT,USA,Cylinder,,,"Observed while driving westbound on CT Route 4 at the intersection of East St North, black cylindrical-shaped object, completely still.",05/06/2024,41.8317624,-73.2251145,
05/06/2024 13:16,GOOD HOPE LAKE,BC,Canada,Changing,,,"One was hovering on mt pendelton at dusk , has a hook below it , several responded to our strobe light",05/06/2024,59.2985669,-129.2792743,
05/05/2024 13:48,CLOVIS,CA,USA,Circle,,,Object no sound traveling fast,05/06/2024,36.8252277,-119.7029194,
05/02/2024 21:07,MALIBU,CA,USA,Light,,,"A bright white light with a haze around it, like a helicopter hovering, then suddenly moved incredibly fast to the north east.",05/06/2024,34.035591,-118.689423,
05/06/2024 21:25,BRADENTON,FL,USA,Formation,,,100 blue orb formations white starlike orbs speeding across sky and speeding towards each other!,05/06/2024,27.4989278,-82.5748194,
05/06/2024 21:20,TUCSON,AZ,USA,Light,,,Thought it was a meteorite until it changed direction.,05/06/2024,32.2228765,-110.974847,
05/07/2024 02:00,VAIL,AZ,USA,Light,,,Coming from the constellation of Cassiopeia. Most move left to right. Some move from up to down. Some change directions.,05/07/2024,32.0100705,-110.6975281,
05/06/2024 21:00,CHARLOTTE,NC,USA,Circle,,,The red orbs were circling and chasing Aircraft taking off from the Charlotte Douglas Airport,05/07/2024,35.2272086,-80.8430827,
05/07/2024 01:30,EAGLE MOUNTAIN,UT,USA,Unknown,,,Flashing light behaving erratically moving extremely fast,05/07/2024,40.3093488,-112.0119825,
05/07/2024 19:00,MOUNTAIN VIEW,CA,USA,Cylinder,,,White cylinder in the sky,05/07/2024,37.3893889,-122.0832101,
05/07/2024 22:10,ST. CLOUD,MN,USA,Light,,,"Light traveling fast and then vanished, followed by another aircraft.",05/07/2024,45.5616075,-94.1642004,
05/08/2024 01:09,TAYLORSVILLE,UT,USA,Unknown,,,Aircraft was traveling west over salt lake valley,05/08/2024,40.6676347,-111.9388027,
05/04/2024 21:00,BROOMFIELD,CO,USA,Cylinder,,,"Floating slowly at 800', east to west, then south, no lights or sound. Steady altitude",05/08/2024,39.9403995,-105.05208,
05/07/2024 11:40,PHILADELPHIA,PA,USA,Cylinder,,,High up 3 bright white lights. Moving slowing then stopping and staying still slightly changing position repeat staying still,05/08/2024,39.9527237,-75.1635262,
05/08/2024 23:23,ABDÓN CASTRO TOLAY,Jujuy Province,Argentina,Light,,,"At first, it seemed like a vehicle, but then it began to rise and rise.",05/08/2024,,,
05/08/2024 21:55,SEATTLE,WA,USA,Fireball,,,Huge huge fireball with a red tail falling from sky.,05/08/2024,47.6038321,-122.330062,
05/09/2024 15:30,SPRINGFIELD,OR,USA,Cigar,,,I spotted a white object about 45 degrees above the horizon then pointed it out to my son in the car then the object fades away.,05/09/2024,44.0462362,-123.0220289,
05/08/2024 07:25,LEWISVILLE,NC,USA,Sphere,,,White sphere observed in sky.,05/09/2024,36.0970819,-80.4192216,
05/09/2024 21:35,FRESNO,CA,USA,Light,,,Solid light moved from SW to NE with no dimming of solid white light.,05/09/2024,36.7394421,-119.78483,
05/09/2024 21:38,SAN JOSÉ DEL CABO,Baja California Sur,Mexico,Triangle,,,"We saw a triangular/round bright light in the sky moving quickly, it then completely disappeared even though the sky had no clouds.",05/09/2024,23.0598364,-109.7025148,
05/09/2024 22:38,PERRIS,CA,USA,Light,,,A short appearance and disappearance of an orange light.,05/10/2024,33.7818729,-117.2298477,
05/10/2024 05:00,WESTLAND,MI,USA,Other,,,an electrical arc hovering,05/10/2024,42.3238056,-83.4005321,
05/09/2024 14:27,FRANCIS,UT,USA,Cigar,,,"I took a few pics of a funnel cloud that was just south of my location in Francis, UT. One pic showed an object",05/10/2024,40.6102645,-111.280483,
05/09/2024 20:39,SCOTTSDALE,AZ,USA,Star,,,"I saw what looked like a star twinkling but then it was going brighter then dimmer, flashing - then it took off quickly to the right",05/10/2024,33.4942189,-111.926018,
05/11/2024 00:02,WIRRAL,England,United Kingdom,Circle,,,White light jumping in different directions,05/10/2024,53.3409714,-3.0500916,
05/11/2024 07:13,REDMOND,OR,USA,Other,,,"Jellyfish style UAP traveling from the west, to the east",05/11/2024,44.2726203,-121.173921,
05/10/2024 19:57,NIAGARA FALLS,NY,USA,Fireball,,,Fireball Soaring above clouds,05/11/2024,43.084841,-79.0701786,
05/11/2024 22:29,LAW,Scotland,United Kingdom,Light,,,"Orange light, no ADSB, no rocket, no trail",05/11/2024,55.7501986,-3.8845601,
05/11/2024 17:20,BOLIVAR,MO,USA,Cube,,,"Rotating cube over Bolivar, MO",05/11/2024,37.6136916,-93.4107968,
05/11/2024 16:30,TACOMA,WA,USA,Changing,,,Seen at approximately a 75 degree angle from my location. Very high altitude.,05/11/2024,47.2455013,-122.438329,
05/11/2024 01:38,SEATTLE,WA,USA,Unknown,,,Triangular arrangement of lights flying swiftly and rotating,05/11/2024,47.6038321,-122.330062,
05/11/2024 21:38,MADISON,AL,USA,Circle,,,"Changed directions, brightness, and speed",05/11/2024,34.7736807,-86.5675095,
05/11/2024 11:46,ST. PETERSBURG,FL,USA,Flash,,,"Pair of blinking green plane-like lights that hovered a while, then started to dart / jag at odd fast speeds",05/11/2024,27.7712264,-82.6340259,
05/11/2024 21:46,PARLIER,CA,USA,Diamond,,,The strange orb was blue and weird it lasted for about 2 minutes,05/11/2024,36.611681,-119.5300864,
05/12/2024 00:01,ELLIJAY,GA,USA,Orb,,,"Me and girlfriend in an extremely remote location, had a close encounter event!",05/11/2024,34.6950278,-84.4827394,
05/11/2024 23:15,YORK,ME,USA,Cylinder,,,Appeared continuously for 2.5 hours did not appear in any other areas of the sky besides directly above the lighthouse.,05/12/2024,43.4229305,-70.6546639,
05/11/2024 10:26,AL MAGWA,Al Ahmadi Governorate,Kuwait,Circle,,,Spotted something resembling the orions belt but it was moving at a medium pace and looking like a star at night,05/12/2024,29.0930989,48.0505916,
05/11/2024 22:00,CODY,WY,USA,Fireball,,,White fireball fell down into the mountains,05/12/2024,44.5263107,-109.056392,
05/10/2024 21:00,ALLEGANY,NY,USA,Triangle,,,Went outside to see the northern lights and saw a multiple circle of lights in the northeast sky..,05/12/2024,42.2446061,-78.0419281,
05/11/2024 23:30,ABBOTSFORD,BC,Canada,Triangle,,,Sighted a black triangle while viewing the night sky with binoculars,05/12/2024,49.0521162,-122.329479,
05/11/2024 22:00,COOKEVILLE,TN,USA,Circle,,,High altitude craft travelling out of the South heading North,05/12/2024,36.1623886,-85.4997057,
05/12/2024 14:37,PAGE,AZ,USA,Circle,,,Mysterious Glowing Circles Captured Above My Head in Vacation Photo,05/12/2024,36.9148305,-111.457294,
05/10/2024 21:00,CLEWISTON,FL,USA,Light,,,We saw 2 extremely bright lights 50 feet off the ground going past us heading south,05/12/2024,26.7542264,-80.9342307,
05/12/2024 16:19,HONOLULU,HI,USA,Orb,,,Six orbs moving north in a formation,05/13/2024,21.304547,-157.855676,
05/11/2024 20:42,CENTERTON,AR,USA,Circle,,,Observed a total of12 circular reddish-orange objects,05/13/2024,36.3652679,-94.2886875,
05/12/2024 20:58,LOS MÉDANOS,Baja California,Mexico,Cylinder,,,"We observed a very large (500-1500 ft long), dark, unlit, flying object flying below 10,000 ft down the Chico valley.",05/13/2024,32.6294246,-115.2125465,
05/13/2024 17:15,SARASOTA,FL,USA,Oval,,,It was flying like a plane but was flat as a pancake.,05/13/2024,27.3365805,-82.5308545,
05/11/2024 23:59,,Wales,United Kingdom,Circle,,,My son was waiting to see the northern lights and he videoed the event I have 3second video of it,05/13/2024,52.2928116,-3.73893,
05/13/2024 22:21,WARRINGTON,England,United Kingdom,Cigar,,,Picture of moon with brightly lit object to the right of the moon,05/13/2024,53.4015716,-2.5681941,
05/13/2024 09:27,BATESBURG-LEESVILLE,SC,USA,Diamond,,,"Diamond shaped, matte dark grey, solid, massive",05/13/2024,33.9101425,-81.5373261,
05/08/2024 18:55,GOWER,Victoria,Australia,Orb,,,"During an evening walk on property in bushland, a main craft was sighted high in the sky, followed by multiple others",05/13/2024,-37.031727,144.0972458,
05/11/2024 04:44,LEVITTOWN,NY,USA,Orb,,,"A bright orb appeared in the NW sky, right after witnessing rare Northern Lights, and glided SE direction, spinning, changing colors ,",05/13/2024,40.721775,-73.5125577,
05/12/2024 20:30,LANSING,WV,USA,Circle,,,"Facing north looking up when large, fast-moving bright white “star” appeared at 1 oclock darting to 11 o’clock then disappeared in tree",05/13/2024,38.073444,-81.0656566,
05/13/2024 18:40,WASHINGTON,DC,USA,Orb,,,"When looking at a clear blue sky, I saw 7 to 10 orbs in 3 created a triangle formation it disappeared and reappear twice",05/14/2024,38.8950982,-77.0363849,
05/04/2024 22:45,FORT WAYNE,IN,USA,Sphere,,,"We saw a bright, stationary object in the sky.",05/14/2024,41.0799898,-85.1386015,
05/14/2024 20:08,GASTONIA,NC,USA,Unknown,,,A black slow spinning object that was flashing floated up and out of sight while slowly spinning.,05/14/2024,35.2622654,-81.1838186,
05/10/2024 22:30,JAMESTOWN,NY,USA,Orb,,,Orb sighting in the roadside shrubbery,05/14/2024,42.0965167,-79.2380322,
05/14/2024 20:00,BOSTON,MA,USA,Sphere,,,I saw a quickly gliding wobbling hockey puck looking UAP/UFO flying in a straight line high in the sky but lower than an airplane.,05/14/2024,42.3588336,-71.0578303,
05/15/2024 02:20,MAZATLÁN,Sinaloa,Mexico,Light,,,Lights dropping from very high altitude and then heading south. Different locations and at differing interludes.,05/15/2024,23.2035785,-106.4208391,
05/15/2024 03:59,EL DORADO HILLS,CA,USA,Formation,,,They were a tube of lights that came in and out of the ground,05/15/2024,38.6827365,-121.0536827,
05/17/2024 13:02,HUGO,CO,USA,Oval,,,"Reached for phone after viewing object for over a minute <half mile from me, I took enclosed picture a few seconds after.",05/18/2024,39.1342636,-103.469049,
05/12/2024 20:55,KISSIMMEE,FL,USA,Fireball,,,We witnessed a rocket like anomaly shooting upward in the sky.,05/18/2024,28.2918995,-81.4075838,
05/17/2024 20:30,LAKE PLACID,FL,USA,Fireball,,,"Orange contrail, disappeared; reappeared white; huge translucent teardrop, then 2-3 small lights detached, traveling within the firebal",05/17/2024,27.2930999,-81.3628502,
05/17/2024 18:12,DENVER,CO,USA,Changing,,,Metallic sparkling shape shifting object spotted overhead moving at speed of jet from west to east a straight line viewed with binocs,05/17/2024,39.7392364,-104.984862,
05/16/2024 15:16,ATLIN,BC,Canada,Circle,,,I was in back of moving train outside-spotted white round object that dropped down then I filmed it moving left to right -,05/17/2024,59.5744934,-133.704318,
05/16/2024 22:09,GERLACH,NV,USA,Triangle,,,Large triangular object with series of three bright lights and two dimmer lights appearing underneath the two bright lights at the rear,05/17/2024,40.651812,-119.356261,
04/01/2024 21:30,ALPINE,TX,USA,Light,,,Spotlight cone from rear of object,04/01/2024,30.3602181,-103.6628596,
04/02/2024 01:43,LAS VEGAS,NV,USA,Fireball,,,It look like rocket but flow really high,04/02/2024,36.1674263,-115.1484131,
04/02/2024 01:43,LOS ANGELES,CA,USA,Circle,,,Came from seaside. Looked like burning but didn't actually burn I guess,04/02/2024,34.0536909,-118.242766,
04/02/2024 19:29,GRAVELLES,WA,USA,Teardrop,,,"Two Craft enter atmosphere, hovers in place then disappears.",04/02/2024,47.620991,-117.9991305,
04/02/2024 19:17,PORTLAND,OR,USA,Orb,,,"I was walking, observing the sunset, when I noticed a metallic sphere moving parallel to the ground. I took a video and photo.",04/03/2024,45.5202471,-122.674194,
04/03/2024 15:54,POMPEI,Campania,Italy,Unknown,,,One large object and about 39 more distant objects were observed. Enlarge photos to see the more distant objects.,04/03/2024,40.7491267,14.5006415,
04/03/2024 09:30,GENEVA,IN,USA,Changing,,,Was driving to a plumbing call when a moving object appeared in the sky.,04/03/2024,40.5924473,-84.9612944,
04/02/2024 12:30,GOODYEAR,AZ,USA,Sphere,,,Two silent objects slowly drifting and changing direction of travel.,04/03/2024,33.4672279,-112.3853489,
04/04/2024 02:00,NOWATA,OK,USA,Light,,,"Lights appear, then disappear. Would sometimes show up as 1, or 2, or 3.",04/04/2024,36.7798848,-95.6226184,
04/03/2024 22:28,DALLAS,TX,USA,Disk,,,I was falling asleep when I saw lights on the sky I opened the blinds and there I saw it flying in a straight path going over my home,04/04/2024,32.7762719,-96.7968559,
04/03/2024 08:45,LANCASTER,PA,USA,Unknown,,,theres construction near here and i was taking a walk and i saw a red thing about 5 of them and they zoomed over me,04/04/2024,40.0379958,-76.3056707,
04/04/2024 01:00,PUNTA GORDA,FL,USA,Teardrop,,,"At tree top level, no sound,moving maybe 40mph,pink white blue foggy look",04/04/2024,26.9351529,-82.0512058,
04/03/2024 21:00,BLUFFTON,SC,USA,Changing,,,"Object was translucent, traveling northwest, much faster than familiar aircraft, and large.",04/04/2024,32.2371465,-80.8603868,
04/01/2024 18:00,LOS ANGELES,CA,USA,Other,,,Flying object,04/05/2024,34.0536909,-118.242766,
04/04/2024 23:58,BENBROOK,TX,USA,Other,,,pyramid shape pointing and leading with the top of the pyramid almost like a video game interaction,04/05/2024,32.673188,-97.4605759,
04/05/2024 21:15,FAYETTEVILLE,AR,USA,Other,,,Large silent hyperbolic shaped object seen flying overhead while soaking in hot tub along with other objects,04/05/2024,36.0625843,-94.1574328,
04/05/2024 11:47,LEIPZIG,Saxony,Germany,Changing,,,Shocking,04/06/2024,51.3406321,12.3747329,
04/05/2024 22:05,WILLIFORD,AZ,USA,Circle,,,"Moving at speed of satellite, in same spot back and forth. One in the body of Orion but not his belt.",04/06/2024,36.2526818,-91.357356,
04/06/2024 00:18,KEOKUK,IA,USA,Orb,,,"Ball of light changing direction like no known aircraft capability, exiting at extremely high rate of speed.",04/06/2024,41.3154792,-92.1867128,
04/06/2024 12:05,MUNCIE,IN,USA,Formation,,,Formation of 7 UFOs made patterns in the sky before following a pure white Jet.,04/06/2024,40.1936892,-85.3865271,
04/06/2024 18:38,MILTON,ON,Canada,Orb,,,White ball moving very fast - too fast for a satellite. Followed it across clear blue sky for 30 seconds. Disappeared.,04/06/2024,43.513671,-79.882817,
04/06/2024 22:10,CLARENDON,TX,USA,Triangle,,,A low flying triangular craft which unnaturally sped into and out of the sighting location.,04/07/2024,34.9359346,-100.8905829,
04/05/2024 05:25,COCOA BEACH,FL,USA,Cylinder,,,"Extraordinarily fast, unbelievably quiet, whitish kind of translucent.",04/07/2024,28.3184107,-80.6094959,
04/06/2024 23:45,CORTE MADERA,CA,USA,Disk,,,A dark gray disk at least 100m wide flew over head as I was driving,04/07/2024,37.9254806,-122.527475,
04/05/2024 03:50,ROCK ISLAND,IL,USA,Other,,,Crazy Light was first..,04/07/2024,41.4411786,-90.5766144,
04/07/2024 17:26,NORTH KELLYVILLE,New South Wales,Australia,Sphere,,,Black sphere witnessed by 2. Traveling from South-West to North East direction.,04/07/2024,-33.6859488,150.9535842,
04/07/2024 20:17,CAPE CORAL,FL,USA,Light,,,A blinking green light moving rapidly horizontally from west to east and then east to west,04/07/2024,26.5625742,-81.9438802,
04/07/2024 21:58,BOWLING GREEN,KY,USA,Orb,,,"Standing on porch, saw glowing orb moving fast in the sky then disappear and within 2 minutes glowing orb reappeared",04/07/2024,36.9929203,-86.4428677,
04/04/2024 07:10,MCCALLA,AL,USA,Rectangle,,,Stationary rectangle with sun glinting off of it.,04/08/2024,33.3049878,-87.0126737,
04/07/2024 22:15,STOWE,VT,USA,Other,,,"Witnessed 2 inverted bowl shaped craft with very bright rotating flashing lights - white, green, red",04/08/2024,44.4643768,-72.6856197,
04/08/2024 01:23,CHARTER TOWNSHIP OF BERLIN,MI,USA,Changing,,,"At first i thought it was just a partial moon , but it looked like a thin cylinder, then after about 3 mins it moved over my house",04/08/2024,,,
04/08/2024 13:53,ALABASTER,AL,USA,Changing,,,Black object flying in circles near solar eclipse and then flew away,04/08/2024,33.2442813,-86.8163773,
04/08/2024 15:10,NEW CARLISLE,OH,USA,Orb,,,Sighting during totality of eclipse,04/08/2024,39.9361699,-84.0254913,
04/08/2024 15:32,TORONTO,ON,Canada,Circle,,,Moving zigzag dot in the sky that got bigger,04/08/2024,43.6534817,-79.3839347,
04/08/2024 15:29,MECHANICSVILLE,VA,USA,Other,,,We didn't see it until we were going through our photos,04/08/2024,37.627722,-77.3538176,
04/07/2024 10:24,GRAND CANYON VILLAGE,AZ,USA,Circle,,,2 disk silver objects traveling at extreme speed disappeared into a cloud vortex,04/08/2024,36.057807,-112.128156,
04/08/2024 10:45,BALTIMORE,MD,USA,Flash,,,Lights and abnormal movement,04/08/2024,39.2908816,-76.610759,
04/08/2024 14:40,LAKEVIEW,OH,USA,Sphere,,,Group watching the eclipse from the back of a park model witnessed this.,04/08/2024,40.4847717,-83.9229952,
04/07/2024 02:00,RODANTHE,NC,USA,Orb,,,Outer Banks Orb/Light Sighting,04/09/2024,35.5934472,-75.4678084,
04/10/2024 22:30,,Tamil Nadu,India,Star,,,"Off white star gliding across the sky taking 3-4 smooth turns before fading away ,no tail ,no sound ,moving south bw constellation",04/09/2024,11.3323723,78.6098639,
04/09/2024 15:17,IOANNINA,,Greece,Disk,,,"I was walking to my dormitory, and the disk shaped ufo was hovering over the building",04/09/2024,39.6639818,20.8522784,
04/07/2024 21:03,COUDERSPORT,PA,USA,Light,,,Strange light with a halo flew with cloud,04/09/2024,41.7728108,-78.0192691,
04/08/2024 13:45,PEMBROKE PINES,FL,USA,Cylinder,,,Didn’t actually see it real time. Appeared in picture I took of the solar eclipse behind heavy clouds,04/09/2024,26.0061943,-80.2872086,
04/07/2024 17:20,EDMONTON,AB,Canada,Orb,,,"Small, bright object seen, took short video & several still photos which later showed three white ‘orbs’",04/09/2024,53.5462055,-113.491241,
04/09/2024 13:38,DANVERS,MA,USA,Other,,,"Seen next to KC-135, described best as Trefold, No camera issues, deflections or reflections",04/09/2024,42.5664984,-70.9362957,
04/02/2024 20:35,MUSCLE SHOALS,AL,USA,Changing,,,Object broke off from one and headed west nort west at high speeds,04/10/2024,34.7436791,-87.6532615,
04/09/2024 20:00,LAKEPORT,MI,USA,Changing,,,"Spotted a black object that was humongous, turned into 2 black objects. Others seen it, and said so on Facebook group Port Huron, MI",04/10/2024,43.1150282,-82.4901982,
04/09/2024 21:00,SANTA ROSA,CA,USA,Changing,,,Rotating Circling App 15000 Feet Above 1345 White Oak Drive,04/10/2024,38.4404925,-122.7141049,
04/10/2024 22:30,ATLANTA,GA,USA,Flash,,,"Multiple blue, orange, red, purple, flashing beams occurred on the north -north east skyline of Atlanta.",04/11/2024,33.7544657,-84.3898151,
04/10/2024 11:59,MAMMOTH LAKES,CA,USA,Other,,,I did not see the UFO with my eyes but the noise is unlike I’ve ever heard before.,04/11/2024,37.6432525,-118.9668509,
04/09/2024 19:54,BULVERDE,TX,USA,Sphere,,,Object change angle trajectory from 45 deg to 5 or 10 degrees,04/10/2024,29.7438332,-98.4530729,
04/08/2024 13:00,ELLENSBURG,WA,USA,Circle,,,3 silver circle shaped aircrafts,04/11/2024,46.9970635,-120.545122,
04/10/2024 19:45,WINDER,GA,USA,Other,,,Saw it with binoculars,04/11/2024,33.9919085,-83.7184368,
04/11/2024 16:42,DES PERES,MO,USA,Other,,,UFO over northern Kirkwood,04/11/2024,38.6049811,-90.4426837,
04/08/2024 14:45,FREEPORT,IL,USA,Unknown,,,Object moving from southwestern to the east. Banked to the left heading northbound. Flume spread w/two close engine trails.,04/12/2024,42.2966861,-89.6212271,
04/11/2024 22:15,GOLDEN,CO,USA,Cone,,,2024-04-11 (April 11 2024) @ 22:15 super white -cone/long-obtuse-triangle 3-feet-long by 1-foot-tall traveling down hallway at 15 fps,04/11/2024,39.7546349,-105.22058,
04/11/2024 21:01,PETALUMA,CA,USA,Light,,,"Saw two lights that look like bright stars, much higher than planes, moving in straight line very quickly in near opposite directions.",04/11/2024,38.2325829,-122.636465,
04/11/2024 21:30,WOODSBORO,TX,USA,Triangle,,,"Dark, silent, triangular craft moving across night sky",04/12/2024,28.2382871,-97.3243804,
04/02/2024 05:46,ŚWIĘTOSZÓW,Lower Silesian Voivodeship,Poland,Orb,,,Orb flew over the road from west to east,04/12/2024,51.4738661,15.3929332,
04/12/2024 18:13,LOS ANGELES,CA,USA,Triangle,,,Black triangle,04/12/2024,34.0536909,-118.242766,
04/10/2024 19:26,DUSON,LA,USA,Circle,,,Small fast moving white or light objects in sky all directions,04/12/2024,30.2378751,-92.1801925,
04/12/2024 11:45,WATERFORD,County Waterford,Ireland,Fireball,,,Saw it and watched for 12 minutes,04/12/2024,52.2609997,-7.1119081,
04/12/2024 06:32,NEW YORK,NY,USA,Cylinder,,,"Capsule shaped craft high in the sky, seemed to periodically wink out of visibility. Also saw a black helicopter following it.",04/12/2024,40.7127281,-74.0060152,
04/12/2024 20:31,TULSA,OK,USA,Changing,,,Bright flash in the sky. Then light dimmed to no light. UFO had additional lights. Another bright flash and it was gone,04/12/2024,36.1563122,-95.9927516,
04/12/2024 20:11,PHOENIX,AZ,USA,Changing,,,Large silent fast moving bright white light seeming to be spinning very fast and creating a vortex of dark light in front and behind,04/12/2024,33.4484367,-112.074141,
04/12/2024 22:35,BENTON,KS,USA,Triangle,,,3 dim stars in the shape of a triangle rotating slowly,04/12/2024,37.7889039,-97.1086498,
04/10/2024 23:46,DOS PALOS,CA,USA,Changing,,,I was in my front yard when the first UFO looked like a comet moving in ways I’ve never seen an aircraft move and then faded,04/12/2024,36.9860582,-120.626572,
04/13/2024 00:05,GULF SHORES,AL,USA,Orb,,,Ball of pure white light came out of nowhere and dipped behind the trees when I noticed it. Then it followed me before disappearing,04/12/2024,30.2711224,-87.6893826,
04/12/2024 21:45,SEASIDE,OR,USA,Orb,,,Silent bright light,04/13/2024,45.993246,-123.920213,
04/12/2024 20:10,ORO VALLEY,AZ,USA,Other,,,"flying craft, illuminated, traveling horizontally at approx 2500 ft, then suddenly vertical, gone from view in 4 seconds",04/13/2024,32.4000525,-110.955317,
04/13/2024 08:24,COLORADO SPRINGS,CO,USA,Orb,,,"7 orb moving in tandem in day light, initially thought drones but you can see they’re not normal",04/13/2024,38.8339578,-104.825348,
04/11/2024 23:56,YOUNGSTOWN,OH,USA,Cross,,,Cross shaped object with orange lights broke apart.,04/13/2024,41.1035786,-80.6520161,
04/12/2024 21:24,REFUGIO,TX,USA,Cigar,,,Object was stationary almost and pulsating and sparking nee the bottom almost like a thin stretched out flame with a glow in clouds,04/13/2024,28.3171012,-97.2394101,
04/12/2024 20:15,ORO VALLEY,AZ,USA,Circle,,,Bright circular light with emit foggy light on left and right sides,04/13/2024,32.4000525,-110.955317,
04/13/2024 20:50,LAFAYETTE,LA,USA,Other,,,A straight line with 23 lights steering slowly a but faster than airplane.,04/13/2024,30.2262187,-92.0178202,
04/13/2024 21:07,NOTTINGHAM,MD,USA,Cigar,,,"Very bright object streaming through the sky, low in the horizon from East to West, Very Fast down angle Looked like to was a meteor",04/13/2024,39.3639964,-76.4521842,
04/12/2024 20:30,FLORENCE,AZ,USA,Oval,,,"Large brightly glowing object was traveling in a southeast direction towards my location, then just dissappered",04/13/2024,33.0314508,-111.387343,
04/13/2024 20:15,KING OF PRUSSIA,PA,USA,Egg,,,"Saw a very bright white light hovering above King Of Prussia on 4/13/24 just after 8pm. Some blinking, little movement. Disappeared.",04/14/2024,40.0947625,-75.3851334,
04/14/2024 11:15,WILSONVILLE,OR,USA,Circle,,,"I've never seen anything like it. Sort of floating, changing color light to dark, then just disappeared",04/14/2024,45.3099218,-122.76816,
04/14/2024 12:56,LAKEWOOD RANCH,FL,USA,Light,,,Fast moving streak of light sometimes splitting into 2 or 3 pieces,04/14/2024,27.4091912,-82.3925244,
04/13/2024 00:03,COLDWATER,ON,Canada,Egg,,,Me and my friend were on his roof and we noticed a blue beam of light fly across the sky,04/14/2024,44.7097402,-79.6439762,
04/14/2024 22:02,GROVEPORT,OH,USA,Circle,,,"White circle moving from south to north, suddenly turns 180 degree, then zig zags, then shoots straight up out of sight.",04/14/2024,39.8522449,-82.8868636,
04/14/2024 20:00,MOUNT GILEAD,OH,USA,Light,,,Looked like a comet,04/14/2024,40.5492265,-82.8274015,
04/14/2024 23:02,BILLINGS,MT,USA,Formation,,,Estimated 8 white lights in geometric shape,04/14/2024,45.7874957,-108.49607,
04/14/2024 21:00,MATAGORDA,TX,USA,Other,,,"A passenger train on a dark night,long",04/14/2024,28.8879823,-96.0035095,
04/14/2024 11:45,WEST DES MOINES,IA,USA,Triangle,,,I saw it fly over the hotel and it was huge.,04/15/2024,41.5644476,-93.7594059,
04/14/2024 21:45,LOS ANGELES,CA,USA,Light,,,2 separate sightings over the course of 90 minutes,04/15/2024,34.0536909,-118.242766,
04/12/2024 20:10,YUCCA,AZ,USA,Oval,,,"I witnessed and filmed an oblong object moving in the sky with no noise, a large directional light and window.",04/15/2024,34.8726671,-114.149858,
04/12/2024 21:56,NAVARRE,FL,USA,Triangle,,,"Triangle object, 16 visible lights, craft left line of sight without flying over horizon, instead appearing to leave orbit",04/15/2024,30.4019789,-86.8700821,
04/11/2024 18:00,TOLEDO,OH,USA,Oval,,,Tilting moved backwards and then disappeared in distance,04/15/2024,41.6529143,-83.5378173,
04/15/2024 20:45,PARMA,OH,USA,Light,,,I saw a white light that faded to red then disappeared,04/15/2024,41.3822398,-81.7355692,
04/13/2024 15:10,HOLLAND,MI,USA,Oval,,,"Daytime sighting of huge, reflective disappearing orb",04/15/2024,42.7876022,-86.1090828,
04/12/2024 20:30,INDIO,CA,USA,Oval,,,"On a stargazing trip with 3 NASA scientists, a cluster of objects repeatedly flew overhead.",04/15/2024,33.7192808,-116.2188054,
04/16/2024 03:35,NEW YORK,NY,USA,Unknown,,,"A low, bright, north-angled orb that was abnormally large but fleeting.",04/16/2024,40.7127281,-74.0060152,
04/16/2024 15:10,NEW YORK,NY,USA,Star,,,Wondering if anyone else noticed,04/16/2024,40.7127281,-74.0060152,
04/15/2024 21:04,MAXTON,NC,USA,Formation,,,3 lights in a triangle shape,04/16/2024,34.7351615,-79.3489317,
04/15/2024 21:00,SHADY COVE,OR,USA,Circle,,,There where multiple in the night sky 2 different spots,04/16/2024,42.610909,-122.8219854,
04/14/2024 23:59,KALAMAZOO,MI,USA,Light,,,A fast moving line of lights breaking formation briefly then reforming a line before disappearing.,04/16/2024,42.291707,-85.5872286,
04/16/2024 19:58,GLENDALE,AZ,USA,Fireball,,,Huge disappearing fireball in PHX,04/17/2024,33.5386858,-112.185994,
04/17/2024 21:00,NORTH BETHESDA,MD,USA,Rectangle,,,"Flying above 355 from north flying toward south, with pike, Red lights or red light on each end. No sound at all.",04/17/2024,39.04065,-77.1233873,
03/01/2024 05:45,BERRIEN CENTER,MI,USA,Light,,,"@ 100 ft tall and 10 ft wide, looked like two vertical rows of lights, approx 300-500 feet high in the sky",03/01/2024,41.9567124,-86.2766818,
03/02/2024 01:38,FATULLAH,Dhaka Division,Bangladesh,Unknown,,,I was walking alone on my terrace and suddenly I saw something weird on the sky and I got scared.I thought It's something paranormal.,03/01/2024,23.6503507,90.4757879,
03/01/2024 05:33,SPOKANE,WA,USA,Other,,,Stepped outside for fresh air therapy and bogey! all of a sudden a spark!- to the West,03/01/2024,47.6571934,-117.42351,
03/01/2024 14:59,SCANDINAVIA,WI,USA,Cigar,,,Cylindrical craft similar to ICBM no sound consistent speed. Wings on the side and tail seems small.,03/01/2024,44.4584557,-89.1467759,
03/01/2024 15:10,DENVER,CO,USA,Cylinder,,,"Looked out window as approaching DIA, looked down and saw a white pill looking thing below us traveling away from us at high speed",03/01/2024,39.7392364,-104.984862,
03/01/2024 08:05,MERIDIAN,ID,USA,Light,,,"4 lights circling over the clouds, looked like big spotlights but in the clouds",03/01/2024,43.6086295,-116.392326,
03/01/2024 18:30,SCHENECTADY,NY,USA,Triangle,,,Second time in a year! Waited till i saw again just to be sure I wasnt losing my mind,03/01/2024,42.8142432,-73.9395687,
03/02/2024 14:45,DOWNERS GROVE,IL,USA,Triangle,,,Upside down black object with silver glints flying at quick speed,03/02/2024,41.7936822,-88.0102281,
03/02/2024 15:00,LONG BEACH,CA,USA,Orb,,,Flashing orb over the water,03/02/2024,33.7690164,-118.191604,
03/02/2024 22:23,BECKLEY,WV,USA,Orb,,,My captain and I saw moving stars. Looked kinda like satellites.,03/03/2024,37.7781702,-81.1881557,
03/03/2024 15:36,WAYNESBURG,PA,USA,Orb,,,I saw several white volleyball sized and shaped white orbs in the sky rotating all around each other with no obvious pattern,03/03/2024,39.8956327,-80.1848304,
03/02/2024 14:35,BERTHOUD,CO,USA,Oval,,,Saw this object moving VERY fast with NO sound whatsoever,03/03/2024,40.3083174,-105.081092,
03/03/2024 18:32,FAIRPORT HARBOR,OH,USA,Circle,,,Pulsating orb that disappeared out of nowhere,03/03/2024,41.7519155,-81.2723464,
03/03/2024 16:32,PATCHOGUE,NY,USA,Oval,,,I was on the trampoline with my daughter we were laying down and looking at the sky when we saw these objects.,03/03/2024,40.7656539,-73.0151084,
03/03/2024 19:45,VERNON TOWNSHIP,NJ,USA,Unknown,,,Looking west saw strange light that was stationary. It split into two . Visibility was clear. At the sane time saw two aircraft.,03/03/2024,41.1984287,-74.4832132,
03/03/2024 12:30,LAS VEGAS,NV,USA,Other,,,UAP buzzed our military aircraft at the nascar fly over 3.3.24,03/03/2024,36.1674263,-115.1484131,
03/03/2024 22:30,EL CENTRO,CA,USA,Light,,,Blue light zoomed across the desert sky,03/03/2024,32.792,-115.563051,
03/03/2024 23:00,ALTAMONTE SPRINGS,FL,USA,Sphere,,,Had foggy gas following it and was moving super slow. Like hovering over in front of my house.,03/03/2024,28.6619154,-81.3885899,
03/03/2024 22:12,ENDICOTT,NY,USA,Other,,,"At 1st, thought it was meteor, but it kept going.",03/03/2024,42.098408,-76.0493684,
03/03/2024 20:55,DAVENPORT,WA,USA,Triangle,,,Triangle craft moving in crazy way and fast,03/03/2024,47.6540456,-118.149973,
03/03/2024 21:32,INGLEWOOD,CA,USA,Orb,,,Multiple orbs/ lights merging into one.,03/03/2024,33.9562003,-118.353132,
03/03/2024 21:10,BAKERSFIELD,CA,USA,Unknown,,,"In the sw sky moving east ish, a total of 7 orange lights, brighter than stars, eventually disappearing in the sky.",03/03/2024,35.3738712,-119.019463,
03/04/2024 19:45,LOVELAND,CO,USA,Cube,,,Reflective cube seen rotating in the northern sky.,03/04/2024,40.3977612,-105.07498,
03/04/2024 12:00,SCOTTSDALE,AZ,USA,Other,,,Balloon like object that appeared to be connected to each other elevated in SE direction before moving in the N distance.,03/04/2024,33.4942189,-111.926018,
03/04/2024 18:45,VERO BEACH,FL,USA,Fireball,,,"Bright orange trail which then seemed to disappear, and reappear as a milky or cloudy orb in the sky still traveling South..lost sight.",03/04/2024,27.6387163,-80.3975399,
03/03/2024 20:30,ANAHEIM,CA,USA,Formation,,,"3 objects flying in slowly in a straight line formation below cloud cover, then directional maneuvering, vertical maneuvering",03/04/2024,33.8347516,-117.911732,
03/04/2024 19:35,PAMPA,TX,USA,Circle,,,Saw a super bright dot (what we thought was a star) but noticed it was moving so decided to film it,03/04/2024,35.536297,-100.9601552,
03/04/2024 19:00,SANTA FE,NM,USA,Orb,,,We witnessed a hazy orb of light approach from the sunset SW horizon cross overhead and change from a a hazy cloud into a single light,03/04/2024,35.6876096,-105.938456,
03/04/2024 19:25,SANFORD,TX,USA,Oval,,,Shiny but like a light,03/04/2024,35.7019864,-101.534614,
03/04/2024 19:15,LUBBOCK,TX,USA,Light,,,A white-bright light moving to the South-East disapearing after ejecting a white vopor-like cloud ahead of itself.,03/04/2024,33.5855677,-101.8470215,
03/04/2024 19:31,MIDLAND,TX,USA,Other,,,At sunset I was sitting on my porch and saw two crafts.,03/04/2024,31.83688,-102.0103767,
03/04/2024 18:15,LITTLETON,CO,USA,Orb,,,No object was seen only a ring of foggy light in the dusk sky.,03/04/2024,39.613321,-105.016649,
03/04/2024 19:30,CANBY,MN,USA,Cube,,,Strange object observed while inflight,03/04/2024,44.708853,-96.276434,
03/05/2024 03:17,VICTORIA,BC,Canada,Disk,,,Silver Craft Object With Red and Green Light’s over Victoria (Hillside and Oaklands Neighborhood),03/05/2024,48.4283182,-123.364953,
03/05/2024 00:20,OCEAN SHORES,WA,USA,Cigar,,,Glowing outline of something huge slowly pulsated thru low clouds as it moved silent and slowly along the beach,03/05/2024,46.973703,-124.156277,
03/04/2024 18:35,ALBUQUERQUE,NM,USA,Changing,,,watched from my front porch,03/05/2024,35.0841034,-106.650985,
03/04/2024 17:30,PUEBLO WEST,CO,USA,Orb,,,"White orb descended to 1000 AGL, exploded with a white halo, smoke and changed direction.",03/05/2024,38.3558615,-104.711211,
03/05/2024 10:56,FAIRMONT,WV,USA,Circle,,,they were both stationary for the few minutes I watched and then they both flew straight up and through a cloud,03/05/2024,39.484898,-80.1426539,
03/04/2024 19:27,STILLWATER,OK,USA,Circle,,,"Driving westbound just after sunset, a glowing orb of light in the SW sky was hovering and moving sound a localized position.",03/05/2024,36.1156306,-97.0585717,
03/03/2024 18:02,ASHBURN,VA,USA,Rectangle,,,"Black square was hovering, and then it disappeared and reappeared again",03/05/2024,39.029784,-77.4744148,
03/05/2024 20:38,EAU CLAIRE,WI,USA,Other,,,An object with two flashing lights hovering for about 5 minutes no sound.,03/05/2024,44.811349,-91.4984941,
03/05/2024 19:00,JOHNSTON,IA,USA,Oval,,,Fixed cluster of greenish lights traveling from east to west in the northern sky.,03/05/2024,41.6731523,-93.6973395,
03/04/2024 18:45,WHEAT RIDGE,CO,USA,Orb,,,"Orb with halo moving NE and then S, about 20 angular degrees per minute, in 90 seconds of time, in S metro Denver at dusk",03/05/2024,39.766098,-105.0772063,
03/05/2024 11:37,KANSAS CITY,MO,USA,Light,,,"A light, the size of my hand, not round, moved through the sky almost like a fairy or dragonfly would.",03/06/2024,39.100105,-94.5781416,
03/04/2024 19:29,AMARILLO,TX,USA,Fireball,,,Glowing light moved slowing across sky and then expanded an apparatus in front of it for a few seconds until vanishing.,03/06/2024,35.20729,-101.8371192,
03/05/2024 18:20,MOUNT VERNON,WA,USA,Unknown,,,Driving home from getting pizza when noticed a bright light in the sky from afar,03/06/2024,48.4200462,-122.32642,
03/04/2024 01:30,PAWLEYS ISLAND,SC,USA,Sphere,,,Broad daylight. No noise. Looked white metallic,03/06/2024,33.4293486,-79.1215912,
03/06/2024 21:11,PENSACOLA,FL,USA,Unknown,,,Three white lights that moved together,03/06/2024,30.421309,-87.2169149,
03/07/2024 02:45,SIOUX FALLS,SD,USA,Chevron,,,Very large chevron descending.,03/07/2024,43.5476008,-96.7293629,
03/05/2024 12:47,CORONA,CA,USA,Orb,,,Initially we observed a ballon like object floating in the sky that moved and converged with a second object,03/07/2024,33.8752945,-117.566444,
03/07/2024 19:10,WEST FAIRLEE,VT,USA,Light,,,Very bright yellow light in the low sky that changed to a very dim red blinking light,03/07/2024,43.909356,-72.2629891,
03/04/2024 18:50,ALBUQUERQUE,NM,USA,Orb,,,"Two luminous orbs of light, no exterior propulsion, highly maneuverable",03/07/2024,35.0841034,-106.650985,
03/07/2024 19:05,LOWVILLE,NY,USA,Light,,,Lights in a string very oddly lighting,03/08/2024,43.7867132,-75.4921977,
03/08/2024 20:26,LAKEWOOD,CO,USA,Light,,,"A hand above the horizon, streaking from NE to SW an orange, yellow, round light appaered and disappeared.",03/08/2024,39.7085736,-105.0846694,
03/08/2024 21:30,SOLVANG,CA,USA,Cylinder,,,What is this?,03/08/2024,34.5960743,-120.1383736,
03/09/2024 18:30,ORO VALLEY,AZ,USA,Other,,,"Bright white with some translucency (seeing “aura” listed as a characteristic below is appropriate). One of us saw some red, also.",03/09/2024,32.4000525,-110.955317,
03/01/2024 22:01,WAUKEE,IA,USA,Cross,,,Saw a dark object flying northwest in night sky.,03/09/2024,41.6118485,-93.8845129,
03/09/2024 10:38,THORNTON,CO,USA,Other,,,"I saw 2 potential UAP's, 1 that was a morphing blob and 1 White Cigar",03/09/2024,39.8695516,-104.985181,
03/07/2024 18:20,TALBOT,OR,USA,Light,,,Bright ball of light blinks away,03/10/2024,44.7609542,-123.0962066,
03/07/2024 18:51,LOCUST VALLEY,NY,USA,Disk,,,UFO went across the sky slowly,03/10/2024,40.8775225,-73.5723052,
03/09/2024 14:45,MINNEAPOLIS,MN,USA,Rectangle,,,Metallic silver object that was highly reflective,03/10/2024,44.9772995,-93.2654692,
03/10/2024 20:30,HERMANUS,Western Cape,South Africa,Changing,,,Grey object whilst stargazing,03/10/2024,-34.4175,19.2361111,
03/10/2024 15:14,REDONDO BEACH,CA,USA,Egg,,,I'm a photographer and I was on the pier shooting images of sailboats and the kite festival. You can see the UAP in the photo.,03/10/2024,33.8398289,-118.3845942,
03/10/2024 21:13,SAN DIEGO,CA,USA,Cigar,,,Red light appeared with a comet like wake traveling west to southeast over San Diego,03/10/2024,32.7174202,-117.162772,
03/10/2024 21:10,SANTA MARIA,CA,USA,Other,,,"Driving on highway, mom sees bright sphere being powered by some sort of fire. Then shoots something and goes away.",03/10/2024,34.9531295,-120.435857,
03/10/2024 21:09,SANTA MARIA,CA,USA,Circle,,,It was near by north bound on hwy 101 mountain or hillside.,03/10/2024,34.9531295,-120.435857,
03/11/2024 02:55,ST. CLAIR SHORES,MI,USA,Unknown,,,I viewed an extremely bright white object falling rapidly with orange exhaust almost in lines.,03/11/2024,42.4969652,-82.8890965,
03/03/2024 17:30,LAUDERHILL,FL,USA,Circle,,,"White circle met up with 2 more white circles, formed a triangle, flew upward into the sky",03/11/2024,26.1403635,-80.2133808,
03/09/2024 20:24,PALM SPRINGS,CA,USA,Chevron,,,I saw a massive dark V-shaped craft covered in small lights traveling across the western sky and over the San Jacinto mountains.,03/11/2024,33.8246269,-116.540303,
03/11/2024 07:58,LENOIR,NC,USA,Oval,,,Two white/metallic oval-sphere unidentifiable objects moving in unison through sky at a steady speed.,03/11/2024,35.2590371,-77.6484879,
03/11/2024 21:30,HOPEWELL,VA,USA,Formation,,,Six or seven lights on sky. Seemed quite close.,03/11/2024,37.3043154,-77.2872001,
03/09/2024 17:40,EL MONTE,CA,USA,Other,,,Two lights were flying in the sky by the craft or ship they were attached to was invisible,03/12/2024,34.0751571,-118.036849,
03/11/2024 18:47,PRETORIA,Gauteng,South Africa,Other,,,Object flying across the sky with very unusual shape and color. Emitted no sound or light,03/12/2024,-25.7459277,28.1879101,
03/12/2024 04:40,FORT SMITH,AR,USA,Unknown,,,"Immediately after watching Space X Dragon flew over us, an unknown curved shaped object flew the opposite way. No lights. No sounds.",03/12/2024,35.3880338,-94.4265011,
03/05/2024 16:42,TAMPA,FL,USA,Orb,,,Saw Orb shaped object over water,03/12/2024,27.9449854,-82.4583107,
03/12/2024 19:50,CĂLAN,Hunedoara,Romania,Other,,,"At night, it was made out of multiple ""light orbs"", moving in synchronicity. The light orbs were in a Pentagon shape formation",03/12/2024,45.7348308,22.9972247,
03/10/2024 22:00,PHOENIX,AZ,USA,Orb,,,"Flew in a large oval, about 2 miles, size of a car, flying about 12,000 ft high about 40(?) mph",03/12/2024,33.4484367,-112.074141,
03/11/2024 22:11,OSCODA,MI,USA,Fireball,,,"Stunningly well-defined ball of white, green and red colored lights, as it was falling!",03/12/2024,44.6789109,-84.1467693,
03/12/2024 11:00,PLATTEVILLE,WI,USA,Changing,,,5 Crafts in Formation,03/12/2024,42.7342942,-90.4784451,
03/12/2024 20:20,ORACLE,AZ,USA,Orb,,,3 bright orange orbs in a line would fade out and come back minutes later changing direction and then repeating for 30 minutes,03/13/2024,32.6099702,-110.7651843,
03/13/2024 22:56,ROCHESTER,NY,USA,Egg,,,8 egg shape crafts moving very fast in a v formation.,03/13/2024,43.157285,-77.615214,
03/13/2024 20:46,KETTLE FALLS,WA,USA,Unknown,,,"Dark patch appeared, blocking stars. Blinding white flash in the center, object disappeared",03/13/2024,48.6105163,-118.056337,
03/09/2024 12:14,JUPITER,FL,USA,Sphere,,,I was driving north bound on 95 coming home from a camping trip and my son and I saw a floating orb. No mistaking it as balloon or plan,03/14/2024,26.9342246,-80.0942087,
03/15/2024 04:45,OCONOMOWOC,WI,USA,Circle,,,Seen in a farm field,03/15/2024,43.1116731,-88.4992659,
03/13/2024 03:20,IDAHO FALLS,ID,USA,Chevron,,,"Inverted v shaped, 7 bright lights,fast moving , no sound traveling north to northeast",03/15/2024,43.4887907,-112.03628,
03/15/2024 10:53,PASCO,WA,USA,Cylinder,,,"Spinning upright cylindrical object descends, hovers in place and drifts before ascending more quickly.",03/15/2024,46.2306739,-119.0921,
03/15/2024 12:30,SPRINGFIELD,OR,USA,Sphere,,,"30-50' diameter light burnt orange sphere which came from the west/southwest over my farm, flew for 20-30 miles before disappearing.",03/15/2024,44.0462362,-123.0220289,
03/15/2024 20:25,LARGO,FL,USA,Triangle,,,we saw the object approaching our location from the north east at a high speed,03/15/2024,27.9094665,-82.7873244,
03/15/2024 21:11,CINCINNATI,OH,USA,Orb,,,I was walking from parking a truck I looked up admiring the night sky when something caught my eye 2 orb like objects.,03/15/2024,39.1012809,-84.5127405,
03/15/2024 20:20,BAINBRIDGE ISLAND,WA,USA,Changing,,,Bright white light moving slowly then turned red and receded until it disappeared,03/15/2024,47.6515096,-122.5246791,
03/15/2024 23:36,DAYTONA BEACH,FL,USA,Formation,,,Eight lights abreast flying northward,03/15/2024,29.2108147,-81.0228331,
03/14/2024 16:45,HARWINTON,CT,USA,Sphere,,,Driving on highway in a wooded area and saw a chrome like sphere object hovering in one spot quietly.,03/16/2024,41.7712085,-73.05983,
03/16/2024 01:30,LEICESTER,MA,USA,Oval,,,One smaller yellow oval shaped out of nowhere toward the larger squarish shaped object and hovered than both slowly disappeared,03/16/2024,42.2459002,-71.9081505,
03/16/2024 12:15,SPOKANE,WA,USA,Changing,,,"What at first glance appeared birdlike., not so much no",03/17/2024,47.6571934,-117.42351,
03/15/2024 23:18,SPOKANE,WA,USA,Other,,,"Barely visible, like it was camouflaged specifically for human perception, only the movement gave its shape away",03/16/2024,47.6571934,-117.42351,
03/16/2024 23:40,IRONTON,OH,USA,Other,,,Spotted silent key like objects in sky,03/16/2024,38.5367471,-82.6829406,
03/04/2024 23:00,ORLANDO,FL,USA,Orb,,,We watched the space x crew 8 launch. After we saw 4 orbs of light.,03/16/2024,28.5421218,-81.379045,
03/10/2024 11:43,LAGUARDO,TN,USA,Orb,,,"The cluster or orbs were kind of stationary, but moved about within the group.",03/16/2024,36.2964399,-86.4436044,
03/16/2024 00:12,CARRIZOZO,NM,USA,Circle,,,"My parent’s ring camera capture the object slowly moving across the sky at 12-12 am to 1:10 am, it traveled from south to north.",03/16/2024,33.6451866,-105.8775111,
03/15/2024 04:07,CEDAR RAPIDS,IA,USA,Light,,,3 white lights suddenly dart & turn,03/16/2024,41.9758872,-91.6704053,
